V1,V2,V3,V4,V5,V6,V7,V8,V9,V10,Amount,Class
-0.3144679752962075,-0.45996387879432327,-1.0298717086184888,1.1754685797135316,0.04992754116397641,0.6441783323389807,1.3870081597793713,0.11144056613756122,0.6330691385843761,1.0061279918531971,74.61,0
0.1015632461136438,0.5755707863410261,-0.0689549358863766,0.9338444912752543,-0.7702650516930885,0.7588364985339501,-0.4054844779240984,0.9653272612163846,-0.919629190413562,1.170030690291174,355.84,0
-2.3918707464546625,0.6141274733268411,-1.5498637707448504,0.20031341046569548,-1.1064134795439413,0.011056586425675818,0.7218060507965697,-1.1289026016679786,-0.3288748673259002,-3.3126129842191387,460.59,0
1.5113318806682443,2.4813416646317576,1.2506936158287771,-0.2077700450090054,1.2743344848775098,0.2659309653549147,1.3329443014481814,-0.06528478735725209,0.6449856985324834,-0.5454426378398914,402.53,0
-1.9103146205845227,1.9284615337836366,1.6850303984887596,0.5518114185183377,-0.5054327551780591,-0.2795737623443129,0.20034376850807517,2.3453376768001952,-0.11536467527623907,-0.6107187982534857,470.32,0
-1.1359008079092687,-1.5556845017206264,-0.8657073863760516,1.368624505519802,-1.7390888440296914,0.36214049165177525,0.02879259866436875,-0.18556047528566894,-0.9605664804713291,0.5579924979647116,6.05,0
0.14350273124882404,0.738502346347458,0.39841898025471856,-1.1329090950778082,-0.3208920177749104,0.21477850006987256,-1.616697828986847,0.9101036554123488,1.4323010775202707,0.2374460770854581,89.75,0
-0.4067764265691112,-1.4844874368432603,-0.48183434498400657,0.6010000196810432,0.9367148590628965,0.6905558619281789,-3.6699587337558053,-1.051837430130866,0.6036277550855579,-1.3003612179792898,309.45,0
-0.6454885480163037,-0.8135503966182548,-1.561356648579305,0.6761440008504344,0.6346609666563235,-0.05098321315201334,1.4768456680647046,0.5576094679169772,0.1599554786208801,0.07170586922056713,211.68,0
0.8648053037633886,0.46386470611011704,-0.6363219760091138,0.4451982423272054,1.0495362962021029,1.4722647384087173,2.395399685024128,1.3805628431797052,-1.1930721574199628,0.4007370019708625,382.77,0
1.061463876883561,-1.5823739852103065,0.2218133644323044,-0.4439185093914657,-0.6266201934519751,0.4319088722209233,-0.9504433409072739,-0.7631672549595049,-0.5594443114100046,-1.217184869110111,34.16,0
-0.5382527065323087,1.4690822394196332,-1.048575211143934,0.09677604450320136,-0.11591129679067447,1.76062398683243,0.8132209959116667,-0.0551845629870094,1.5672430219291016,-0.6380160886301374,315.57,0
1.5784778289821293,1.3695356584294447,0.2450620563804887,-0.6153271402458173,1.3116912456227596,0.7708110672000253,0.7604866365289076,0.3553149719178926,-0.3355714241440583,0.627069743329402,464.71,0
-0.8524766233251994,-0.736517909980525,1.506174633986824,2.583177267367326,-0.19991316743518062,1.1494182115172407,0.36173952874851806,-0.11857434379282966,-0.23830373743825445,1.473227368558957,115.22,0
-0.2747536880768132,-0.5488738501202193,1.158918247808757,1.5811566212378128,0.8029836837167847,-1.6812796688216531,-0.18954976143717836,1.417857847445791,0.2126375160654707,-1.504889116087249,340.62,1
0.689317107065643,-0.31921017355866704,-1.0345581380527153,-1.4049181719997177,0.19785549352958237,0.6930481404997404,-1.001715259497558,-2.0715074097371646,1.1203812985689232,1.3206240773898548,172.23,0
-0.8679891959258788,-0.31106766867567126,1.7965928950704442,-0.8349632273075208,0.5543413522451657,-0.3377545628840722,-1.106911103809048,-0.6021807296954176,-1.4831609034629147,-0.45092446099562933,185.85,0
-0.8649586719449776,-0.09523586250986792,1.62635520081946,-0.4264082100919386,-0.5271147704322328,-1.0607321928029838,1.2250202119913618,-0.02860618773057398,1.6302801158404878,-0.45135826213022745,257.73,0
0.4259123040884713,-1.3121250815691066,0.32617208329714625,1.4005190328707555,0.2335891277789794,-0.48031580692563647,-1.8838119756423612,0.5427603220241715,1.2360703874864125,-0.01909697527161586,152.0,0
-0.7698085126516833,-1.4469759697085074,0.01666399260651852,0.2087259153403871,-0.5069962102960561,0.6058362016952814,0.2217451549791645,0.37286864256836466,1.1837286962529887,-0.7710716065899106,483.34,0
-0.30202998834144273,0.8308173254413416,-0.20567708735226803,1.2434813885089502,-0.8577116983603147,1.023557907837396,0.7358517965014286,0.37333072712834,1.5223278566518335,-0.1113154122814864,22.3,0
1.1613292095074335,0.18908842578867752,1.117667458652063,0.6866160034822685,0.22789676612087922,-0.6054188557044231,-0.5209004298814349,0.42657178609169566,1.4764424291594729,-0.12821879734850056,366.84,0
0.4120064918636379,0.018727817935987795,0.9683735564855318,-0.16864430068470296,0.10598369181478272,-0.8814056894038735,0.43753901234309484,-0.9430105603180194,1.714332522360854,-0.6267734545402932,41.07,0
-0.08314388436359663,-2.2010175521552355,-0.5416620165407454,-0.45189186664057845,0.9970882995222285,-0.7282125816194082,0.21215033624560273,1.4296554181884493,0.5019623547005777,-0.5086130467705134,427.03,0
1.2973752474004931,-2.1828126082905666,0.5051793556563128,1.1695595667464325,-0.9849068062428324,-2.3801864594569397,-1.0301597937001792,-0.19596344556516346,-0.8618867333313621,0.46224278506473276,238.71,0
-0.9881133473959086,-0.21066110939917237,0.860408466637435,0.19572719985547418,-1.5274255802641388,1.5541663290873704,-0.15722172205551896,0.3383374473334725,0.8671698601239576,-0.982865597423228,112.2,0
-1.4759524623337579,-0.7493929833992002,1.6773322609997319,-0.2541825683705257,0.7748332623531278,-0.5013207631646047,-0.27983087084288044,2.25540767425847,-0.1620548001587567,-0.8347768161065718,245.72,0
0.056290132192948344,-1.613668528302634,-1.3144192220961894,1.1121916487853911,0.2876161766937382,0.24503189994414667,-0.17920967245953565,-1.2682545255698552,0.9409692796865885,1.680379541424063,477.73,0
-1.4499170681013165,0.4463341235547861,-1.757725105157187,-0.6110478897268149,2.2048309585259673,1.0408688462853208,0.44258311979589093,-1.764740054284645,0.9325345672898716,0.26657282936948773,82.21,0
-0.33877818843327784,-1.0327426893810123,-1.1269955918870131,-0.8374111061480797,0.6484526920709736,-0.10935841680117839,0.07960299246567998,1.221033637723767,-1.3320032642707063,-1.9699695717240577,302.76,0
0.7850554844544254,-1.2314045539199263,-0.5270609867458931,-0.31974787515324976,-0.1455826238850059,-2.0189282765672134,-0.09812602300900501,1.7660619136175166,-0.31220656717275874,0.21559900856634176,237.48,0
0.9047827607360254,1.2764928199514434,1.2703716701953043,-0.470488180726378,0.5632706226819095,1.713692173596705,-0.3714200142040258,1.5238197413841659,-0.4683821551319025,0.11100863212442616,348.98,0
2.193016838762526,-1.019463156575601,-2.2194171428877483,0.585724147028596,0.9594939402816186,-0.3684246961364042,-0.22294017099814384,0.7549602160658412,-0.5847779649144822,-0.4375768108680778,87.11,1
0.8529941092101112,0.9445927715141414,-0.0056791018740984245,-0.7914506214417633,0.8110499731969194,0.30359067996496814,-0.9246717604224705,-0.9165533317008836,-0.43830365091259416,1.3849826463881183,298.01,0
-0.9945361524030311,1.9232746610373384,1.2996348864252822,0.6719316040842388,-0.4942503617848155,2.1283934230208046,-0.01883825115553098,-0.6317709625037158,-0.4266146060485507,-1.5493787860451314,425.52,0
-0.963257840945684,-0.762782339499649,-0.14105907733697828,-0.2101053504042202,-1.445195487754929,-0.3801492964389649,-0.2723458339855648,-0.47359125622114695,0.22078987410451284,0.3551306055120446,13.26,0
0.5548300409058695,-1.38086363910157,-0.9425974774893919,-0.6265062706360323,0.7742607264263519,0.22764681461795913,-0.18302565306244903,-0.15622761592934983,1.2488992501630949,1.567069539260337,401.39,0
-0.18879785672571497,-0.5887622866575047,-2.1524286308123703,0.4196952950859056,0.04685147717666871,0.9168438541994064,0.9649969918060806,-0.12218172786422075,-1.3364641401957764,1.3490677390046955,237.57,1
-0.7422062252933415,1.4070557212782209,0.7109757734030941,-1.944601335782837,-0.4135179797524039,-0.6724301498678367,-2.9439324177940542,-1.4077445274711893,-1.5606262808770988,0.9165744719987584,96.26,0
-0.6120670931000767,-0.16499471706438237,-0.010121292199144096,2.200361389240765,0.006128686478278371,-0.5907801633152199,-0.6610860578419784,-0.44684609375120243,0.42422876555526406,-0.3265084651628914,304.33,0
-0.9763771741421994,0.053398714825007354,1.2084105526096778,0.1161957021603623,-0.5897035707579747,0.17088449542607873,-2.2172691409657643,-0.2574200662821706,-0.894911315981194,-1.8570586820881239,150.37,0
1.3873100958754117,-0.5436505417238211,-0.8637306395035006,0.058991101024862415,-1.4750110899237596,-0.7082328353332572,-0.7593155852045511,-0.2425687094707104,1.992639101795531,1.6642611455828666,492.59,0
-1.5614243911959556,0.023732396334624057,-0.689473533648526,0.26066712177094964,-1.4504647256326957,2.048295479471671,-0.10068600582327379,-0.6596654255944129,-0.7577742283635153,0.1646343566241958,135.78,0
-0.9514550822778153,-0.6446370179567779,0.399288427516221,-1.24270461809963,0.16550354390866442,0.4675454017988847,-1.524187679945255,0.1128117205209384,0.07382967601864747,0.8624711118880498,357.43,0
-0.3635293256620188,-1.0422197949356697,-1.1759030401874377,-1.39750426167594,-0.08904493456926257,-0.9269671115132484,1.0584508638810761,0.07322735138603734,0.34816019493653083,0.09578277534691954,251.19,0
-0.18926107923485325,1.2656393459006656,-1.7434600383006567,-0.030061085940608058,-1.4912495255004827,-1.8432516836980744,-1.3816457782287588,1.9024979563551372,-0.4198918529409441,0.09009834504714755,197.73,0
1.507995842198808,-1.1056137655941023,-0.2264442059077473,-0.30873056857250547,0.8671580101252411,1.2428492057691563,-1.0854854408618313,-0.8123868978978044,1.2194741691714153,-0.7721928850400219,263.12,0
-0.26814925635912323,-0.5146939078132644,1.002369893135576,0.29651801016633733,-2.017401219489434,-1.0753588442290902,-0.4620006859441388,-0.15422438820527684,1.3989402060835074,0.2950188812195944,152.97,0
-0.29308380628281405,0.3315272785421605,-0.09877052106268805,-0.6881358210219161,-0.9099951285333082,-0.36088698706362216,-1.188505063823862,0.1063385459046518,1.0897119033756875,0.6032405555070063,231.09,0
0.762432823682139,-0.853297490646857,-1.3132254453172902,0.8353453809819351,0.2895522123661672,-0.23571163797622938,0.6313540542017368,-0.28386232735931266,1.619388046525391,0.6371572424304658,187.87,0
-0.03306635813829408,-1.5167106481930743,-0.5479209044426723,1.2247408328845288,0.6303000939319957,1.6370979242019033,-0.9240408422772968,-1.7614811400170216,0.8898026730117968,0.8453052389934664,323.75,1
0.09690714681536176,0.9746355330278315,1.4632260632691798,-0.2924884365023527,1.399083543675567,-1.7121292254057132,0.09704797201447,0.05945254075009486,0.3175036813240187,0.7683409683512659,361.19,0
0.9626109506974372,-0.4871817172967695,-1.1053689574581682,0.8959823556908956,-0.9004856430870803,-1.6443006101760074,0.34605537414590765,-0.2982929767043038,-1.4947400765613692,-1.4282043181472892,384.42,0
-0.14927790184298334,-0.414091605077615,0.4005881508566251,0.27114488853597746,0.3421759963034371,-0.8493376731969801,-0.20691891673454846,0.44116459184276074,-0.21990412079687807,1.0835598393142531,393.19,0
-0.4941115694910588,0.5554187846314929,0.15297280608767777,-0.6881690765944326,0.8113548749758502,-0.6183335172257768,0.5526839228236679,0.8033910491123499,0.8169427622449741,-0.004439330338172364,177.11,0
-1.2402127688272795,0.3314555008567874,1.6634813588677448,1.7965327658301573,-0.7638623180129409,0.2671135488546533,-0.8448654752613499,1.6486045162650085,0.7216092936955987,0.1894094600396965,307.89,0
0.6358627057070779,-1.980733524368447,-0.4360950185792666,0.3112385642019141,-0.915690256105176,-0.36666636280147014,0.4658000708106699,0.5818995871765965,-0.2644978156230176,-0.04954936410286822,253.39,0
-0.9448967923414181,-0.6777956507487337,0.7551794007392598,-1.0614343636158818,1.0263191615302643,1.0382755762811424,0.5073461136725675,0.5536174523340025,-1.2906291621274568,0.6011789259137527,320.22,0
-1.0698907199265533,-1.774468029933664,0.3225720634822621,1.8340091950014223,-0.6878775250119892,0.48875595136499006,0.4642718738253185,0.08496616995069493,-1.4913826609813516,0.23187038618158967,177.31,0
1.5456960359128167,0.9994369949357426,-1.8759172355262905,1.1416708566594045,-0.032902936436029095,1.289487650901939,-1.4519585129633408,-0.5834295254648458,0.07598641032175861,1.2689242258760267,96.08,0
-0.17238449374610487,-0.531958515518843,-0.13950162428334656,1.929760944948422,-0.9840877722124381,-0.4229960648082889,-1.0097774034194762,0.5187679797033788,-1.0054260950533018,0.13837009789988694,363.12,0
-0.7886486041944389,0.3986001248374855,0.1852270977642559,0.8659417333389642,0.5035243377505652,1.2108180478408068,2.2564545397658082,2.3254590763256906,0.4393674497009635,0.26130208696402646,189.4,0
-0.3462668054952545,-0.252056248846936,0.3065910092811098,-0.8995368973844498,0.6191535706394689,-1.8272037282316318,0.1556540226723641,-0.8043654326188262,-0.36102082965810006,0.5829542718259113,366.05,0
-1.0756152880426033,-0.6801877343151915,-1.182791241432216,1.3115262046025438,-1.9511537823700384,-0.45878771487460973,0.8418242717992523,1.1258246160738954,1.1603998566343257,0.723221534441353,353.86,0
-0.8661350972886435,0.17842916653368482,-1.7700284991333817,-0.7457093336493213,-1.0925651302176174,-0.5663024127676842,-0.12235625822762096,-1.2328844550489102,1.3625735085157586,-1.2642048335078042,496.64,0
0.30848776768508446,-1.7043228935739114,0.15239743407773365,-1.286069931583921,1.2610558547316841,-0.07810003737507193,-0.5179448703864806,0.49574640909888756,-0.1514231556615412,0.6029664157438396,183.13,0
0.9457810620141787,-0.19856723521704808,-0.06862274415511109,-1.220047487105845,0.9758482224746987,0.0968354155488801,0.6247664739726776,-0.38665653324293003,-1.8074729619468375,-0.7955596060329918,341.58,0
-2.323616347090539,-0.2723244319653324,1.165750411972984,-1.0981913493731719,1.8083274683070711,-1.0053659290532733,-1.8145845319027842,-1.192851033797435,0.5930761815544068,-0.2381915686407663,346.75,1
0.7000116981760675,1.2020562737975031,-1.0242732030850148,0.5330884935419812,-1.4456102123942802,-0.983306055068996,0.4578556689021345,0.9387477882367816,-0.45812367553431227,0.38208750926993634,469.33,0
-0.3968763216570947,2.759200294511641,0.09912082639856985,-0.014784785206024848,-0.9532049820748898,-0.12961292616490555,0.3200384297669327,-0.24449667820389748,-0.6138575511580519,0.6232979860313832,249.68,0
-0.4897954493996189,0.9211277246832864,-0.6308688984812357,-0.6439451727196979,0.7970893771072879,0.6318987121800135,1.4372968822461285,-0.9033281016159792,0.09646620913716106,0.8999969554060341,332.58,1
1.3140897450395042,1.005113893484569,-0.08712653835802714,0.5024007992401864,-1.371759846798616,2.472957863608263,0.37406784225469847,-0.15559377397825874,0.7712321443998567,-0.0188883943881339,377.49,0
2.002151497492437,2.1738893506710917,-0.5960795007750777,0.1410597684330781,-0.025514305359202263,-1.860209826925546,0.670405472306897,0.021544993895646212,0.7331879090439806,-1.29890430025531,494.73,0
1.2964034054552487,0.024107097296358244,-1.5861238539112539,-1.4317813223059614,-0.04448654468994687,-0.5119711098624048,-0.8953976457990248,0.34744077480334,0.4355972389905053,0.2469369054020336,229.83,0
-1.324432876715508,-0.09846196945495968,0.15607353261180987,-1.2502188918521415,0.4541142113143796,0.23518552075411372,-1.7009421565299057,-0.9048677320487962,-0.07755042214451315,0.7271636744325636,128.67,0
-2.7579940215890817,1.1139207800553086,-0.36044085265695053,1.1220042577072238,-2.5021784978093806,-0.9578587517159158,0.5983416166874254,1.0512177306587567,1.3348943598255156,0.9146867202549749,302.94,0
-0.02784273600438404,0.5798352141512606,1.3278795027207213,1.0952940464925753,-0.4399428471936988,0.7417586143894606,-0.0033933671133058556,1.3998890450405557,-0.4995449990267828,0.7316105859049962,217.31,0
1.0444001286655622,-0.9016087498569479,-0.5044767227958407,1.888114154801225,0.7096663626203846,1.4788016466033571,-0.5808248716931919,-0.8248621376619474,0.18789700732917639,-0.506940014389446,49.51,0
-2.4767578116117686,1.326983849787225,1.687369563640625,1.3665361729770964,1.6416089696567944,0.6500511035778376,-0.28068493441501446,2.257514594135028,1.5128647439175502,0.803080949467427,223.41,0
-2.532213843338382,0.21585768233383096,-0.30635632944396707,0.3620192762260727,-0.7906573880529469,0.4147521825443661,-0.7526523368440666,0.7562327486703917,-1.0225869961965035,0.30341016992829145,347.39,0
0.2513966871550484,0.31492019343005,-0.36815271998637555,-0.5094414729657023,1.2518449193602728,0.10596800400948042,-0.3871049268303452,-0.3315032256845578,0.5639547272032883,-0.7022202710001396,229.82,0
-0.31564338492930594,-0.5390439434856797,1.6030866276270377,-0.3201017859405708,-1.099362959520335,-1.2286534539340528,-0.47657377950321567,-0.3521096597142206,0.11554892562328407,-0.7128562287219617,285.95,0
0.022207766490648498,1.5976882813564273,-0.13381479188205478,1.2044099948500553,0.16678050372862271,-0.6873592666716641,-0.6550858102938483,0.37417411730159655,-1.8801283781993356,0.21848542549218858,355.0,0
-1.1545060946551489,1.1016197577578901,1.2143608877826504,-0.3105902951447505,2.2195138759140987,-0.7473348739604925,-0.9893509057517039,-0.2879654096652068,-2.627155448545441,-0.0737036592300446,254.15,0
-0.5401594550167879,2.3703887314544754,-1.176958371015977,2.4231218474702656,1.1529563474997573,-1.6013654754544067,0.19857534827278867,0.5853845757570632,-0.09843026364562157,-1.3161925196507356,48.8,0
-1.0572162896603463,-0.5986597906005989,-0.4126226871833091,-0.2417695134012201,-1.552530884678529,0.4099340718522469,0.4594901113397092,-1.5497602324982005,0.5051040618413541,-3.093202585024126,346.23,0
-1.1528478943401952,-1.1865230915472877,0.7254136206241615,-0.9828468164059353,-0.6867193209353882,0.7359879547126765,-0.32861683402902253,-0.6233450052104782,-2.3247230343356864,0.4925225287830268,97.49,0
1.0942561178013575,0.016818932348794214,1.0107096776550584,0.2617056735394679,-0.7045183251044089,1.1955822636598445,1.0547699854680859,-0.2527227431578792,0.5121202567017814,1.7707929568986724,358.11,0
-0.4272902155031478,0.8408932956636677,0.6669310349173521,0.23961232747902028,-0.07451327848339756,-2.2175258727541842,1.1836254090237723,-1.0277867598276673,0.37487669830741593,-0.5476228795338011,153.74,0
1.6107805049734039,-0.8205917189615219,-0.5538070991279275,2.141294608441023,0.7637736251895857,-0.6704585342023174,-0.2947815483589324,0.4556865651457158,-0.8862041624528645,-0.5254754062259421,268.68,0
-0.15559166948807904,0.29797891982469915,0.6333219554848738,-1.5848243827115953,-0.5651010111557102,0.095705380647963,1.2617028608852356,0.08696312427091625,0.902930751489361,-0.5691653681690264,32.66,0
1.1927212791486757,-0.20094474012298347,0.9323838667843828,-0.06751441552619822,0.886703975950951,-0.2614704394596412,0.3421133253665628,-0.049188466424099644,0.14477982862277475,0.7274161281769337,143.3,1
0.7451172315106982,-1.3005837879523408,1.1399211526761917,-1.316137996829329,0.35724081037209204,-1.1601613796940005,1.1089951471297017,0.9908019814582901,0.17941515653903126,-0.721173159043753,462.38,0
2.299581973092937,-0.3115604456306545,-0.6083130144997292,-3.602710150197392,-1.5090034439499342,1.2922822606970548,-0.19871495612688117,-0.4844620532981702,0.6651097445356249,-0.6555915883075009,262.77,0
-1.261982356831969,0.4611866073263413,0.49572535253176386,0.6056763545998185,-1.7462846712479572,0.7828782592043033,0.5547080892264122,0.34809130590213777,0.42823513861209017,0.43202311859015397,453.91,0
-0.836520788146396,-1.1175774012455775,0.749808832397705,-0.19333513517050144,1.7390312718947722,-0.4617940991680647,0.027742112811797604,-1.2515854447620725,-1.122154201895322,-0.6523445692807714,469.94,0
-1.1414938466052607,0.9617469375353688,0.9489063082157412,-2.1866016099861953,-0.9944466776393255,-0.5685769565452722,0.4758091018538241,-0.39259478567803174,-2.9140983803775526,-1.567934448091695,138.86,0
1.4888548602557543,-0.7514426792086969,0.5352481572574161,0.7999542978562839,-1.4280930859231826,-0.07321981379172315,1.732275318253983,0.3201557346751172,0.11020303564210575,-0.019473524401531692,453.01,0
1.2184036038422528,2.160225733835326,-2.078930855402725,2.2911937398583433,0.5742055637777844,0.7512474535251995,-0.33926411892503117,1.9224512310248432,-0.010172639684331991,0.08516555933875747,328.94,0
-0.8477732143569854,-1.2090081633693905,-0.9923146491332431,1.0737131495963452,1.2261675020254141,0.9811308986232975,-0.08981745934975718,0.903502896502826,-0.7694624469235072,-0.01849150802104409,272.29,0
-0.5466716914174906,-0.7166466074995318,0.19146488018009888,0.587204637665502,-0.29190780885114853,0.6252868805227432,-0.01604311356367789,-2.0757901666941843,-0.9208336178315081,0.41651992242434854,202.92,0
0.46149768575434136,-0.49830935254589837,-0.9239594777272963,1.368100191627435,0.7190288986266268,-1.9681404540656224,0.10646786844101166,0.06337316252836464,-0.7126778713652879,-0.1899500391145185,126.5,0
-1.313847523231394,0.8274135707499469,1.4622502867710556,-0.8778693267945834,-0.23468485676944176,-1.108850519554984,-0.4157925555635036,0.6605552963562401,-0.16291741481281552,0.7451860502372191,199.9,0
2.279526507570419,-0.5982089166961313,0.16424631031383918,-0.39872941968588865,0.71479290982511,0.06947876973921573,0.2366806811945732,0.02126477758583322,-0.08368724336385826,0.39892944786947826,327.04,0
0.17273432064224575,1.1500958365503475,-0.17096730994899534,1.7353746337870923,0.20962610497648287,2.2893084813952442,1.3295141001109376,-0.0836580097437799,-0.2960248014888655,-1.2582281648290556,181.78,0
1.5138279930708378,2.1629263818255153,-0.6614422172483766,0.011841814223660242,0.29920044372239873,0.09731832989943687,-0.9401259489882222,1.1593902709291304,0.05369940763648765,2.151979662645082,176.55,0
-0.22968758820177315,0.052423280345190545,-0.48276513121570236,-1.5533541891349802,-0.06605135285099464,-0.7627591021387382,1.0383579566393042,-0.13237259859433667,-0.703221915445707,-1.6128144451559403,272.32,0
0.7116996044222874,-0.6267493004505257,0.43255702449025224,0.4680827225205301,0.7589531645566459,-1.0913573347067695,0.7473342432583926,-0.39686296875373606,0.3173616633749149,-0.16612950389060907,23.12,0
1.2317470650119904,0.36454999532734933,0.2104022480160745,2.793787089220201,1.7224734200740741,-0.4869559439983218,-0.5374623439131189,-0.1951061357133423,0.09795949643909595,-1.2581595047955882,306.12,0
0.9539396360239943,-0.5507173915987885,1.4234709550497118,0.7517626458519745,-0.9105348144595627,-0.13260453293866556,-1.6177231075264642,0.4188907579927138,-1.0000607608557044,0.05747095256281418,146.62,0
-0.48968412779757753,1.3589156492951882,-0.09670759032453757,2.1016737070823037,-2.2819208847210555,-0.6420479143276948,2.4038787755470126,-0.36692782664475276,0.7347151918428216,-0.9451794862832109,246.28,0
2.3876166449956697,-0.29398751752117,-1.2501199891768375,-0.10185292890970478,-1.1815059329538393,-1.2765996372614161,-1.675993256854702,-0.8781881937491506,0.5631561411722639,1.548867766387898,414.7,0
0.888636326032017,0.5770106450829364,-0.04502543463232387,0.04040976656749835,-1.0642033092662644,0.39274583956400305,-0.4525844634600815,0.14175606880251462,0.26070105614404765,0.4283304751514433,396.29,0
-0.029426984905040313,0.8284400643675245,-0.873253671674011,-1.2216798478743631,-1.4599254621851816,0.27541010157830786,0.25673291354200534,-0.09225446991407987,0.37907881201899124,1.4031988671206321,146.2,0
-2.0883157935415597,-0.48344885420436035,-0.7806148463807341,-0.8832341507180961,0.6925042674814712,-0.020025554433548823,-0.38059715005083933,0.8157179849879446,1.895742765792931,0.4317033487668096,25.63,0
-0.7025864860318957,-0.3522021015611133,0.9639150147420946,-0.467535641486441,0.17808100836010696,-0.03062151242183482,1.5434566623914252,-0.7326645289048922,-1.4211200446164918,-0.5446913847155843,189.51,1
-0.4204490415868953,-0.41467052471908245,-0.6094397538741627,0.20861827383876896,-1.1063133263815617,1.8109397285861464,-0.2589826533570686,-0.3244374662894731,0.21412381200218983,-0.18846484184557258,59.09,0
-0.3259249752971066,1.2041995900040212,0.3542659138395246,0.06093206171092781,-0.85038118438194,-0.10668045679286126,-1.5198296467134218,0.5893395375513242,1.10746716799641,0.7721104567476851,216.36,1
-0.4812491891639446,-1.746033442089303,-0.2558284426568282,1.1325135376662174,0.3580496129987062,0.01013104056951799,0.5726481418451483,-0.3388080746291724,-0.06257905351594598,0.6904664896614663,414.05,1
-0.6399975976164766,-0.46861362194237793,1.1530411434806995,-0.6884944141227283,-1.5807250926708754,-1.2911173899361277,0.3069374526276998,1.118537323285495,2.1840730747880506,-0.6719750268121895,162.28,0
-1.8233207401702203,1.9768124180159004,0.9251601010490376,-0.24121067426072568,-0.39286103133443734,-0.36230904903494554,-0.2813059132424764,0.22298331390347947,0.39764862900460946,0.954629249621731,406.38,0
-0.4050436862698781,1.2487120217473857,-0.4888093080367167,0.40064732327260416,-1.9201079344094039,-0.6493057053744398,0.2994911742844171,-1.118992879354458,-0.8574392751133333,0.7718836445582158,484.52,0
-1.3948522800110166,0.23245904506742704,1.2723096635758315,1.0295841511077783,2.1076495831149673,0.03170464399756059,0.5353522480926539,0.25815070758862924,0.3751194047804079,0.39005945301819084,339.15,0
-1.2553762766952632,0.24622785235366637,1.7675900592126965,0.6412338178399579,-0.5578674465506402,0.8158756769353963,-1.8059288997746068,0.5264594059916438,-2.1988024311879997,-1.1792972249044789,424.97,0
-0.6914880803916562,-0.9567385746246756,0.765516234018943,-0.5971435639139543,-1.3837073337422703,-0.4953620361149234,-0.29141515995216916,0.18765860692403663,-0.5705175167190853,0.950725867482456,421.44,0
0.3210536031435789,-0.3056146690501957,0.9418793804107275,2.3324328937661165,0.0057421424554822695,-1.9081826091749292,-0.12309652546537848,1.508580748877027,-0.39482037315670937,0.11209028651564433,10.41,0
-1.4185780151239225,0.48989046014589765,-0.8873121156302319,1.1196880519176422,-0.6895696823509149,-1.6607869406514773,0.3243549341866187,-0.48903412015606856,-1.421332781928038,0.8298548424824219,331.26,0
-0.25946049119880554,1.0804132625117147,-0.5285074265802185,-0.33184963147655755,0.5027133810245658,0.5945909576217526,-1.0241934153344034,-0.07826695434642776,2.728076024407647,1.747589263959434,385.57,0
0.4420198083194151,2.254262886478762,0.2665309342527595,-0.7677579951700708,1.330557414698519,-1.497086975066457,-0.885839566539979,0.12860010413389908,1.4259396149942387,1.2507013423601234,222.37,0
-1.3321571510904382,-1.0039114986875388,-1.1697802138876652,-0.008993570217426888,0.20806838488921356,-0.3332165608472146,-0.5713803589012321,-0.7202062944323779,1.4671796744653582,-0.7965131027083202,423.0,0
-1.4611990187363149,2.2915069826318946,-0.020870488026682236,0.34755695509757667,-0.781802393326436,0.16315470069412893,-0.9351150196713659,-1.030126851282839,-0.7269137266455847,-0.9868505448478366,332.21,0
1.1612425746891675,-0.0533116550138555,1.1538830067283188,0.5604777781742553,2.7702947440652137,-0.496246706736605,-0.6326320638592313,0.5900864989039891,0.5785467595555593,-0.35179734986903494,342.58,0
0.5946276764118024,-1.1949355746105932,0.42395060063204826,-0.7423992514901163,-0.339389619289554,-1.0366220004592226,-0.6664544789661991,-0.8771167165569695,0.5124801802227165,1.7447217576279512,204.23,0
-1.5428370507298292,0.7338221087600131,0.9381514194170782,-0.24793836309490683,-1.1903128710970983,-0.9412004860730994,0.6350015574995085,-0.6382480260962892,-0.1766272382665439,-1.674742777582616,441.95,0
0.46442090555910215,1.0130418959068104,-0.9451465470207777,-0.5840175370499335,-1.4713285223246668,-0.32991148764158035,0.08979411182282353,0.1680312015467548,1.1078323845630855,1.17488419310136,189.77,0
0.49255739753097344,-1.5743151569156606,0.47978108846641515,-1.3525029801658337,-0.10567401618867711,0.2887900164115821,-0.3977482466767865,1.5390761784017597,-0.2851507171544487,0.14157491546341627,73.74,0
1.3742081959139698,-0.8243162622349035,-0.27287046917726543,1.1339359161935592,0.504830904399541,0.055417643027736,-1.556758397611397,-0.2653627664192798,-1.2071535774824822,0.8280775385063797,157.46,0
0.04104112244228114,-1.7526354690260735,-1.8248740330150206,-0.7082136995054663,-1.3617163215987833,-0.5773994774438839,0.5222736221810256,-0.9313997540601686,0.7282659015721139,-0.5297907924138419,200.98,0
0.3169908544483203,-1.5974582377947206,0.9511150745779758,1.3094269191491996,-0.33551654604912406,-0.5761764326030732,0.047143572990217285,-0.2523374062267169,-0.4912642650250531,2.3475083790607556,376.4,0
0.9975224703950066,0.38075460330796346,0.25746973664201794,-1.652515778153916,-0.37757036483528095,-0.5192462765044522,1.0924507799946344,-1.0061360446506222,0.44897040423661433,-0.8073682972614843,43.97,0
0.2779550905984191,-0.628584782340158,0.21319029389446736,0.15006948574257306,0.4495337317569413,1.0635537330379048,0.689868559877675,0.9068139265536908,1.4785186406979347,-0.13764452723431483,329.39,0
-0.0231845390807608,-1.1301879570295277,-0.5541531774431631,-2.042509705460096,0.9744737684235296,-0.37639891125856767,1.4330044066446626,0.2087626620413863,-0.8202394765179698,-1.5726582369052626,256.34,0
-2.134893009204113,-1.2909048262704534,0.4824055901884854,0.6377197873673176,0.13714294231247326,0.2266543714996849,-1.3169155610305485,-1.0163098982770407,-0.7786828358598448,0.38806104203963454,158.56,0
-1.2354757981127926,0.5972497119085582,-1.2261187994811131,1.0907964134439931,-0.9912726673051634,-0.9443482139031122,0.7060143112844185,0.010828842509010795,0.06621794217679464,0.6401406015944298,197.77,0
0.015664414881016893,1.104401040047214,-0.5630430339943868,-0.009676486903211821,0.7419476049429529,1.325105553113171,-0.993745037814911,-0.3739722460265792,-0.03401401691329447,0.008955084221571964,349.3,0
0.2900028534504901,0.9766043266646215,0.3679030275232043,-0.40054952235296043,0.7059586730350285,2.372576801701846,-0.4179362317881396,-0.6134964523566272,-1.0524091307273875,1.3376064941269847,300.85,1
-1.0567342523362946,-0.5071654923353178,0.6284044305674528,-1.0607232357422283,0.6053152650196816,-0.010108465593268104,-2.423871102136688,1.1144216169717707,0.9961640018050021,-0.8205998558295191,36.16,0
-0.7484708303672196,-0.3838428697369939,0.7856240469477794,0.531058581074959,0.27218460795185595,0.9741287249852213,-1.1078377633798355,-1.0621092119643527,1.4536779683656864,-0.5863620166855197,50.09,0
-0.265043969272733,-0.3059515588920476,-0.47004040962784915,-0.04243711390212906,-0.26724183335241797,0.6453437138221814,1.8403251552140927,-0.20245244755065653,1.0793521034538145,0.03348564180493936,351.69,0
-0.45418488735550094,-1.1380792479384134,-0.532379074084059,-2.7983718356976173,0.5283473304301397,0.26403980129391336,-0.08704305615692433,-1.0835448340054907,0.04072585240710399,0.19914820117880036,439.93,0
-0.034660678165526766,-0.779630470676415,0.02673149753914396,-1.3749615894096023,0.5850525489880858,0.4398022092608828,1.7227590904892631,-1.111260473647646,-0.4640059748154496,-0.18369073564266672,80.92,0
-1.0017776341130213,-1.0097034450197153,-0.3440731835180708,-1.375393880859153,0.8764969119655402,-0.2830369391131118,0.33234540397887885,0.25349768032319653,0.2380348294558292,0.5570723678383555,297.83,0
-0.5083158154224047,2.1518976823856484,-0.10630314644947199,-0.8253023344940708,-1.3268559350403941,-1.4998366578158562,3.404965758097339,0.1784035648567766,-0.7048426734321382,-0.8889374853761423,103.41,0
0.6544908943196344,-0.8217456414611639,0.4141359859722487,0.6541229298271953,0.24727727280486952,-1.9228050789334037,1.3556774438619716,0.5492824192587554,2.042377345526309,0.5817115716067008,492.25,0
-0.767880382037401,-0.3658627647267027,-0.14058095832110598,-0.2970771501912497,-0.6392020696215501,0.2610003434216554,-0.5918973324602502,1.524296225664607,-1.4729314519320738,-0.16364850594073332,314.29,1
-0.9304490706456593,-0.23940223266307661,0.8005302302271916,0.47449117574403976,1.6130136654046217,-1.2987658034909875,-1.5810559940026032,-1.034784862454333,-1.3803425766972484,0.4428574696560517,408.45,0
0.8031820840810623,1.375488568772315,-1.5968333290962848,-0.695504910499166,-1.394414469714632,-1.0371375508748135,0.5219186023554467,-2.0414280333242742,-1.1485999456935552,-0.05631190699464625,145.23,0
-1.8748446039613513,1.1356202201073413,-0.6935493422376822,1.8706057046916953,0.11847422275644912,-0.40639614617852493,-1.2050424523964924,-1.1832526435567563,-1.3027838623417216,0.3763494455380245,169.52,0
1.1993628638873188,0.5085069725997113,-1.5119193350581004,0.017305525212769395,-0.16521834174633956,-0.33515575831495625,-2.0587397939820535,-2.5493389050984736,-0.6575244912624227,-0.8038298640615028,73.29,0
1.0909884462040136,0.7078373928779994,0.3121163635090373,-0.7378305395766063,1.3313597343106525,1.8213305737249141,0.6536492299875082,-0.5318110739105498,-0.2331161846082091,2.538321195322601,339.95,0
0.2667062323707608,1.2665199157119051,-0.29910198978125035,-0.9373286821471584,-0.8463263483744269,-2.5273996456355268,-0.6085764729126105,1.8482726099720215,0.2414273820067004,-0.43177570343718863,490.77,1
-1.1263303783758432,0.5606130963773724,0.5256445875989132,0.5027899749711577,-0.5903371209890109,-0.41639423944237564,-0.0315730435006875,-1.4113190429074813,1.1515702272971742,-1.1999715916558882,245.48,0
2.0475694862275042,0.2542360380913897,0.4528414191088052,-1.3867632325782409,0.2102320614754318,0.9627789024242115,0.28453421879147645,0.11933241091637331,-0.2661332491042132,0.3739462418544392,48.67,0
-0.3901833539803778,0.3034283750001857,1.527657176478731,1.2020555989609687,0.17923039075504746,-1.1475966122403893,-0.21644607822502326,0.44770992635297413,0.5267550264874078,1.1286396289194747,7.13,0
-1.1990164930132539,1.0438761930225764,0.6906372625453536,1.2986476216528562,-1.2580088886530711,3.203293000840464,-0.9822474349172035,-0.636755012907378,-0.6980022733689165,0.6203877412630174,354.38,0
0.264336920986466,-0.2503634499743848,1.5106037301362618,0.7954074014819191,-0.4949654088234063,-1.0551953708134827,1.1115618160588967,-0.9444158166676904,0.6419559525951936,-2.378208105292007,90.01,0
-0.03751203026318603,1.5388784620991385,0.4917238714109951,1.6656409639633132,-0.5039281254439609,0.2618888209525001,-0.17429201080408188,0.04974638151773403,-0.9207979541057238,0.0390185004100318,467.19,0
-0.2576250567373519,-0.4911090714881404,-0.5525201043522321,-0.3930660448704496,0.9590160701556267,0.1970803141336015,-0.23415366917666877,0.46632628953522465,0.4089868072369243,-0.17571591812148998,367.19,0
-1.1745902839677171,-2.416594612191393,1.746471026720271,-0.14813269125598172,-0.8670950121518266,-0.7993714401041556,0.9124404953482671,2.0517158563758198,1.0015116897316625,-0.8353776408842188,93.89,0
1.6844297631230816,1.8287270810480618,-1.9823552589452706,1.6662569937928005,-0.9067753654324364,0.2862574416786952,1.8094977339986391,-0.8935122251174085,0.7882269903525141,0.9368357050757041,451.25,0
0.39666001537208156,-1.1570899526420677,0.18952521248614798,-0.8088159646589788,0.7201955964518313,1.3480913599520692,1.493163003792308,1.2179817155837687,-1.8314839264223859,-1.3049597481500008,111.09,0
-1.4321678893805663,-0.2731056190826936,0.9003278212248731,-0.10274072926889422,-0.5664139105641894,-1.7196380004223668,1.2360452142941931,0.6753832090172774,0.4315762918498556,-0.6309728374134903,477.71,1
0.39879915923646875,-0.5805160059072528,-0.05870801210280476,0.8309682276519175,-1.1924395765674332,0.12945526829759282,1.3280521832171786,1.9562238558066354,-1.1912553605740341,0.1731252528640625,143.96,0
-0.5985370951681493,1.4178138825034046,-1.119360450792671,0.6884542580599364,-2.030997143793589,0.566351995641425,0.9076934531409705,-0.5967623794195113,-2.1859148712716685,1.0427255944384541,63.03,1
-1.9257676613949537,-1.909699952504978,0.4484425502843377,0.8483071881824173,0.1387082107826341,-1.858194922129554,-1.842567429195332,-0.11267974308577867,1.4975220985453142,1.3704277400541394,285.75,0
0.07918632666114704,-0.4034678363346893,-1.9480526285101951,-0.4197265234868247,-0.8634278120549224,1.2228008727311928,0.01990009996314978,-0.5336484166536555,-0.26773305251564533,-0.10532353771977983,297.88,0
0.4258072315473371,1.5120008038172696,-0.9958738272336306,-1.8074667664196264,-1.126144778597001,-0.2613479779923904,-0.49042423988800404,-1.158184088528955,2.663451394985719,1.1109175025557443,314.38,0
-0.7932614851180572,-0.019452092297284687,0.8224533401164255,0.572042474803436,0.21611026753801887,-0.882852412753649,0.6851323112283026,0.6080670838725923,0.035573173451502196,-0.4760159091145609,136.09,0
0.019354815358505018,-0.01559256308344396,-2.4068836662612694,-1.0042039587981382,-0.5918511916864632,-0.5712239635032479,-1.3188868927657056,-1.5749695458934243,-0.006355589023931213,0.9334217886320527,185.96,0
-0.7915353412233249,0.7293903994090136,-0.2696048284891272,1.086185200854572,0.31467039474686304,-0.3934352866624257,2.4310962049862717,-0.43737323000196177,0.14003448321214101,0.8066074922772942,495.82,0
-0.8448660406068321,-1.2575713993006374,0.3030216686324439,0.34514358846311777,-0.5915799592039516,0.3820321859880372,0.615481378317265,-0.9268023100252568,0.9649675548011463,-1.0133257421135118,199.98,0
0.7699611190431954,1.6805864032067432,0.3564169044448301,-0.57951939139061,1.1555007050214146,0.04616410581966653,0.17362314096313736,1.140715398455135,2.234222600967085,0.7983498581974373,51.44,0
0.484697082252113,-0.6953825854685383,0.1474948255222277,0.9598664232271736,0.16161067038632812,1.7161089631608641,1.984898557397866,1.5948059856059955,0.8406401841298211,-0.7742603610451252,213.41,0
-0.6522515795838696,-0.12324109824205816,-1.0668552919388747,-0.04340717691717418,-0.507806645059658,0.4625041071680429,-0.3328219336149583,0.7060623906918139,-1.0625847000534578,-1.4115833463367542,95.68,0
-0.2827819139572902,0.9080329914275189,0.44183092165497845,0.06199703532582319,0.9661954544604522,0.6456673836970619,1.5941976693104372,-0.25328762366626745,0.6235334762242846,1.016891260240346,74.74,0
-0.4782048747439253,0.5611768963256423,1.1452095652869356,0.4593688509885445,-1.304624904204657,0.8619478626542569,0.8391991317538642,-1.6195165294712794,0.27006447262904393,0.697411762035465,191.54,0
1.0621136327005753,-0.22022940667246088,0.24971797748018812,-1.8818510147598624,1.0214179533581496,-0.6827906341168103,0.5788755665494829,-1.112105494501519,0.5431995936234587,0.20126374340603675,172.26,0
-0.18215847957266687,-2.919010862778516,-0.9839043491850362,0.2603393807413861,-1.1715635950048227,-0.15045116621625607,-0.6502037742941635,1.0814009534856703,-1.7118043898900834,-0.4982796833853574,58.81,0
-0.18986762043936037,1.2427687532738518,0.5130545211290123,0.9538669672253365,-0.39034585377099823,-0.0750137434831082,-0.1036451146210548,0.15690411322133568,0.8232306229816676,0.5865690417548345,8.93,0
1.7726225977312118,0.9810957353852995,0.10317198652801537,-0.7363753087392256,0.5823404452074841,-1.745484837611884,-0.6994242545718632,0.17078737023565058,1.1628398225085872,-0.21060298395630525,316.7,0
0.3429895473004603,-0.5216551935443655,2.140849376389302,0.9731251201860144,0.24295491268867347,0.79179701848892,-0.45860047803129284,-0.3781346866215363,0.9938698083004471,0.7401056378222032,120.15,0
0.5894275293603097,-1.2401065617347502,0.688992237153788,0.9075310370955038,0.7902713383071469,0.9737069956191623,0.36542101830819845,1.537977690356736,1.2969090233922491,0.1850515737020242,428.34,0
-1.039361637029654,0.32932377236728233,-0.05547207110044886,1.1140249397824746,-0.6887044783665232,-1.3720500547927468,-1.955821641151311,1.2856840692489033,1.3537605720931858,2.0495082772225555,155.03,1
2.0969798595621003,1.6591641242835802,0.8232255491798406,-0.41127132576532044,-0.6098573210948799,0.04334547131609623,1.0418510426203507,-0.9861764472419504,-1.0611752415329654,0.575487320410768,272.75,0
-1.000556649958563,-1.6106256925591473,-0.13036484039245794,0.7942460301326562,-0.7329527593211022,-1.2139933847666844,-1.2200948155533518,0.10757057991442077,-0.12235203518264055,-0.5702223074878782,111.08,0
-0.3619614395352663,0.3649660612405561,0.039155326627740204,-0.6336118577446,1.1471014087436526,1.3006102970192528,-0.8757769811096511,-1.241405890638233,-0.07252170747933318,0.4629353715218828,92.82,0
0.009920138709052269,2.205159529861218,0.1979928327047934,0.20801260724560877,0.5691511125143293,0.19632712954830736,0.18056000781861994,-1.4436811793198736,-0.3525900769114048,-0.23553759602272265,472.42,1
0.5569881598081446,1.3444643028874246,0.2476754687351695,-0.550527156139069,-1.4565735344313437,1.7663291132738033,-0.38171627789455437,0.9153454706358735,0.34993212249740047,1.2106202068655945,338.95,0
-1.6224354434224377,-1.1168884498008234,-0.8212842271231127,2.177671021379103,-1.0113781517932259,-0.5073921984806607,-0.3819527747175678,0.9255776957265808,2.2938701779969097,0.962355522467369,474.84,0
-0.07846309982298,-1.648325695366018,0.8094546344702795,0.35658353423302647,0.30995595293984635,0.2574459007315061,0.45443176255931705,1.6788685723481571,-1.6435708219118854,0.6714089262020505,100.44,0
0.40062356635319807,0.48317053129035564,-1.1285247484099465,-1.1083988081125777,-0.2023882412668652,0.4654921106808525,0.6894820899841367,0.5794914259376165,1.4510777318413306,0.3590222261297723,374.53,0
-0.33628146389037783,2.430075637053005,0.28591499558750477,0.3157267061724324,-0.4836827247719,-0.10975190626253432,-0.08876634209032745,1.067242292732939,0.26608939556453975,0.5683420652099794,112.16,0
-1.010260978252594,-0.1996175455329379,1.7627715239802,0.48629453220828167,-0.2629952564157675,-0.14937513624587073,-1.7680423536206566,-0.23928817057828738,1.1327913168370598,-1.2353563794386997,374.71,0
0.8552200971330377,0.90310273896974,-0.07994935281036444,0.2303466034492021,1.3966723028312436,-1.4056741723525128,0.7080450816970426,-1.0933083516536122,0.8901731180803205,-1.047841023149575,415.38,0
1.2780099169750256,-0.38201889712804354,-1.6187452975331116,-0.22248030262007235,-0.9191563593261176,1.035727627696417,1.4651837638275713,-0.6091373877684411,0.42768375895758665,0.40119557559200586,107.14,0
-0.5099940750841868,-0.07943937855039918,-0.47840519457345376,-0.5050311948320078,0.8583897257515726,0.007832992735004318,0.8549461555464544,1.5475412378823385,0.20198073062137137,-1.0057615435553624,183.7,0
0.39030985535278073,0.3073244721575599,-0.394207645040795,0.7424607221280187,-0.3811544959224251,-0.3361375458212785,-0.5926798368661786,0.19857169446218403,0.2463485365062426,0.2966057386164151,302.94,0
0.7528317590736854,0.24685349655439878,-0.649720826236478,0.05048542827053922,-1.0953156168931282,1.334928466363675,-1.6120050400860249,0.05911178334899742,0.2593010595865326,1.0609940250485188,455.32,0
-0.65043075602926,0.45621003403717,-1.7756789838859204,0.5820696836028041,0.22118682246259558,-0.7077323210677079,-0.34452122429817306,0.334392987520773,0.04164790802541654,0.1620109128689972,14.16,0
0.019186637183651923,0.07105707668791728,1.1610811061594795,0.7545522700106909,0.26956986114678244,0.21643173109173772,-0.26041357155312445,1.6188131390342873,-0.611223344337474,-1.4626149848455732,279.32,0
-1.0460631210571725,-1.8769862222429414,0.8760050620931683,-1.4769621570598948,1.1527784914039552,-0.5316485160272153,-1.5131590856419261,-0.1295145353144249,1.663122147604589,-0.38354785320315143,69.06,0
2.235801269400534,-1.434930374759218,0.244104658916233,0.47447625129965804,0.839640821293986,0.9034851328741634,0.04108743062120228,1.2155386022186985,-0.6229518577029284,-0.555368092537211,212.57,0
-0.2414339201232747,-0.29330487338769384,0.20544653411070163,0.6468038934066784,-0.12208027944537755,-0.5991655677216523,0.7410823562045086,0.55842813310336,-0.7301583468950096,-1.4422012187707216,267.25,0
0.8915793157569126,0.31701131134819743,-1.5255893680573867,0.6758427512491082,0.07361735292109667,0.5915114901500279,-0.24361316255455298,-0.6987277007149145,1.9759877009050606,1.061364805826993,394.79,0
0.29692803319541033,-0.29411970755136435,1.4753683969637112,2.629996738575648,-0.7141762811862223,0.06674261802404324,-0.2509541662377682,0.15086476834586016,2.372405194975762,-0.9789087624255751,499.06,0
-0.09137611934863418,-1.4776285462648184,1.0037915670751136,-1.0226550024394379,-0.8946559928041857,0.07386474746561052,-1.0238626277448521,0.28112694462779636,1.37010794821234,1.460585620592164,280.18,0
0.7936136118075594,0.23108007112465087,0.5686005615229087,-1.9147000412741557,-1.6008088034408174,0.4250409609970296,-1.382516534661394,-1.2765688669102553,-0.3792265184438141,1.0493964863982022,215.63,0
-1.461370155643096,1.4266323973269532,-0.9339135212735373,-0.961280879308536,0.9116884858753835,-0.6340356211634506,0.8718351844456745,-1.4176238062920135,0.26257611319551694,-1.678629110670568,254.06,0
-1.5234126629300835,0.40016006888678424,1.0265437036560687,0.2545642394261308,0.4989954929915614,-0.19428333110934112,-0.4410531517831696,-0.3063423192954743,0.7778388759580558,-0.2978442869234637,301.08,1
-0.2892867906115841,-1.1641907628806962,1.1589667307948313,0.4562763854445008,1.050090062807464,-0.31744358571932013,1.2426122643485924,-1.3188792353139256,-1.1302385194732403,-0.30050432297799506,42.57,0
-0.3008472542123993,0.6139118104157133,0.4624464732823183,-1.5770509466664149,-0.08217929360436878,1.2132097452391806,-0.13165603115636845,-0.9813161276883733,-0.9795433861955192,-0.1617625584478212,36.42,0
0.5107947302159636,1.9807645054234444,-0.9735395293927434,-0.44759588295431485,1.4343940909956854,0.06258358271441028,2.31130781797682,0.006249942565936517,0.7849396319212355,-0.7402814890095466,172.27,0
-3.4087106779236533,0.007042792934638539,-1.0488181951544782,-1.1610861062167879,0.44791897733283276,-0.07400783789155906,0.21423062173807045,-1.6438230133539093,-0.4978663775621303,1.4864535061242041,30.09,0
-1.2102587777200906,-0.9634970459438558,0.9807149991843533,0.20535345750406567,0.03370880172383581,0.2498898407885051,-1.0173370603527578,-1.2550103708516183,-1.5365740980459235,1.4518757663583373,247.88,0
-1.5666815748521732,0.05753094904326883,-0.5407665610304605,1.1211067713907177,0.014808288104063125,-1.2870177997622787,0.2738960915136225,0.3038408257145849,-0.8315525916202131,-0.3080550388107339,129.33,0
0.9346728210949042,1.3321046424688343,0.03855250295295082,1.3195855939744376,0.32516422113412197,-0.35675846453488913,0.17364736731345806,-0.8209192970271749,-0.510477562376364,0.9054179096295147,26.76,0
-2.1852929699087924,-0.4172419088352675,0.04860897477789382,0.8419646443879618,-0.2622816801542723,0.7633336496023355,0.1700209534261701,-1.311428597365902,-0.5087015189986012,-0.07734484159260457,26.08,0
0.26989767703774975,-0.42110940522298823,-0.6994879350143148,0.5729463095192628,-0.28758770913163595,0.31123990832907145,0.5446038610950651,1.4051524413757936,0.4238982140607196,0.5963416558292483,205.16,0
0.4181836650380218,0.08572056459903607,-1.1735499733349546,-0.40750615250407235,-1.2506198344813864,-0.8724280947887011,-0.46605549106113725,0.6942293212161778,-0.38547111757346575,-0.8460948146699739,165.89,0
-0.43184845016024076,1.2946721504604823,-1.2607587711203112,0.492923800952916,0.5537106585862273,0.9418427280128053,-0.7655584211605091,-0.941959889179137,-0.9852068985930196,0.47047423100831254,407.32,0
0.03362073498846975,-1.0365691562352954,-1.1048416100504155,-0.6875293908116503,-0.5456983534515325,-0.7446895739523652,-0.04373450292939861,-0.10740592686600856,-1.3234073432767774,-0.5634112830214498,65.78,0
0.9378129511817609,0.3796591015549544,-0.8030680960891328,0.6362857167611423,1.1037000167005182,-0.13818191167814348,1.2884617142252244,0.8491810840958681,0.5661578739029428,-0.589450532028171,14.17,0
-1.703661931571489,-1.2644449649935796,-1.471210361939276,0.7651269898764564,-0.351378628239999,-0.19197973852201658,1.5921600140365069,-1.4990983854713682,0.49585423742811735,-0.2962980854627647,30.61,0
-1.900026810157389,0.24161084231877777,-1.119426885556452,-2.1064095594524,-2.141141249235182,-0.860880846641944,-0.6379459443446327,-0.21563271530193676,-2.1717361338481735,-0.6952297696364519,166.37,0
0.41667144329437367,0.2789427267861949,-1.2011338727912657,1.3949526975665498,-1.5203731447142308,-1.7903529474595985,0.08907254394693691,-0.9488378761247026,0.5477857213441699,-1.0252200283605544,303.39,0
0.5016722113204671,1.4739047493385806,0.8221402272787709,-0.5684433346507535,-0.6118250822547991,-0.6482013004342613,0.3916499569635464,-0.5478856435493331,-0.9760045763056785,0.11149122004529033,250.33,0
1.06545254034489,0.27031701852540885,1.2571507520435035,-0.1831771499311559,-0.09900289508998777,0.1849278546379495,0.9502001502121961,0.15620936005129663,-1.1836034047855348,2.018405169529793,285.21,0
1.4845966989882822,0.5789547060958,-0.6956052321578315,-0.439081201510945,0.6049957526380696,-0.826138883633102,-0.3285128497839485,-0.7234178457034957,0.0902913289553825,0.39010554006435444,313.61,0
0.7421196640921057,-1.1726214539308404,-0.5883764056847256,-0.7052007888500945,-0.6822892536794046,0.07629271851155107,-0.6372331844250814,-1.2095373474811904,0.1822750529082946,-2.2179093235085747,155.08,0
-0.5646371870603499,1.0690879252431154,1.349891792936409,0.5944363532655199,-0.40857261270216877,0.6722836987009277,2.1008338434023837,0.34289420096430595,0.8175173406406807,1.9953166277003012,454.48,0
0.6336021216580368,-0.7368049894036542,-1.8306857077110543,0.7084800529316828,-0.834869943376788,0.46025771966889706,-1.1797052246837987,-0.5206023433629714,0.7938789411493707,-2.048906498253475,4.96,0
2.323952524855375,-1.3511594867862968,-0.5543366627535896,-0.2664495816131764,-0.2999325239918315,-0.8444984132395735,1.6330362107443488,-0.594003325352909,1.0294426045544016,-1.0197922767323169,90.0,0
-1.524662999594405,0.768138360119978,1.225271268847813,0.10766885581597369,2.3903679672275535,-0.22116894126282824,0.23632523802654204,-0.6276674708253258,-0.48117156633926306,1.179942078836031,323.23,0
1.6111364164736177,1.0790739797003543,-0.8392868904987011,-0.41328772557498467,-1.6174312279662808,1.5860027638009093,1.335837180089825,0.43938862320588257,0.6476313290142667,0.6193915292896828,486.5,0
-0.885525443468574,-1.0600645755925528,0.20849296549037677,0.6871282687462061,-0.07680203915133349,0.4049193395330677,0.833389188491941,0.9397916383339419,-1.0576879918805562,-2.2327360530126206,76.58,0
-1.1307259244358436,0.41933927349184075,-2.1078780473541743,0.08494999706890966,0.9037198372457599,0.003369008382490361,0.6807732106863837,-0.532304798810691,0.29459363764543345,-0.09974581100964143,353.72,0
-0.8416142030922673,-1.1977261832468173,-1.5514857253559486,0.9400928406517065,0.38788839023788224,-0.9477354491507519,-1.1076397842131833,0.018446807820134855,0.2696705088137408,-0.5691866850180592,123.41,0
-0.6330744995740264,-0.054600856557890355,-0.08088082491969006,-0.6490869848789353,0.06570030310242307,-2.4546406131722227,0.35261328467405184,0.7621873837317444,-0.36965352726228656,1.442003722737968,100.82,1
-0.728190117114962,0.10955054535355131,-0.9910797439838471,0.017818381012915448,-0.2558697601288557,-1.2326111621680853,0.43707749220473285,0.3364599497352473,-0.2332697225114301,-1.1373838314556892,152.78,0
0.710507264517403,0.28339821970274065,1.9379510446389518,-1.1461542191806509,0.03968968886738201,2.0966762077314574,0.8890226528999553,0.16058227621653942,-1.0593812195829495,0.7909834295193174,85.29,0
-0.4703525941050228,-0.4312777426960304,1.7071235008191779,1.2173135054105726,0.16016635226102297,-0.27298027177793543,-1.8178495838441786,0.46550125583709473,-0.007452879611105415,0.6036149257426693,262.43,0
-2.6901304093587117,-1.0492052009467134,-0.600953923774635,0.07936613135981496,-0.05145716268342096,-0.6156708904847461,0.11585396428581515,1.5846611977426037,0.21366145673112122,0.6580936410697485,473.88,0
-0.022756978562406036,-0.21285567970998753,-0.3311662796043297,0.03558634838622916,1.1833046832378753,1.1827285648148484,0.919348002772338,0.16177846798176726,0.7567812562019411,-0.45330207405066364,461.45,0
1.1444844089610342,1.140209612254667,-0.1008989892695372,-0.8177711230207854,-0.545190394599544,-1.4164489855412645,-0.47596826374686635,-1.4766148816533207,-0.9955803886793291,0.4092324364685461,267.62,1
-0.6128549888072574,-1.2093649302737672,0.02668899530165491,0.09401013383697615,-1.696900501105531,0.44549389593693245,0.4532845712429139,-1.5915201381899844,1.9394126054435827,1.8556175571396247,370.06,0
1.4151508803795494,-0.9073878421365954,-1.7446674544709184,-1.0770162222333888,0.9716481311050615,0.013181628387255916,0.8938181229094871,0.5868366651749803,2.331137022677096,1.8269092913867415,99.41,1
0.02465431860926515,0.5607011832332283,-1.1978712678948376,-1.126324628897592,1.7379002896140592,-0.6249701484325411,0.9080584299980098,-1.272467691323236,-1.1387821118678094,2.149032711127749,278.37,1
0.021165429331317754,-0.1170489313811855,1.6445545801168129,-0.09366259419529048,-0.10231649122489478,0.2114859412167494,0.08747892360020354,0.01046816404869782,1.6848010670413007,1.6423873133349822,388.26,0
-0.4942308870897156,-0.8927352198548929,-2.147780473913731,-0.5412853860864741,-0.8381126058847798,1.277137547568474,0.3889467630087581,0.8148159591607934,0.07520562752574371,-0.5730019820204681,161.59,1
-1.0824013603479705,-1.025203291908987,-0.34085850392905737,0.03217812836369409,0.9990007104184222,-0.7683760624885737,-0.29845164964181786,1.0114191431771118,-0.23219772426719165,0.4452408834282769,104.99,0
1.492977981012752,0.6968832292745158,-0.4138064070169382,0.4478940266853374,0.7042835784178306,0.08007882445716347,1.01331628210133,1.210794579954959,0.08179214840371218,1.4607817893243176,145.71,1
-1.087206883687964,-0.02500130940582702,-1.0537979693656379,-0.34083386420689293,1.5432913144836375,-1.0670059338905529,-0.7692337028639278,1.724430455324315,-0.5344318336199392,1.619640876584578,138.6,0
-0.2896163576749936,0.6351992658710888,-0.8580570852469186,0.22119245914038274,-2.378898856062813,0.0026535560362365325,-0.8479935576419918,-1.1269392518737742,-0.17474276090697152,-2.001665648756222,135.85,0
-0.04586871906087624,1.2243280744101979,-0.985531786331974,-0.43258877678329855,-0.3490863518906011,1.055229450755087,0.22858835410183906,-0.4573264887886404,-0.5076211788451475,0.1971655759565253,32.67,0
0.5602644537041281,0.4985401943108473,0.9821667275516603,0.9395045916309726,-0.6101057081312574,1.8133965330550983,1.4928882513588588,1.4866316205426742,2.3092043806641858,0.8390167951031093,249.63,0
1.6462917435308797,-0.9284785054131743,0.5325180288482511,-0.41149362741623896,-0.00724905087608149,1.1899318626763493,-2.5279008991387193,-0.08531935618343685,-0.7320017200994223,0.43947304952832417,80.48,0
-1.7774097664568735,-1.072428407081167,0.15483872957323971,-1.5058225510074652,1.2913405264006472,-0.681310147756189,-0.31267212141898915,2.2326502519269558,-1.6982388489050684,1.8625033604475967,449.51,0
0.5252612204707602,0.387497676779122,-0.44508903461087124,1.3665759025264717,-0.07860308429835645,1.0106755374326948,0.30260772021916427,-2.044550040168292,0.94620730383054,1.5425620616739344,400.71,0
-0.8166344789388228,0.24108638188497256,0.932806064199804,1.0090615800404523,-1.6054780897887662,0.9241908686646255,-0.6711000108277373,-0.4129049280033076,1.3217706359240553,1.8881609932607142,455.26,0
0.1752266478350918,0.5970466248576255,0.9364886147924091,-0.11442059350984296,1.5008214809834717,0.7989479135699384,-1.0974555484621675,0.42053370662877,0.30324110176145813,-0.9156306553442578,436.37,0
1.3045336001869166,-1.564177717736695,0.7886060527091828,2.290199037061197,-0.7216184334201389,0.5293053806772952,0.3641039184050975,0.3884963848231595,2.722661054205556,-0.6786876631830147,178.67,0
-1.4613684815285526,0.8859203801464358,-0.8807299774538979,-0.564788333137126,-1.2141087052310102,0.2171913038980627,2.3217370141598526,0.5062152317756388,-0.31598756326400657,-0.39313980310603397,386.7,0
-0.2772360423063722,-0.48749165593776883,0.7895117881757547,0.3648029136460471,-0.38382801669107924,-0.3369967976048721,-0.5743572925083492,-0.7190982238015117,-1.4246474900337662,-0.3943459027715016,249.42,0
-1.321270699784118,-0.9099449433856855,1.1813651186763463,0.14028694951569268,0.30762884306221716,-0.8309681361259303,-0.013623551468718763,-0.0456132768801755,0.6000719052147748,0.18854109225866855,128.18,0
-0.021920644380178263,-0.8505266617344774,-0.7481574859536874,-0.6897740949458916,-1.0569043376879572,0.41248143110515495,0.0288760558499293,-0.32052858323984795,0.15420195717844862,-0.9721015107127275,180.92,0
-0.9760931706492734,-0.9687546600941778,0.620875833266483,0.8951369401494316,-0.2810851487092581,1.2282368351647766,0.2857061340536061,-0.4202984199723358,0.24682176762858415,1.03090332229886,286.13,0
0.7007809164281833,-0.7343753044225617,-0.12490353155504298,-0.364584573122923,-1.6032336434957553,-1.0392037346134104,0.7371003791705911,0.051497607528948997,-0.15953649124884758,0.2315980654715565,422.8,0
0.19021611842765437,0.623869723748575,0.9394168566265979,-0.5650659203574654,0.39481850552462927,-0.5782715015420868,-1.4480176580162127,0.6802074333835498,-0.5646012837124791,-0.3271383616385801,6.58,1
-0.6760934707369018,-0.11202251344588737,-1.106390741934035,0.7981549682866812,0.7545498884714398,0.39099017288368937,0.42878049653198486,0.20530476344666865,-0.8402258228044595,-0.3948885357991725,220.76,0
1.093173921533812,-1.7101316157240336,-0.11593285394836515,0.25274155227435374,-0.6466713300386974,0.30017526880323925,-0.7284218865028249,-0.4964317330383877,0.7311629822586646,-0.03577625720238353,3.32,0
-0.14292956402620133,0.814223383466479,-0.21193714913337575,1.1061007267945562,0.9443782672410235,-0.2233749220917728,-0.43783721737348874,0.489942469985071,1.0906364904998707,-0.29065891463033755,144.1,0
1.6808808395234016,0.42721472060824905,-0.0922590499023602,-1.2156301729786743,-0.9162332039799602,0.02515406123298414,1.1734589506850097,-0.87808961954544,0.40986541781224933,-1.1138355769950277,205.28,0
1.3118244592716048,-1.546241002435278,-1.1410433630291095,0.4192709598324206,0.04441795388800882,0.7052524691378161,-0.9980357696410636,-0.29832746722412234,0.8947886693789904,0.13853809194167302,233.16,0
-1.063126875632791,0.02916057444451505,0.19577780545447498,-0.03981465983017929,1.7950085588660258,0.3906684736641581,1.0842261098812234,1.2841108118467004,-0.9701459572556618,-0.5708075159211214,370.38,0
0.7253439154437724,0.21624412134439258,0.7525391491097485,-0.6128870938099896,-0.18387490141798268,-0.29444929493430555,-0.14761284054579576,-0.5572923199961006,-0.04167437319403119,1.9333953344534756,366.24,0
2.3846642362446526,1.2040851397482102,-0.6819453025077935,-1.133182114756778,2.260074037951847,-1.3829221479131526,-0.13095073466890003,1.1912834406839885,-0.42511066153925114,0.29914265465054846,156.35,0
-0.39593375026022676,-0.6920279513583144,1.029832668541662,-1.4828558856325003,-0.481237122066221,-0.37659932351947784,1.1580860624931828,-0.41630779139277707,-0.7083573536996187,0.20216269377238474,183.72,0
-1.0029982083048783,1.4497651731710939,-0.47287435146929624,0.009691139766179805,0.3068330977526971,0.11579638228790216,-0.4518883073664478,-1.3749243303917738,0.40381137461537536,-0.1646472351754431,130.03,0
-0.1070107953785907,0.06868778969180568,1.069711820969962,-3.0326336485318492,-0.8269846039954518,0.6961185009019925,0.568020688505589,-0.42588710048960443,-0.28422864289508404,-1.4936795799748526,196.03,0
0.2444156112007,1.9162151086595032,0.02309289917287723,0.860179660310862,0.5258200869342874,-0.4637249752300405,-0.6586311271088762,0.616709364374789,-0.721627709032735,1.1009196969633728,169.93,0
0.44499925912404537,0.061706691738129545,-0.545365954157285,0.12861079452229077,0.25387511995454165,-0.8763450709323309,0.16204379087745535,1.2098075663358296,-0.2772168643093623,-0.23557350004894936,332.53,0
-0.7798939099504298,0.7081553945503631,-0.8966036952219377,-1.9158952924255175,-0.35822922025246584,-0.5458866927079236,0.8861344121716578,0.7111676366772772,-0.5451032253254131,-0.9984098008467361,65.53,0
-1.3126320220132035,-0.022839822074027242,-0.4167423205167866,0.7664977674556246,0.4374111011976677,-0.2802006585882397,0.14718992583547938,2.049085981220514,-0.6956283882375162,-0.6825558523597716,14.86,0
-1.3292376883396715,-0.3689753325682172,0.10965275449380142,0.4095242275680237,-0.5832688877379856,0.24316619961770042,-2.3621417565014573,-1.3486002912586237,0.46697020903844877,0.5625422925545785,10.35,1
1.5930235475998897,-0.5916291947150746,-0.20100388563659283,-0.3371034485666385,0.5347083964361403,-0.7821681557545463,0.2779773600204671,0.8972120532316502,0.953816274570818,1.730080274340304,482.64,0
-1.3546547899906902,0.4257373481132482,-0.9075567082069371,-1.6466117477483662,-1.6877991521813553,0.6538287694665931,-0.5693911784286341,-0.8431866741215134,1.0037429886660882,-0.38197650719909393,123.48,1
0.18377495483331935,-1.651180804904778,0.2687729449957955,0.1489008987863978,0.6475560964991286,-0.48625071550781196,0.4296164019456551,-0.8940893504229395,0.14334697623787604,1.7079523531495824,366.22,0
-0.970984870178876,-0.4408214474935205,0.26764978044112164,-0.4136125745790017,0.12280223159933414,-0.6539218938452747,-0.03920501476142289,-0.47228551350744413,0.37984634035481585,-0.9117287047666142,359.94,0
-0.733823100049219,-1.2506804895133166,0.563468454171882,1.4143845148993268,0.9525511308837166,1.0824082729292575,0.23277112330285726,0.3237321886932536,-0.24611178244539972,0.13188508309569721,418.19,0
0.11228517431431963,-1.0068915767682558,0.1359776680182728,-2.0808322323866273,-0.9016732867916544,1.1804499065283243,-0.2101886555332055,1.0785126331032215,0.15088443946224261,-2.073941195248184,194.31,0
1.1516169323645522,0.04020599509283068,0.08403742826092625,-1.382952811995248,0.5585208963102166,1.0347789813366834,1.1590375716787735,0.18741263493958477,1.8024536678047274,-0.4571662735938114,324.2,0
-1.3956435198509776,1.2027301695815054,0.3504042296495063,-2.8728415791102,1.5870262456183024,-0.4698094798102299,1.4393366104084508,-0.03828987393906159,-0.5697786974337442,-0.0584781837827198,181.74,0
0.4282852987060198,0.6583795386155742,-0.489996350294384,-1.013517531073765,-0.032612813909315606,-0.7408731443910419,-1.3148832964575456,-0.17779173048648503,-0.5778808828648894,-0.7127129278660764,117.62,0
-0.9956017723466001,1.2062414668591095,-1.4904209054081718,0.45820223952975553,0.42432514529336085,0.7871642105769542,0.4126278483795501,-0.729986080957147,0.7021816739228961,-1.5920371302387137,493.18,1
1.263555270192973,0.7361748574771065,-2.3381706106915856,0.1559905406218129,-0.15795492932224547,0.4267080377490875,-1.0244398684680316,-1.1348849084246613,0.4557353733667945,1.0971445739293946,451.64,0
-0.5014548010795586,-0.5194183843821523,-0.1956566505486757,-0.9437086864904045,-2.161416043047102,-0.33864380566187025,1.5603834231474139,-1.5120395199855226,-2.1641633162317246,1.6682387310908748,232.39,0
1.4635499514194,-0.018146339030736626,0.591665285138294,0.020777743593990428,-1.930733633762407,0.5863676211234761,0.8168468179094084,0.29912955557402054,-1.6639712595284974,-3.1646911751440014,304.15,0
-1.0958223153019395,-1.6404757187858303,-1.3051926401663658,-0.18223437635401332,2.5287557836075276,-0.3607775801902348,-0.9586746966004583,0.15024231694448947,-0.011574628638621121,1.2291747574333631,484.74,0
-1.9095637711452158,-1.2187153823126657,0.9324225867149952,1.3969372873521055,0.5852979115740524,-0.09934805507058464,2.1855009165822956,1.1573355252349615,0.6319069548038734,1.3265899528080516,171.66,0
-0.4548492361899178,0.5753738197907174,-1.1096214388850965,1.220396390231391,0.23980514875170922,0.003178162059227374,1.4788980293621496,-0.10839733014391345,0.3886032638155413,-0.362184486007603,420.4,0
-0.2579425031074413,-0.8546711303808228,1.037981192464243,0.856922037151867,0.8254241804501333,-1.629572485048486,-0.29082516767569294,-1.022542818934627,-0.9387104973928688,-0.026449314102628546,198.45,0
0.8544670222932635,-0.1255597379744067,-1.6542376994350445,0.8121505161338637,0.05478274972836111,-1.3718452327888788,-0.30907785386382663,-0.11724211833576152,0.6516828521340096,0.6341786802481746,436.54,0
1.0140253591949129,-0.7854922745393919,0.0938925850443908,0.09736553783613695,1.8295983593404777,-0.40959083662103607,0.18672184992181903,0.6388575672154645,-0.5610959470931168,-0.23875519919585436,243.6,1
-0.0506233948261521,-1.002615865182967,-1.1913904145452718,0.3894664622734585,-0.15731167448426045,-0.1280199257251678,0.7680995000880287,-1.7645227791344174,0.5867181738828662,0.26521506933678846,266.58,0
-1.4078727372869957,0.5060814695936453,0.5366935167009592,0.31036790478937126,0.6523706868558845,-0.6921690085187048,-0.6041897864991149,0.95769154346801,-2.6640540071182106,0.004817651821753611,378.25,0
0.10291992670156222,-1.6617321473965494,-0.43661328755532963,-0.049681410584324154,-0.5821750462588994,0.33523388245539554,0.18698129943642647,-0.03725055988206404,-0.9407348917617017,-2.2651303651632793,440.73,0
1.2612486244091956,-2.2752055090415673,-1.6366874374626734,-1.2054062628597908,0.1915275370129698,-0.27778923606493006,0.5295187522422766,1.621013102778537,0.13252554412741047,-1.280424602512042,132.94,0
0.7288694042511853,0.9674454506257576,-0.670294368924962,0.22754254225237022,-0.5656500903927169,0.19286980161124948,-0.568395090732108,0.0864735088710947,-0.34653482549730297,1.8480347301777102,376.19,0
-1.923808104899304,-0.4227372383704618,1.7593398922781294,1.4837313996145587,-0.06295213436272065,-1.286593083507867,0.2557096013051828,-0.3648958905582456,0.43188890166808974,0.3585286824327567,474.53,0
0.12320031225708741,-0.33690333989952687,-0.3568105149001725,0.8142625432054899,-1.1758841369413333,0.7494817538307401,0.0004179521082142126,-0.8247253926294879,1.2360373835183558,-1.7066866008185653,11.74,0
-0.3152363753686257,1.0400128825746764,-0.16369153613647172,0.3017194400410472,0.6212693205369226,1.2276268006044753,-2.870230171218628,0.8622726800870789,0.24268668969808485,0.6765308777854226,78.82,0
0.7759221832547767,-2.0635022172064277,1.0358977392725515,0.14081797853941833,-0.07179138345721799,-0.555871578576923,-1.20260381481317,0.034994110778022745,0.18623143575278375,-0.034920918967496266,177.57,0
1.3435552188362683,0.2641785175696756,-0.3039715301075027,0.6279957911433506,-0.4776128684401873,-2.204360156155605,0.8697642884645783,-1.67325625167827,1.5322831311972671,-0.6385558805083783,393.29,0
-1.335601252521292,-0.09444259583382661,0.10750816663035458,1.5210447643908778,0.8069817342401632,0.5356622064524476,-0.538938884890749,1.4895234945794031,2.0429091067132177,-0.5916410976305121,292.81,0
-0.6993069225901635,1.3572912478509274,0.1850359425547598,0.7962651030052742,1.7876607167974408,1.9173954077195055,0.782648186382152,0.9580128012596519,0.39959147414304175,1.8415028220713892,461.05,0
0.6759765912969101,0.1953971471555885,1.1907618713054802,-1.700253397183298,-0.9246464208277919,-0.2658541080030404,-1.6035670484468392,-1.1701956256805597,-0.14072194958186032,-1.03996694674211,231.74,1
-0.2149552072292829,-0.15467704597958037,1.167440387556215,-1.193015555208079,0.03696627279929057,-0.09191426072808277,0.693223628306804,-1.154869206289829,0.1295975278251196,1.3649096634025546,250.46,0
0.5013504664404772,0.315922980810804,-1.5673712515936193,0.9147879161361412,0.286329260939879,-1.1196644720084796,-0.4049831858774522,0.44004141463028307,0.05805555233765382,-0.14391226530645584,280.33,0
1.4310432564791076,-1.133053101800809,-0.4687460555367092,-0.47740127381505637,0.6809061115717334,0.0035861483890667675,-0.6560416612747917,-0.19138960056649257,0.311577084567915,0.1750348990894464,453.54,0
-0.6693213078386874,-2.1327536205384163,-0.8197953038318444,0.37320099609392515,1.074704261196826,0.24271442043678362,-0.5840477176811928,0.3446681059908665,1.042757339784617,0.5860675006885928,30.2,0
1.3792530289003595,-0.642371513289702,-0.9714977202678089,1.230883508241913,0.76125907032531,1.3209414301146283,0.3696717769572565,-1.9245420892831653,-0.6358529220262011,-0.06099460474402135,255.67,1
-0.810105044897925,0.4076607054521876,-0.5498677579533865,-1.3690962104340798,0.9644371817760865,0.5426396503617853,-0.6515316447820677,-0.46598783498895,-0.5356609356024836,0.8037091725003946,188.52,0
0.7372371465640974,-0.6626452517659406,-0.3313206690925943,1.2782498204609138,0.41034094412298366,0.49121511793911193,1.5939092574348614,0.3679302465451692,-0.31230578122955127,-0.3599022247079037,153.44,0
-0.44544506404647344,0.9615427844847694,0.7818700944639639,0.4795208635021156,0.22966267048558547,0.7223188261765503,-1.198263859049779,0.010583191163501482,-0.21259544567024827,-1.3409794950056657,358.26,0
0.7693588732753198,0.10551412641292178,0.29646620395208767,0.07830923216248858,-0.8883525491905582,-1.3095689725058333,-1.7037697355711126,-0.6383244722832636,0.16234891858535935,1.4316949759511928,169.28,0
-2.0096891765823366,-2.0669829146560788,-0.5755845486981113,0.6988509763827081,0.494449176643697,-0.20613170193693758,-1.975007304087261,-1.5978520031501249,1.1112532189293851,0.29950068232124516,12.76,0
0.9469023871354185,0.7935709633473751,2.0892882551248553,-0.4368640435069295,-0.3672360990648198,0.36718205959597555,1.1300717251962733,-1.6435845775502058,-0.54479191505313,-0.14654078388501784,107.38,0
0.0632405295753308,0.6987005325199614,1.3885466348012905,0.8523426783925386,0.11289416667108708,0.15859449351948526,0.1017289114210685,1.8828516907788633,0.8150942887545647,-1.0380493035966412,146.15,0
-0.15013472244591178,-0.7532162469032789,1.1124116006801836,-1.657242354191307,-0.5664241893084078,-0.467239766503035,-0.4533866712059288,-0.8385837035397367,-0.2881948590820894,1.0191983760426655,91.05,0
0.29669021119855404,0.4692786137817724,0.9539248536363333,0.7667962666744984,-1.7574227907262097,0.02899250142672475,-0.012750442716481847,-1.3296031358048677,1.4993569664514872,-1.1821156518069902,381.95,0
-0.4880180668612813,-0.16628140427247942,0.8861545150076829,-0.27838066545998374,-0.8388384146477936,1.5178789042446672,0.3217694997772945,-1.4071917028307415,0.1265187984334369,0.6870577703853976,303.08,0
0.3328948804368965,0.6303635857673405,0.36425947811265064,-0.6818350598731023,-1.628973891193899,1.2401175118304808,-0.12494458875809908,0.332865348291849,-0.1724651051508304,-0.28415464870496926,345.67,0
0.9583553973396463,-0.15650064108566383,0.7032323093409378,-1.5323825295360027,-1.4146428468908967,-0.7276104277688124,-2.3456800442789323,0.13867290038306798,-1.114685634606242,-0.3510566118076821,270.96,0
-0.4305128128462029,-0.6450949486886243,-1.440114681649449,0.47697241835901244,0.6442237229673458,0.5596988055327021,-0.28571112606802873,-0.15620738632804945,-1.2918620204598288,-0.2499677994416289,341.34,0
-0.3358794718716014,0.24810813937819684,-0.8534307018552129,-0.03359859312948896,-0.30315825969643717,0.6315252924871739,1.452146579881756,0.7391909460955377,-0.09218569582474477,-0.36404686913287587,357.77,0
0.3753917992278246,-1.7647389068838382,-0.4768629123419971,0.34978883670779864,-1.0925056950324956,-0.07338975549150215,0.6375404316709996,0.6486293951997835,-1.2165191472743508,-1.1976659048145881,379.91,0
-0.5174033655857807,0.9241787718969016,-0.5106518662708581,0.012490723804463021,0.0405279193858057,0.0760367531852246,0.1719097109174778,1.0842703331133272,-0.10021722482418444,-0.7158126144243168,388.95,0
0.2636039789665426,-2.282919164565565,-0.2400366178417384,-1.4385684084924608,-0.3096244175313815,0.9422272615542676,-1.9147356746182578,-0.9517963642462215,0.07654560226248859,0.6331373045129005,137.68,0
0.9845445832790591,-0.322561684142271,-0.9067298112723563,-0.007543419116942506,-0.2086874149830048,0.7596806295693412,0.6396302756422276,0.10353259900696825,-0.876921510746251,-0.5579739498772894,120.89,1
0.06720653660355164,1.114890179003906,-0.6643362158399483,0.3329759966676641,0.6583383193992355,1.7439304768846922,0.8955784002762045,-0.4411302676153798,-2.3333320406345326,-1.0088038559810857,361.53,0
-0.5769609178806864,-0.7444771599048797,-0.6470719583229707,-1.5575291643154574,0.2800183417830637,0.0004799166096253721,-1.7467567185854578,2.392811923316658,1.2899602411464575,0.705263570076903,491.39,0
-0.09687547153482184,-0.250870338198623,0.37097679054749977,0.5221871851950096,-1.1738129976091647,0.49418216893841216,0.0163476528282038,0.8721541912513567,1.4151375986874501,-1.3633832040026936,362.53,0
0.5765398863316514,0.21085969960886974,1.0024203354517083,0.18924463296609725,-0.21506024665325785,-0.08674746481481924,-1.3673904092038258,-0.28995409281710643,0.6478226563331398,0.5910124232145063,253.25,0
-0.1949858486545655,1.48450367660026,-0.13209206495474624,0.95344260443809,-1.3344680133483262,0.46537526800091716,0.06831586940361678,-0.3114142613114037,0.5748198150308561,0.20511119394349575,152.94,0
0.44013849735555244,0.5498112642445386,-0.5974471896693396,1.7558816983155083,1.5236724123060408,-0.06149851620258183,0.49464976699309887,-0.7760036989098816,-1.2907975573314605,0.5851556720352994,66.5,0
1.4609648691662134,-0.2820917077174604,0.283928040032799,-0.8793366427617381,-1.5340238911815058,-0.486497383518807,-0.05650550326043231,0.9846663955462289,-1.2263323914257045,-1.0354694688517283,291.29,0
-1.037955307258315,1.3267877227984735,1.6379532771684233,1.91907635239178,1.317324238988884,0.2848908626362488,-0.018928051231679646,0.7197153218512768,-0.17186545265432684,1.5244253913929802,41.92,0
0.5673733813926501,-0.29386423115846655,-0.596127515975974,0.1582800618451043,-0.1310948450457487,0.6880614562574382,0.27789215604723966,0.10190203986358945,2.3690556594449856,0.821302051209182,463.39,0
0.5656265642009505,-0.6336780124606876,-1.8007358301638658,2.9468568468941827,-0.23340635206182428,-1.2785555968875324,-0.13544508647197098,0.5406446710341468,0.48500737194112103,-1.3687886016384925,32.59,0
-3.2896542977770107,1.306588829487051,1.5855183509015898,1.408561277772781,-0.118756678751733,-1.0209472472221117,0.752516418950487,0.14755212829559167,0.5265639560755386,0.09223965920394639,67.6,0
-0.8535052579441659,0.4763702683174399,0.08066046519112331,-0.7254380131737984,-0.153366364253903,0.37672305727692607,-0.5385420591763381,1.54866148680081,-1.280364802118228,-2.04037304373267,379.75,0
0.40193371123011284,-1.132393082647428,0.46536548824835955,0.8555391075841837,-0.5720210970614372,1.1270110370381874,-1.1619109038775133,0.5775010908769278,-2.563511105984526,-0.17291767007765313,444.36,0
-0.09890614533412025,0.2559415270044863,0.21718271850481896,2.0922229641006536,1.5200220333686736,-1.2182375727904515,0.4252016062994719,-0.6581306576404379,1.433721720788498,0.4582359295731014,91.51,0
-0.15274706462105572,1.6318733971675086,1.0931813720385248,-0.25117827801283293,-0.16030367412869495,0.8199723533397506,-0.10448611359535362,-1.0821970292295586,-0.4078802497374886,0.3556633049846755,26.66,0
0.32040027962740436,-1.5610224054605222,-0.34937574715820274,-0.8082046366807142,1.4656833606498247,0.07399503394747733,0.49077081183054383,-0.7581284367227227,0.7039051382000543,-0.6750738237044244,68.17,0
-0.09029702033905526,-1.1097396707776273,0.3417500248614453,-2.6201215230451353,2.7570878593309986,0.908534884602827,-0.2878543425661661,1.275794230766795,0.6575647857127023,-0.6544394777284271,357.23,0
-0.3976229357522246,-1.4259177635514235,-0.24578106637880195,-0.5250265585697588,-0.425172525519568,-0.8042658147138695,0.23488302903148964,-0.5740596083861831,-1.0336600284908402,0.3792102198653947,444.81,0
0.23446615903971726,-1.5202125226000105,-0.03570579094357966,0.6454240535960547,-1.1049762500363234,-0.150629541781341,-1.4077628971191198,2.3815030423126182,1.2230140731730925,-0.877034102142067,358.24,0
0.5758276165553486,-0.288829630933079,-0.038889865297490465,1.082072597004616,0.9999623944241378,-0.47144644525472745,-0.8731865519759924,0.9802250362625768,-0.6274067534455374,1.8190564732745813,183.37,0
1.9900076113522016,0.2562562187102923,-0.6233472726560146,-2.4073012519578887,-0.47103190291572866,-1.483683442287383,-0.19458768459072598,0.7101087897979577,-0.020371363780793645,0.2884650509451154,302.4,0
-0.5106954079518069,-1.1078543347004761,1.2030371790786873,-0.9437057254871561,-1.4668908023172842,0.2515104413471794,-0.9893056406619588,0.2832669123011989,0.3865752742682928,0.5688729619236265,254.85,0
-0.4090668874166745,-0.13951622808922853,-0.6978776731572187,0.769112669965394,-0.45422879236997277,-1.5991266144835132,-0.41210801956169546,0.09608831790703623,-0.5199862319654298,-0.6187762057801458,260.62,0
0.45638663019972997,0.6485028009629016,-1.5963477311488052,1.2272967446465568,-0.6298424820330188,0.0741755278631725,0.4051533651319727,0.7725177550907586,-0.7849083454896104,0.061125553636793444,412.92,0
-0.5829638006088375,-0.4670161187649725,0.29181535972478756,-0.9169045923044311,0.5557202866132502,-0.44793576919076894,-0.08498541067737939,-0.0872682297149313,-0.7420628977244076,0.19113784481649276,477.8,0
2.5963394820056496,1.4515735663538085,-0.6564557312591857,-2.2981253349850457,-1.9806374548458638,-2.1047344434724193,-0.7504348803255676,-0.5307195404710984,-0.7748321481076152,-2.3013153764989926,443.73,1
-0.31614881842808684,1.00463494846103,1.5813731174429442,0.47385723671332286,-0.17116312920611013,-1.3291746595201746,0.6431945391966513,-2.041523051156091,-0.9441000299217074,-1.3503719000611434,379.38,0
0.48666967607124506,0.582736334068213,-0.8537363532157498,-0.19721057105070844,0.9959296427166617,-0.9201080364660617,-0.7822569531160163,1.139973648938454,0.0028394190466540753,0.7169416546020022,229.19,0
0.08246309706909778,1.0468718148352358,0.31084435803098154,-0.5637545426841504,0.08121173000435555,1.1378801708509216,-0.3619934336681633,1.0005837400068258,-0.27748291733619473,-0.4583469123990507,119.42,0
0.7882807675271908,-0.8203274399924131,1.3951607093885992,1.11257962126841,-1.1545449472253146,0.9274978902490875,0.8858856428508739,-0.12467218128080854,0.1367423428633513,-1.44911105493733,188.4,0
1.1186254018965052,-0.7514730037208684,-2.038605428786334,-0.5673735843707877,-0.8946479340573366,0.21116280402393825,1.445250752396693,0.30566707135816756,0.7803997957575253,2.234582189535239,432.24,0
-0.26374561477423153,-2.0449210321851763,-0.9558449198205267,0.30592923178037856,-0.9380428917680188,0.8215577842306462,-1.1597729777245933,-1.1644298611600785,-1.3422288341622661,2.313375705911786,4.34,0
-0.20923531683490865,-0.33959436336763305,0.8530383656770469,0.6500694282742029,1.467772435563953,1.9151631076421893,1.2017539284759244,0.5061895990646543,-0.4480521482166965,0.9541402315261579,160.97,0
1.2904211857376986,-0.34946500301224553,-0.21112317047142967,1.2077383765949696,-2.8006810131455313,0.6142423652047633,-0.7409083192496997,-0.772060757994185,-0.7694516424336635,-1.6544355777758135,244.6,0
-0.2853682552132819,0.7944656126337193,-0.8468045193394358,0.12859468244603275,-1.2079294072523852,-1.933151742190223,-3.1974629505360035,0.23744121453464104,0.9279498896614655,0.42642442722394236,20.53,0
-1.3364072536878158,1.5648955140231304,0.724092743287837,1.0707476576325277,1.0176323434379109,0.6757653050958702,-0.29284389907213004,-0.8242780546973534,0.49539036557853483,-0.6031265873906089,52.75,0
0.21720781007216985,0.029589324312728045,-0.5341616819088046,0.22527374337964703,0.4032240658449616,-0.20084146619936655,-2.3180121458973475,-0.10630193065765862,-0.5547094897495013,-1.22124185037153,354.13,0
1.8487456422058728,-0.7958169059137283,1.2889447613622627,0.010202131494442193,-0.1526602850054935,0.575494637746885,1.7760007315424449,0.008833797329610033,-0.5070503485408424,0.5918453099703352,471.74,0
1.0442127420639613,0.5169135285591889,0.8758115313777607,1.0628730624592284,1.0992807644383646,-0.03229046494722427,1.3815272658409932,-0.29309169166010607,1.366411144365748,1.614330642956462,337.42,0
0.8832807529922706,1.0572993888136728,1.008769434500794,0.08831437373235732,0.5923053737012597,1.6290129300307077,-0.9926246365113203,1.2960757155283915,-2.3843594692359478,-0.5479196170809868,118.2,1
0.15566122613556996,-0.05996576638348815,1.029355460144459,-1.5306996360696048,0.5859152082780612,-0.8344350691664106,0.9224679687791799,-1.1277309217178915,0.37783865693137725,1.3964198644098105,149.22,0
-0.6913754144783438,-0.014598304207299264,-0.11611775918375322,-0.3544050457765114,-0.08735546279694516,-1.5642734554019857,0.4981005591120426,-0.26029039554376493,-0.13820961846652094,0.9036668000809891,303.58,0
-0.6264691548067319,0.05865591142570968,-2.504198647956189,2.0435145286929672,1.3042647632442863,-0.34250615919850347,1.9099053388180014,0.4181267592667695,-2.1829123114963456,-0.8148575775037423,492.92,0
0.5395141332486953,-0.515973215438703,-0.49931471306200464,0.4141805893429018,0.948125690187563,-0.7727224772291409,1.946273762728207,-0.15102224326257296,-0.03611536423366636,-0.10346796959554833,326.75,0
-1.268654641332726,-0.7207693226237832,-1.469759955973116,-1.3567912337124033,-1.0253887021687182,-0.4008996825640958,-0.8877479280707813,-0.5191971373130091,0.09607790782473728,-0.7702402740321882,42.08,0
-0.04888363486802362,1.6171075324355677,-0.5589297227311724,-0.29853095978976657,0.3646266358360054,0.9475859137457081,-0.4677354390080789,-0.8022458205444403,0.6919633268797586,0.7530620753237653,86.79,0
-0.671754392416463,0.27060454614608503,1.2181761744612944,1.5990468932545288,1.171520517905187,0.39886953582574536,-0.38219156809057026,-0.2634926606285213,-0.1279248943130351,0.07992590915350894,356.67,0
0.7831866874233879,-0.26861157951204645,-0.27685011959363337,0.7759716800489347,-1.2592972872846953,0.4359109341695665,0.05627140449318138,-0.08986555988426347,-0.8522609463349803,-0.37837556219742335,371.68,0
0.47437358457395595,0.005701268709603905,0.8814584489309087,0.7988369736767592,-1.1806474345958027,-2.1971878673507597,0.14221796823593488,-0.3344516559526683,-0.22673354707049087,-0.017102512331744917,39.03,0
-0.7936984047841662,0.19702178766097392,0.288184727668653,-0.5247289899517756,0.2787136822201185,-1.1237951993247448,-0.31548173414858116,-0.3406594707014828,1.3916693470931598,0.2521509251333473,289.4,0
1.0984329638877937,0.02518047027196362,-0.6250035066589418,-0.14326261509289914,-0.897934517862041,-0.18585657114555706,1.321666603115223,0.6452454796860885,0.633261325428642,0.7941635930752861,410.28,0
-0.09185749870815695,-0.02182873221794616,-0.10915952097530085,0.7724231123249525,-0.19867708170022053,-1.031546466014774,-0.5288668869185057,2.359596297848939,0.9776307161983263,-0.5662760492575355,95.94,0
-1.9075675819362334,0.5182126885478936,0.7274285519695372,1.3315294651761835,0.07301935688579421,-0.25519200474798154,0.913988817999322,0.7575963741820249,0.8573050757697205,-1.2381685117196484,352.88,0
1.2862979294713954,0.2278391264646058,-0.09438274241739872,-0.48276562073670665,1.2645928917060942,-1.302096186155935,-1.8159484369996897,-1.4003492563727589,1.1213041279362839,-0.4285768286948046,206.24,0
-2.4888600956496902,-0.4118590791562904,1.1488362859312016,-1.1977528071910135,0.18271006657201944,-0.9085696493968854,1.954332256527914,-0.5872785891423876,-1.390616237910937,0.14023523120471973,328.13,0
-0.40210966515867524,-0.7630745942023266,0.6346122293830603,-0.05464327800349319,-0.6404865885335281,-0.7472098043678629,-0.9666195644013746,-0.05338879400588121,-0.2326757878061487,-0.4946826579549668,280.15,0
-0.22626337483470646,-1.1013899176900037,0.20447586952150604,-0.915814014932551,2.5872259068879773,-0.20600741980099754,-0.2803885112930218,0.726161876214602,0.5182409233768663,-1.616802457941365,468.94,0
0.7900347121550214,-0.9026986521950634,-0.47104112068676574,-0.6728997335503571,-0.19366656176360766,1.1036479677253115,-0.9175607910348778,-0.5797339512730283,-0.0867088264354812,0.43308118976224513,79.17,0
0.29239674339000565,-0.06390524546114053,-0.8274902894074705,0.09700580805481025,1.980959573320991,-0.725207840518773,1.159942732108034,0.23595494079377577,0.4339472897767218,-0.26569461093921193,106.54,0
-1.7756255516565516,0.7638420578710946,-1.5060867143282552,0.16429284407766007,-1.0071104672787319,1.2287070334946442,-0.6296264413977224,0.21066007906800124,-1.731093681700368,-1.3421461555587808,89.1,0
-0.8897582866684625,0.216766445436526,0.7891535395590692,-0.34452271739390594,-1.4119816487288812,-0.5501525965664559,0.17991372695275246,0.8627490362162904,0.664037373296837,-0.1267964311716954,350.46,0
1.048773355970575,1.225875191327851,0.6573504068355999,-1.8973229769988957,-2.3897118476393397,-0.7205248719335663,-1.3158923124589452,1.8187145627776424,0.18380419670597886,-0.7104833383513716,92.7,1
0.5435391975205524,-1.6247699825643551,1.1457372805381034,1.2980638401621074,-0.5410452463431615,-0.1455771905557707,-0.5757733018495845,0.31154656465540204,-0.4619992477837493,0.13843503062565124,207.91,0
0.23117782395981026,-1.3012430401863535,1.6772560573409547,0.9485283378861522,-0.13814120141259037,-0.9705899809598209,0.23569862500122515,1.2167499299775812,-1.8374340790825066,-0.7263109948855648,442.97,0
0.05108890965706963,1.4943859598389468,0.03410274597634849,-0.23652492254719348,0.3101578003145433,1.039363728859914,0.14880307440475343,-0.7065915748493977,0.8397332187146618,0.879794504986209,139.4,0
1.6130625590682195,0.2651278486598858,-0.34215590447698424,-0.5482521854193346,-0.6657566805015445,-1.200715969865381,0.23133245704698494,2.261091891358701,2.4751912091120367,-1.2784082049809562,75.26,0
0.4407651851124841,-0.09405818382326343,-0.29308636333970045,0.28316263392171487,1.722786197774714,0.7475853421486053,0.7893908304017283,-1.2586443567664667,0.4476046911094635,-0.039553358293694614,266.85,0
1.3030186899999412,-1.1086975390032756,-1.369696413015922,0.699938522953157,0.9887764682671619,0.42415773574787907,1.8786722496345314,-0.8219902200685527,-0.3145323266549937,-1.839821282707643,327.9,0
-0.515881151192413,-0.6221529718852762,0.3154906223469664,0.5916699328583652,-0.3060345081867192,1.1331074835785104,0.05031067804776477,2.8775816784923034,-0.2006451937572458,0.89814399339169,248.36,0
-1.6670624244324248,1.6903916903705938,-0.2836834660060418,1.7643043805831753,-0.3596788213933247,-0.3759613410577004,0.4896334440383078,0.1837417815667719,-1.5994411495024177,-2.070252861261776,273.46,0
0.834043861159437,0.43616887744045885,0.6278095561386667,0.8883387831523872,-0.7303248045582162,-0.5357540118554637,-1.3578811392275931,-0.2996454061956558,0.8836994377010018,-0.4062299487911003,96.81,0
0.007543300440989568,0.49443339166786143,-0.9497814871118166,-0.5312818408925948,0.8285090918415939,-1.4796185609396273,-0.01356876761161405,0.6803303305500018,0.3805575892820178,0.49267617470250186,147.73,0
-0.36954509068601726,-0.7995755381177804,0.5565735845984692,0.38621151542979687,0.583066402613613,-1.314525980357139,-1.111409625910628,-0.5588006375547685,-0.33682988792264706,0.3451853483924733,329.75,0
-0.9065867852231551,-0.0881201165079781,0.7838647694586199,-0.10165643777907814,0.974498961543635,-0.13013781500611762,0.6399787617809654,2.2206953548736634,1.3418068069236715,-1.7858648454835775,403.41,0
0.8976377766841248,1.0183156970362972,1.0440600388298162,-1.2141717993680967,0.4641636816316696,-0.6704340645649258,-0.26113763574038046,0.5561146081136995,-1.0869888464310398,0.3967916830431259,180.7,0
-0.9123875414193295,-2.33101213725235,1.132228830085507,-0.4408509902303693,-0.12350667723179776,2.671241583010934,0.7008341222964436,0.9506131184111,0.0436778828652354,-0.9672016500634155,354.83,0
0.5452812763738641,1.1770052628746928,0.582057058792653,1.6891391711651143,0.0265864306688035,0.7864814141216402,1.0107443744934055,0.16989538110841987,-1.1070697599685544,2.035521355839704,99.21,0
-0.1183306385535007,0.07686556860873926,-0.27030488327180385,-0.3437394015892182,0.6894850610622013,-1.2500667122358289,-1.5754696749515607,0.19674438380159154,0.4549929119309282,-0.8312611234219092,149.04,0
-0.8881995126276642,-0.5692804292821755,1.670728956237307,0.5700866363416689,-1.1692130981390028,-0.3248666170481078,-0.8185774597105903,-2.365984979447554,0.08638815974086939,1.038794861056191,3.75,0
0.12445465583307753,-1.3652699254229463,1.2855683756039678,-1.029074086195232,0.05571643376373526,-1.384368369685301,2.174512758576328,0.20448512199873223,-1.0088376653884197,0.22125076571289115,110.45,0
-0.35993316240551404,1.8924327571148918,-0.3952554398457892,-1.236568923994067,-0.890626935954099,-2.0569427671587777,0.01213991989563804,-0.44221232299127283,0.17570682814307434,0.3550013959322023,381.03,0
-1.010359862034617,-0.6698406156776392,2.0722895862648674,-1.1629821365348,1.6301316770955059,0.7623987220619414,3.1041149304456552,0.9815881139757797,0.07616827225006298,0.5421877635595135,42.89,1
0.531987667424715,0.9210384602878012,-0.4807596622391893,-1.3329632434690013,-1.6162563062148572,-1.1620201597338,1.2478251943125866,-0.24972838155069293,1.4259002810399228,-1.2627528768794625,39.44,0
0.5912670093125535,-0.867144453630324,1.2154911573920248,-0.3858050978975215,0.9895942984560031,-0.7514144491633226,-0.7447989241677042,2.0000809674719426,1.7113077211430947,-1.375423136099128,319.85,0
-0.96331839494703,-0.8816208933585642,-1.789557095073246,-2.1383723296277912,1.8151320727866878,1.1679375786358335,-1.7170426263377236,-1.9872797915515703,1.485064110598309,0.8925725087068312,250.4,0
0.6434127319215035,1.0268114109658746,0.26251058670209043,-0.30742582217574077,-2.370512135047116,-0.38699240203333374,-0.221799229383193,0.13089812332576992,0.20647641419032134,1.8773713063989133,387.39,0
1.8311961660242722,-0.8843606661367317,-0.8125431539443112,-0.20396932883389648,2.5226212659186693,-0.45536197003926127,-1.2515709819886873,0.6872338446927546,-0.2747910419461445,0.17757758153544068,195.79,0
-0.524173942507376,-0.07475537131525478,0.7947941794057508,-0.029872827701373412,0.13526624242272497,-0.09505220357368267,-0.9861472243228546,0.01068840279224707,-0.3440825112079383,1.4889877581264352,281.26,0
2.3862322451109126,-0.4348231037758771,-0.3251328610930849,1.1904711709869678,-0.6588751032689655,0.48953290945665584,0.033482326084307595,-0.5854343764196754,1.3074254567974417,-0.5020934522002165,470.43,0
-0.5277018103425287,-2.2658114595046754,0.37558230041008167,-0.5154042343813836,-0.9246661503033363,-1.7825133053901343,0.3559668194961874,0.42945785802548936,-1.3041339111110148,0.19825293261359725,434.84,0
-1.997764576788871,1.825858274895385,-0.26806498037763815,0.4655276136814215,0.3058377568399454,1.3844506876443612,-0.09335461802512116,-1.0898219107353746,0.4007984327492256,1.348053136569616,300.97,0
1.1900446403918286,-0.9091872291441843,-0.6454089707651215,0.18006158250432636,0.7703545253391627,-1.7665087545857934,0.20205826455415785,0.5172864305570152,-0.5527917985815465,0.2860774216730159,240.02,0
1.545212475999555,0.5252481338342819,-0.6252469907625008,0.6292448296681723,-0.9354294153007193,1.1757980058559625,0.5123091279236132,2.882884508194231,0.8783160078479728,1.164462709505227,24.76,0
-0.16745514819469562,-0.3704663000216617,-0.3645575154388499,-0.5077390358059484,2.1260657059226125,-1.0124040464238102,0.17590302320684068,-0.8730223155697988,0.24423224742617416,-0.18144266572881199,263.97,0
-0.39233548051698286,0.6671829035444028,1.1295149143589969,1.0941032733120009,0.127562843369304,-0.8723791517645054,-0.8481621503087489,-0.7796333385325956,0.1962556582380673,0.3721773295052354,234.61,0
0.3479235672867558,0.13063264660072738,0.14211091817242522,-0.7028996486466729,-1.91978208014764,-0.1216291145698885,1.3172999070904508,0.3800713956934942,-1.2585539770656744,0.23690026014655358,465.08,0
-1.3525795897273252,0.2839148454254338,0.15751451786822793,-1.1743160908546744,-0.26232919994891885,-0.8345841545121752,1.003790451746719,1.8095754892306424,-1.625884649603625,-0.10269868237829051,202.81,0
-0.9962294432223007,-0.7098933769491749,1.0021934444245106,0.06563649796114016,0.4021193802603795,0.4597665027408428,-0.2400338896545626,-1.8060042192213328,0.5887414356720145,-2.3772449110626668,311.02,0
-1.732075716946416,-2.2071646025037595,-1.3214709643091598,-0.6163044159802984,0.2330907082030393,0.09817394420407263,-0.3063880657831315,-0.7798774096233072,-1.6491464051311981,-0.3249429598080588,457.38,0
0.25482672271580364,0.7380613060655529,0.9407975410353503,1.6224219988859754,0.04698852821505403,1.4612082087851517,-0.5493193118296613,-1.9655028790666937,0.8982711864848034,0.11885772296036543,97.7,0
-0.11999877800370666,0.06574356548707551,-1.1554817077927861,-1.1843298708086847,-0.13970684106767298,0.5813145764489442,-0.22733709879086678,-2.3152774351223053,-1.7453029194415786,-0.6387865208508492,188.19,0
0.23147536255127654,-0.12720631894917997,-0.4374688090671879,-1.2802657157121227,0.37569581010741704,1.8028550493407267,2.13208677877743,-0.5362207423507844,-1.1642516936799112,-0.6099800407215297,182.64,0
-1.5305196045264278,-0.4511879075776965,-0.030372609647533886,-0.7188715736229293,-1.3543482846861534,-0.09495535967976151,1.237685672060509,0.2957261957511933,-0.3179709659998179,0.89213786383045,142.13,1
0.03191300123578929,-1.4016107487506815,0.982847814960587,-0.10017306149100888,-1.3847134644206724,0.15327463972026195,-1.766929725537123,-0.6187170941577927,0.6247752381568582,-1.3446078867368978,431.32,0
-0.7047478511695477,0.3141155841639168,-0.13408127679877,1.7776184635778556,1.6737411888218923,0.20663273598971976,1.954956271582357,-1.4249266485272991,-1.0396685054686987,0.03555531142816922,340.6,0
1.1965200966925111,-0.25734361584546633,-0.4451200939752756,-1.8181754751267631,-0.6563699619987214,-0.537539967424344,0.371749737056374,-0.7122784505669005,-0.024565111643595604,-0.10744046288929099,487.58,0
-1.809241644974934,-0.3977713275479494,0.6452088046147155,-1.4066976673502662,0.02222598104013482,1.2968854358551065,1.0075257182173092,0.92305343926415,0.24932758991502135,0.4348263084883058,409.56,0
-0.8200258234439713,-0.6056675600120739,0.17423697677106634,0.2667006779565821,0.5156358781710617,0.14419325321902446,1.1167710289421156,1.4291164375487926,0.3158918133024743,0.40427678317130855,441.54,0
-0.005169129996597107,-1.8947908461227227,-1.196619417168953,0.7144657010185512,1.332842728366444,0.7816197621023989,-0.9044261695472369,-0.9241846022399609,0.7867764172688966,1.1499119636044524,20.95,0
0.46822347621217025,0.9907595228514073,1.5273739328342966,0.7611542805832728,0.2860968711223143,0.5195877122035868,0.15568009682321388,-0.2067663156836122,-0.5486376168032261,-0.009768801916414854,9.42,1
0.11370240540025747,2.317601109708123,0.44329493926579305,0.05823572937883223,0.25134935460722674,0.10038778366759349,0.26406733489128614,-0.40850753331548306,0.3052348019675108,0.8592589980966304,330.98,0
1.5146233616653524,0.2272227164663153,0.350801164495925,1.009721203111686,-0.6421226892732046,1.5078644313912437,-1.135423018676147,-0.5831518735900819,1.1486925956762557,0.45216675234154974,305.79,1
-1.0646929082214032,1.6180966076506145,1.519356629085909,-1.4493986560955574,0.7814276266954043,-1.0705491352160978,1.219472569152156,1.5484640661873164,0.4558668041560542,-0.12384137782798713,12.84,0
-0.7226658795082148,0.2549000952627828,-0.8746697998584401,1.1458822116797256,-1.1257344051614553,-0.6973628665194942,0.39182223937919797,0.12719852115589578,0.638655094584012,0.18461638712526035,35.91,1
1.905366522268515,0.5436340597479047,1.1401373058177355,-0.2050093668169481,-0.6847231931013202,-0.20710095102503487,-0.12762150262745595,-0.1335466039180313,-0.705655545618745,-1.1854808778188735,238.71,0
-0.6294013740175275,0.7037267514212172,0.34878979086506284,-0.07418506680296272,0.7588357125490238,-1.7794392311413274,1.0835983264369413,1.3700923165190397,-0.44690184271598427,-0.43701405502224777,400.09,0
-0.5084307857446301,-1.4698071381024234,0.13555957289471454,-2.0195011355570767,0.0946200813241195,-0.02202102698483138,0.7150179344537073,-0.5657847598883442,0.7840245786163186,-0.2064181672127683,361.46,0
0.8076812975697313,0.2812689285992779,0.8272731634068821,0.285527564478709,-0.2851605248185448,0.574971065515719,0.2860945461758326,0.28505651628364187,-1.0096305708891227,0.7998600175253266,262.48,0
0.2575260729543392,-0.8556322137051235,0.19486569205065501,0.06378624175175844,1.5366523925306528,-0.7026432046387457,0.23192674833781715,0.294278973741441,-1.4402278148652743,-0.5291426412462911,223.74,0
0.03908831898366306,-2.4226328259643823,0.7285271393845343,-0.020038588503231633,0.45906648343123146,0.7621799834174381,-0.5196902236712011,-1.782201374450753,-2.751362532358973,0.9703968033910417,392.91,0
1.0900424168555665,-0.19093180132445695,1.0970783493755691,0.887504807239607,0.8123321209016617,0.6432707910063475,-0.8000380472429818,2.1809420626349953,-0.7206740654325904,0.6958083811611467,156.3,0
-0.5564613403867557,1.101116141518146,-0.31037051948675415,1.5231063937013842,0.782059789006186,2.5331483267892736,-1.7656046200395497,0.2814376403298332,0.6319148734519268,-1.2093099071946245,366.18,0
1.3839359079175129,-1.3956174392910758,-0.6780819777559944,0.5969645967816165,-2.2754566703218373,-0.47917023967319705,1.1051386972297204,-0.9115146115512884,0.9094045170175775,0.7196357125164143,458.02,0
-1.2144320524994814,-1.3872349186108626,-0.11080445912999229,0.010550312989881738,0.45209606854742007,-1.07820725605711,0.40329393126128854,0.989010830543112,-0.20794083996809407,2.313765524776148,97.91,0
-0.7472337323540615,0.16903590020262313,-0.1797389726412199,-0.8881692156687766,2.2481087162027875,-0.12421397089108863,-0.5801569525650275,-1.0614187446696057,1.0742250775479154,1.3202782440457441,206.49,0
1.1093158567452794,-0.24051993786534262,-0.053942219762836065,0.2553413715683572,-1.3082211912315982,-0.94239618426962,2.049977022358346,1.1189881121172092,-0.576678100844779,-0.8411686760677246,203.94,0
0.7564474766633851,2.00463308480197,-0.08687057873421897,0.00677946065808258,1.4624965907566863,-0.3757864238749665,0.2269299004092875,0.1289174522975615,-1.3088660188913772,0.5806365336936923,217.53,0
-1.3925822364492908,-0.3256827105991132,-2.4684276982665856,-0.14861956812723945,1.258150853560345,0.23976278088929232,-1.345490985534796,1.351600008794813,-1.1168046309239574,-0.6235040422177632,31.12,0
1.3748479771693922,0.06844603283634106,1.1455510229816486,0.022440284748753175,1.0525186377598947,0.030298843038728363,-0.10324085209067455,1.7114505515663185,0.6430591719817678,-0.6716620894105443,359.03,0
-0.8251496593645583,1.6999815259231776,-0.6694867566831263,0.39474629975562814,0.8047066163950672,-0.9507289358948722,-0.6981173702482356,0.15881125970164797,-0.3491578245909933,1.5021951024597215,312.84,0
0.28647431868081263,-1.8610262916862885,0.3305628412444131,0.20201272575253815,1.1717491665239388,-1.0826746128548097,2.1153635039814116,-0.5040035412805075,0.9615079563817539,0.5357223954195479,433.35,0
1.4942774882745875,-0.8501133628518602,0.09800301042991132,0.02327450685213941,-0.3595596167131028,-1.771401725731692,1.1929640718320045,0.1003419270426952,1.5596742301230722,-2.0570959131785194,31.66,0
-0.28948515649134726,-0.3414620685227316,-0.5421090009435341,-0.13167779148507824,0.21492911206537568,-0.44579798565855366,0.1771995843253948,-0.5584562199107288,1.306868991730122,0.2578584787949896,265.43,0
0.40454628475762683,-1.333846805770258,0.6170747301659371,0.8661503805687443,0.9942045997273595,-1.5344976270956545,0.788345822702266,0.5726540950415578,-0.019804709681570148,0.09633021574053094,100.4,0
0.024689592783529495,-0.494450685619663,-1.178728451933585,-1.0620121215781635,-0.23527727429871434,0.0944846148552402,2.1500016859754267,0.6621807072773673,0.012350711481707457,-0.2577466436761859,339.68,0
-0.26945952291963715,0.3403266841413358,-0.6381095023793295,0.20567948804553593,-1.6591059423869003,0.12739524229749508,-1.0010427959453658,-1.4550418106628917,0.5054269992207314,-0.36718599833012683,391.86,0
-0.23074065552493936,-1.148371796312904,0.05295747334810037,0.2901487971099537,1.3863344632810641,0.7941290621227387,0.21132827786167768,0.24225150691170383,1.0459936428604135,-0.4211671748627949,239.15,0
-0.4245489665174685,-1.314803135797022,-1.1717690906081348,0.7711477086477948,0.188819339760136,-2.212033945280101,0.7883500038825749,-0.7823114267404934,0.3556956854987743,0.19252557372283208,102.51,0
0.7924385381549071,-1.2614120609671295,-1.0577729541506564,1.570201882087849,1.6947703016572564,0.6606216314853511,-1.178456313746989,-0.4774824431700545,-0.5043944702815655,-0.7267644888959074,305.49,0
-0.43815523689036073,0.37687278988933853,1.932119832434905,-0.8340832571036478,0.04162330701041062,1.2055833600989514,0.11813661718496235,2.0149144457759047,0.7615715845425072,0.6865296693466293,70.65,0
0.7138099686931813,0.8517330744396322,0.5369069625294279,0.5514455316966721,-0.10117482544672894,1.1167148508525742,0.6328096939772007,-0.21307379994125897,1.0498239459348802,-0.2467782026944101,187.46,1
-1.6341184368418353,0.3624564251377598,0.29158690197480003,-0.595279614564839,0.3997517876694119,-1.4374488641046328,1.6147940713665767,-1.0177374601846336,1.4044122451737144,1.58620597222217,307.97,1
1.9627125157660206,0.16333845644677664,-0.9223606284982105,0.6819136485654947,-0.1718010718973674,0.03390092464885969,1.4526659270364681,0.08182908956031061,-0.17290984507801965,-0.4288163231712829,471.86,0
0.07180106779327426,-0.5071991420065529,-0.21728000480019005,0.5267985062805213,-1.2231368767772983,-0.5736201711165737,0.0448926617174729,1.7299684554128132,0.44758486448786683,0.8239329886366455,332.2,0
0.05065993884165592,0.3921150449186785,0.030903369545485986,0.07220946230813806,-1.4960318353390458,-0.3905232824304729,0.4116355443771077,1.1050536804917226,0.5744306562893742,-0.9682594157720643,317.28,0
0.4664028941064449,0.422953954303188,0.5312491177293659,0.18504168884167171,-1.8581025888031464,-1.4460216650519822,-0.8343136339012314,-0.992780924895701,0.49224673698054283,-2.0521788725257353,362.4,0
1.5761213150278814,1.8401385268925103,0.3955511750039629,-0.056674080929699146,-1.0743091924780557,-0.69630911038212,0.3386400129248537,0.19287068079913197,1.1846504715262816,-0.4401590085641469,85.32,0
-0.5288919317474647,1.4273478269753472,-0.6774994235718345,-0.3405719681849576,0.9046978240605535,1.2551661951933009,-0.26189569782564776,-1.6109667320144614,2.466243064844965,-0.8995018885216335,367.89,0
0.4022270790385073,0.7217411550755536,-0.24773198239977753,-0.808137147549765,-1.0803936362436444,0.8269505253481612,-1.7192151657972148,0.08370896865704244,-0.09126704364077522,0.39735783398099933,121.81,0
-0.21956140967294013,0.8015758739280773,-0.014254454857182675,-0.13644968785082393,-1.5374924313046796,0.2979241529171236,0.4362511115182773,0.013291713650157752,0.36038099713990557,-0.4098993551735419,371.61,0
-2.078693157651681,-0.3682287844554525,-0.705050546669929,0.2752639442578829,-1.0833658240334232,1.0860143878458626,0.44027378756651364,0.7004465083872782,-0.16378925514173487,0.19620114581095438,446.31,0
