t_0,t_1,t_2,t_3,t_4,t_5,t_6,t_7,t_8,t_9,t_10,t_11,t_12,t_13,t_14,t_15,t_16,t_17,t_18,t_19,t_20,t_21,t_22,t_23,t_24,t_25,t_26,t_27,t_28,t_29,t_30,t_31,t_32,t_33,t_34,t_35,t_36,t_37,t_38,t_39,t_40,t_41,t_42,t_43,t_44,t_45,t_46,t_47,t_48,t_49,t_50,t_51,t_52,t_53,t_54,t_55,t_56,t_57,t_58,t_59,t_60,t_61,t_62,t_63,t_64,t_65,t_66,t_67,t_68,t_69,t_70,t_71,t_72,t_73,t_74,t_75,t_76,t_77,t_78,t_79,t_80,t_81,t_82,t_83,t_84,t_85,t_86,t_87,t_88,t_89,t_90,t_91,t_92,t_93,t_94,t_95,t_96,t_97,t_98,t_99,t_100,t_101,t_102,t_103,t_104,t_105,t_106,t_107,t_108,t_109,t_110,t_111,t_112,t_113,t_114,t_115,t_116,t_117,t_118,t_119,t_120,t_121,t_122,t_123,t_124,t_125,t_126,t_127,t_128,t_129,t_130,t_131,t_132,t_133,t_134,t_135,t_136,t_137,t_138,t_139,label
0.913743885677674,0.04895032479460999,0.12016353529709137,-1.0657718591524392,0.2749674221394978,1.2641863423890447,-0.4303015572031521,0.40663858537274583,0.06781096024574645,-0.5333228188760288,0.5149479333002788,1.8173530939243778,1.3751457278586503,-0.841401519265332,0.11884804214105765,0.7313149783917847,0.08302697471658749,-1.2849529791664476,-0.7566114033213784,0.6274258037941902,1.9285499290308836,-0.6472273968315018,-0.9525358839562009,1.1283085291515822,0.23442883444809848,-0.3889152157968746,-0.19317614719697143,-0.14163834716897106,0.7512249529783305,0.22766328224210583,-1.5303653469692025,-0.12719871515688053,1.8358106151699904,1.1093483010100589,1.2541037722597934,-0.8353849012760958,0.3613747367354058,0.949450350078469,0.07420643566766924,1.1831310641523973,-0.8565117374719562,0.2131857153934703,-0.5934724822157684,1.4768440976993724,-0.05505890825822429,-0.2105749900447492,-1.1362901335644457,0.8282723007381833,0.4418999510321678,-0.018216403764369723,0.6031455111149968,1.0714544542766942,0.20195062453430304,0.44453467756567483,0.5416808662695312,-1.7611694890298468,0.4714259520678257,-1.6372046223203878,0.0074909480996289985,0.563372008170324,-1.8265614062362783,0.051732838743525404,-0.353650475194972,-0.24861632063017536,0.7767227158430293,1.9003469941298599,0.7352548202711728,0.02520512680590122,-1.3464412475914103,1.3676754321358253,-0.16325385589615443,-1.6862528634378267,-1.155982165794335,-1.2692269609546927,-1.1141157829242794,1.013983644802748,0.19828762290043148,0.54092736361186,-2.801130300830484,0.7676454086158361,0.6297491620906238,-1.7913062021172674,-1.2449171408329867,1.1380201938331596,-0.5962043149117847,1.00941274350802,0.010137683612180091,-0.512851924612955,-0.13991345348992468,-1.9912459262258135,0.3807738741231952,-1.1992991707769065,-1.8296931398712357,-1.4815619492243361,-0.908882125049506,0.5851225015730659,-0.799035712164386,0.7524144901259128,0.8852607299063974,0.9647004452914354,1.8375639777795019,0.47106816621365,0.5814498072467563,-0.6430822453170958,-2.3125944789278914,0.3230694567035218,-1.3681625629142686,-1.3981631537796975,-1.1646068777460807,0.6484150203094692,0.9662754813151022,0.1609245459664011,-1.1082324616269432,-0.2831114486657413,1.4106745517040076,-0.26527884372414556,-0.5018649596220546,1.3523664554927906,2.2807604848876957,-0.32834422159470544,-1.629203385977646,0.07742028788665639,-0.3373353972664735,1.4800689825501845,-1.2814404830171824,-0.9179270910144154,-0.3701048358622688,0.693475733633136,-1.0582442937555312,1.072779133628911,-0.491264555118875,-1.513925337529648,-0.8465575307824674,-1.3669247003348894,-1.2917123244074746,1.9268267975073052,0.13819128740644562,1.0620795979110693,-0.41127835909843524,0.6092160013279135,0
-0.8057900677453493,1.7120165803248195,-0.253099389422925,-0.8452106347891221,-1.2761976689950272,-1.145938100351683,-1.2737113132273699,1.726352636704756,-0.2172785795867971,-0.29119442777449345,3.292272091750938,1.5255792666475,-1.252989928460824,1.34628431965443,-0.3567171397861483,-0.1299025504722103,-0.592592225362132,-0.15082899654182158,-0.6032671684504182,-0.33930089741453706,-0.41895557811383977,0.4692548813467638,0.5027204154917504,0.13584482098709086,1.4816405456342732,1.0674636543347573,1.317847370304855,-0.7437492712625927,-1.157112541122641,0.2791760800303485,0.41550435005351266,-0.9983171324982442,0.33183064891633296,-1.7204856609461752,-0.341470754738587,-1.3015358052445494,0.4159844015586817,0.7908607227316501,-2.08443345546674,-3.100355224348096,1.5841011357358428,-1.1721876038136458,-0.5495332632044252,-1.0517368250090924,1.163423534744708,0.941715607014444,-0.34364865365928676,0.67999874776861,0.2803386197242972,0.30514905954150523,0.6289880419924883,-0.008565755910484668,-0.517088450296146,0.8911402683752919,0.16022403615046646,-0.01259607764101106,0.11114602078044047,-0.6218042019936455,-1.3190539384949265,-0.6331756184597387,0.2219956130657272,-0.08700926689612759,-1.0921424784559444,-1.410433883121674,-1.2171789334886878,-0.17473025360735173,1.59735092116497,-1.2061892626357573,0.7131076604384877,-1.396850821833211,0.7679470786067001,-0.6837764430686465,-0.08934552055541505,0.703213563546776,0.08589613424849234,0.24221219658185164,0.0991536601495758,1.850231603937752,-1.2775981332868007,-0.1417905402543208,0.009862807609849197,-0.8890962436965528,0.7986997956831359,-0.43599662524286226,0.8136225136106173,0.08466494186093056,-0.3653136805672703,1.7225404141038534,-1.832161863455523,0.6197292637663276,1.3994039179272797,-1.4906203733396177,-0.028059141475967914,0.4738773826592221,-0.8658108326264132,0.5639104059791857,1.4248689664628653,0.7337481558285334,1.8793025148529574,-1.0566660747162835,-0.22678979969495133,-1.525190238500498,-0.47197854173370396,0.5116153655683531,0.2634619784005354,-0.5511743856948027,-0.12637067101117005,-1.9802129248826927,0.03811153321855125,1.5548562348021968,-1.5441668602580412,-0.025092461613823735,1.366770876564456,-1.0224772609473396,-0.19855364289180358,1.1653736949140425,2.5980129636229603,0.262357267078545,0.3458513136129345,-1.1716400792091788,0.36429409342498564,-0.3155803613914759,0.33785710164860744,0.48266340910855954,-0.2293046251054186,1.2968665441061382,0.547394590580184,-0.7227815430834069,-1.2314613363371978,1.4498565267544488,1.1134111071701414,0.27982167249765616,-1.2984555693643076,-0.2993111970144486,0.5218798897938883,-0.926216297921011,1.8837583388232908,-1.2050590644369659,-1.1779121845838278,0.2233536120810113,0
1.2605708781967193,-2.531875661276055,-0.8452626659592356,-2.73471849333686,1.3097054767107361,-0.8416722043522468,1.6641362774187543,-1.7115878167001073,-1.0679405889155769,-0.369391999598271,0.45466803869563444,0.05065733084529283,-0.6528494236818265,-2.4474820391174483,-0.28072230014791283,-0.20011283626280324,-0.49115261963357726,1.335675048814202,-0.2641077084343315,1.4459002081718935,0.5035825167410107,0.5515705868482554,0.8542732978473706,0.3638056062493595,-0.3937346286084301,0.48204269051778326,0.8675265294127547,0.5107126952913597,-1.4820373232234962,0.8097156452626457,0.7422548560341012,0.8450063585891757,-0.31514122862523813,-0.7419108762145812,-0.03934712858475115,0.939120784963843,-1.4466581385820803,0.03352007277550823,-1.9914178783769128,-1.4142528068449882,1.086926901559878,0.26508472356272317,-1.1219471519793802,0.640541812524519,-0.6147243460095394,0.41834108610444687,0.43833181583165304,0.670728409739768,0.9031813314421876,-0.19948828943485813,-0.22874783464183607,1.3435687083388792,-0.8772965283742941,0.5128006298197921,-0.6628480345343951,0.05097488528484675,1.7717926845904637,-1.2322875721184212,-1.4341939157766186,1.410565376162059,0.2411245506367479,-0.7043823313752898,-0.12805448201608552,-0.20016292296465787,-0.282902552139268,1.354380013079307,-0.9101131903589809,-0.2211964640307146,-1.0761856565968857,-0.2097866262108869,-0.6542886681403154,0.3146303610161582,-0.14506822610811101,0.5833448812614764,1.3426005325047117,-1.1739408122817798,0.14452150974975075,-1.584421523897371,0.05382823553307987,0.5507067396765176,-0.3281351941896725,0.3924817623575751,0.3180559740957737,0.5825717337484584,-1.202351045613574,1.0863443600582328,-0.32039959326585854,-1.6531724895908413,-0.9184563540889279,-1.2586019595043605,-0.5361687049523964,-0.8599675558939113,-1.5308159493278264,-1.672239822847738,-0.023627759072564408,1.4218097911351868,0.13461833039100352,-0.5949629878232897,-1.0597678734885874,-1.278524061730434,-0.2628054426166284,-0.1985420629245032,0.5516949984171162,-0.35694109615507524,1.3886313191935056,-1.2943206780703937,-1.1243680245966705,0.41037172891816004,-0.4891362454271105,-0.5595910199142967,-0.7823483024344877,-1.3854101645972257,-2.102753795110913,-0.6714661553187772,-1.1360245097525026,0.2958680767712239,-0.05554824896952335,-0.6480436678844751,-0.5120088845616111,1.0920391318684364,-0.8193910387907762,0.9387323383427209,1.3533228799299277,0.29169350439642044,-0.38165829905305365,-0.19784475594372958,0.7697396505992655,-0.3423887150004689,2.391186060689332,-0.7898696358045972,0.6986317317195592,0.9413967838501924,-1.641806015449207,0.20895926675900175,-0.30584338001244904,-0.3206844798325466,0.9993575435861731,-0.21790029844581935,1.437591783658039,-1.258202381605797,0
-1.1679651434106568,-0.30930393636841125,-0.6235437565771152,-0.8264293908387211,-2.2973752999647084,1.0403148482337907,0.3643683170259313,0.5139175406936142,-0.7738202266129208,0.5492305904325329,2.1751215258460532,0.5795257324410378,0.004577212513352974,0.10196670455816995,1.232667497981571,-1.1493852600769074,-0.11051042516968289,0.033341433103895445,0.37334490191725217,-0.7303495018699312,-1.99048897583513,0.05884864591790785,2.366192772108797,0.4271799948029833,-1.166089270685885,-0.4948872157366743,-0.26808452451394066,1.5796701704470837,-0.13153143099419354,1.0970049606527037,0.1983548567694884,0.08152710050360099,-1.003297598008165,0.7962221741769415,-0.5432928336084841,1.125917672371787,0.027991231285297364,-0.09368241230066592,-0.740645948551812,-0.46842295684660823,-0.4592090785637561,0.045400030666491925,1.5861611459069311,-1.4430340871736709,0.1316884863651123,1.7755322239045022,-1.1784692945066373,-0.41481820575716843,0.8594861537054743,-1.2072583064227296,1.5157645911503754,1.2576295909520472,0.2690184717652925,-2.9565538398886106,-0.48225646539588407,0.9912712079803776,-0.3669065425818852,0.009127791670706528,2.0276031752336103,0.3202161971024967,0.23325638026349116,-0.3774155445170995,1.5737779533914398,1.0288113758097628,-0.4764222780238354,-0.7228468275386045,-0.815787066451993,-0.4606598018880075,-0.7762698157272857,0.1210284891072476,0.8490855298847145,-0.7911657088618259,-0.7038212187262836,-0.6057281374543342,0.3298491903735476,-1.009893767335916,-1.4852096488552837,-0.24377072038869607,0.07547752415123934,-0.1342020675623535,-0.1099776563410969,0.8355767665516658,1.1760998483025038,-0.061227115262219106,0.1225142872549122,1.8368709786246977,-0.25243446689851934,-0.41925759567374327,-1.3485748301329057,0.6813926532003831,-1.4405559511623098,-0.6335568767409279,-1.0137556781333068,-1.2829526042802541,1.51268023877912,0.13627718327432206,-1.5907749629227719,0.31628589192381446,1.007411721615396,0.47197780067675515,1.1326798725750398,0.5632189353342839,0.7867727113488869,-0.09412365116820912,1.5070200147668105,0.8138901429953437,0.2803580556118579,-0.8450157981371,1.0552457665720938,1.1919329647214618,2.147178870702036,-0.05078959638271195,0.4045738192918975,0.3870335031765874,-1.9472465728207036,0.863043250831314,0.48087025464918803,-0.43712633891968744,-0.8138677265666191,-1.1385942309109776,0.6367745418935128,-0.6778641214342699,0.5225944267853181,-0.07304453237892615,0.28351122530134537,1.321060483903111,0.5298909243538537,0.4381544268270207,-0.5331989341921308,0.5080293072346593,-0.024175310439102614,-1.2985820358138525,-0.1549647233688302,1.2212605328074218,-0.8833839752367033,0.35106998059227706,-0.1029408654180229,0.020308415825507086,-0.19699717876191544,0.27700427332002964,1
-1.013935230702809,0.5599406937200703,-0.4376139262084272,0.1823189001657596,0.2377567340108992,0.2628903954563602,-0.229083980370776,-1.2515408324516855,-0.5448376628590246,-0.3553862614705371,-1.724011048489737,-0.5349615255729318,1.1068524514919007,-1.0317252858149082,0.7621037053501298,-0.5472146707800112,-0.5844687375639492,-0.1905811219581228,0.3124029428600512,-0.43631727014811456,-0.5246590256581046,1.3814729990185102,0.12519544762877755,-1.400753302297103,-2.1073636772991553,1.4439812225617041,0.9237055482721009,0.17900756930202388,0.144724075807442,-0.01017488965131593,0.09712592929585319,0.21163929203829934,1.0435283276516945,0.9466363857953751,0.19673420001144282,0.21540858749077113,0.8411434874170596,0.5842720368530314,-0.08627601238392316,-2.8040597046067925,0.6933954062036509,1.1156009671563292,-0.26163728828126115,-1.11085519952541,0.93661642885832,0.9524830356100544,-0.8556028785660221,0.4749961716725124,-0.45570802786767095,0.3437718896612114,1.3953730418928143,0.47191770619818457,-0.6233827055512916,-0.5388015351467976,1.980606105956192,1.2780150690848198,-0.435992830976525,-0.1043299607792042,-0.342987611920107,0.18848667231491303,0.7915439116647818,0.5184654578384862,0.702832996297592,-0.7042424747072115,0.11852653987277913,0.8489741672431368,1.5182227929908332,-2.143474798289725,0.46454083525793044,1.2178549321574634,-2.0099133035078394,1.3662094768579507,2.2091908859563434,0.18413346701689018,0.5414338025769178,-0.9692919743002394,2.047267791899804,0.2831852430270353,-2.558518631184167,0.9662319979450532,-0.9067687341421563,-0.5041134402306707,0.2893374109471496,0.025752636804468425,0.3325007086476166,0.4468922460946896,1.345695015740458,-1.3528297076615474,0.5359501069223405,0.1667969017727153,-0.22622817928218433,-1.258509955477979,0.3965667933193559,-0.9523604865754608,-1.6873570020509345,-0.19366783610087365,0.5926477647018619,-0.7212187068266235,-1.8547357787997554,-0.025563518093920483,1.19930022319332,-0.721553262449136,-1.3680521864113515,-1.60159712045953,-0.713015577494399,0.025801747267247706,-0.4707566638684503,0.25334554272411214,0.10769836180646179,0.9986225317117444,-0.1367974106568081,0.6190874949255505,0.04112713193409075,0.18106577991283032,0.170653538079822,-1.0246914324289413,-0.0846059319400871,-0.632100435575687,-0.8337182700639759,0.39521786832089156,0.4924619297207139,-0.6304348679902858,0.6967617710290617,-0.4480777557220572,0.8954374356903051,2.1893716214864365,0.47856618643234705,-0.1095097218218966,-0.6871181973882378,0.20274452434331613,-0.9777753843481577,-0.23774513128952882,-0.8957918067630399,0.8406829619563517,-0.5302441559038811,-0.031833673710795096,-1.721874968318745,-0.3423131191587415,-0.3696747565486701,-0.9183344209818898,0
-0.2939991641208277,-2.4889212978993056,-1.1535176166764187,-1.6712056017670975,0.7605047775952748,-0.0267757693554662,-2.573002520634282,0.9920458633916045,0.4260424203586723,-0.10740180917697983,0.34086606247746143,-0.12951736175848477,-0.3540222201593848,0.08214938527749618,0.05775191916184413,-0.8165282961942699,0.743758859510164,-0.7945503294600104,-0.303172086081742,0.8483218780666085,1.0848207555263187,0.9437794198206902,-1.69401215122154,-0.18761677536603028,-1.159922841480549,-1.0461397644625257,-0.6401600009752334,-0.2897369746183855,-0.5560864320277029,-2.641440066558614,0.25614060887170265,-0.09272541751731608,1.232181677811791,-0.08860320260586944,-1.889541351319529,-1.3623541766026916,-1.6999131612550902,-0.2699117396011035,1.5848716313755473,0.4991760195422365,0.14043330898027567,-1.0975740458137484,0.4277624175624577,-0.2914601880237723,0.2655120638982034,0.513262246141069,-0.4679668277158975,0.282095498462937,1.8465650368658093,1.2611931248267336,0.908764412869085,2.380793637792718,1.9576649787866633,1.5214279650370233,-1.0432765692916608,-1.1873558719761135,-1.2663161255424824,0.8548689007774266,0.754522346142007,0.4552646483858294,-1.0621357067897441,0.9648724684136437,-0.29645506552602663,-0.2127617880196729,0.7157385329987039,-0.16465518460886314,-0.09235205756669793,-1.421037433903994,-1.5151589759831805,1.0244202929631845,0.32214562570085253,-0.9207415302648551,0.3481119857732532,0.026283730230295545,-1.2218267723562517,-0.10968077193292121,0.27013341923472617,-1.6835926661518228,0.88917125405881,0.20959901183581534,1.7024848055000779,1.2706145404022768,1.6132388398172337,-0.7045479707547566,0.592028237452264,0.07303748933670615,1.5457633881242034,1.3695610681019985,1.6833486393953827,-0.24135973193817084,-1.2286825896921292,-0.8988861210287618,0.4166859842408567,-1.2205994783079266,0.2103595427999165,-0.20241443450271585,-2.2813415933722414,0.2586821560833063,0.6800377817328401,1.2047982042659005,-0.5448762877186651,-1.0517483407365824,-0.3898457424859985,-1.2059130367331858,0.5481854020893259,0.11067510462922305,-1.1979175036632812,-0.42325622208776964,1.5609610838253025,-0.06155397234510533,-0.7250874746946571,-0.526956817546843,0.17484631584138235,1.8221404720987093,-1.0501093725146784,1.4284445666590724,-0.3086216636507529,1.2868094813226572,-1.1557083771320733,1.551880082328716,1.780832347774309,1.8645389314450875,-0.003865335097905643,0.002865733243754971,-0.7388208599884428,-0.976319489692371,0.8996618542562367,0.01577965906165655,0.4802845977441553,0.4251625879790389,-1.2932515920325975,-1.2168851355789918,0.7860574255500078,0.4316434724645707,-0.11935460617807753,0.3989651507195394,1.4496123101829173,0.9234177762217736,0.2632063056953451,0.44755417485234533,1
1.4741951890005138,-0.4112955916875691,0.23036904456141455,-0.02384967479846297,-0.635373061696706,-0.20065433134591273,-1.0172160259995153,1.062537674628137,-0.4361298390227957,0.21173026658695532,1.046311089027389,1.3801452926931055,0.059278078884413284,-0.09505727294375986,0.7048915453755656,0.41239564413377233,-1.14496407038862,1.6468295058146678,0.23793793105697697,0.8171269323673961,0.3546665161661787,0.5135263468767257,-0.16481148916174077,0.6967470198039837,0.6778004326861821,0.8527078763985602,-1.3681868802929265,-1.2177415178089868,0.1229601515263288,-0.4003891767366101,1.237427827867622,-0.8756494468203897,0.8922751169857863,-1.6680727428682065,-1.5181767209847257,-0.02310564012045369,0.35358721429147966,0.6447110898117283,0.9759647607221587,0.3206878236747497,-0.08488876327530363,-0.7955967333138002,-1.7706483069933279,0.6856402605286713,-0.8826899621923013,0.1442339096847983,0.8673471380557884,3.0121738333610444,-0.07492809418470014,-1.1115558442620483,0.15323631248239103,-1.8195347325832931,-0.1659388313295822,0.0214584798450503,0.15458031085047524,1.2084631106175625,0.7154050520413842,-0.6920276700263546,1.3464436684042373,1.2768774424572815,-0.8454137275655209,-1.6442408789103549,-2.2066253236783746,0.6126188716826978,1.0204439025402876,-0.40436453880738193,-0.022597925463611696,0.5492989979957488,0.3054616396189878,0.3717542927758457,2.114110205154384,-0.15903579599998988,0.1862210394043706,-0.5665013093735627,1.0974929205477992,1.5270826202502947,0.23703655239118382,0.38908568992215947,1.380428201844346,-0.3907833067796098,0.31376114412785294,-1.6113554859243375,0.13538171444204603,-0.20516236136535995,1.2019734751142657,-0.17070220692351556,-0.3145836469260042,1.606949320302293,-0.199485800139867,0.6418238847341935,1.4213150946223385,-0.5825944581353341,0.8642211545814228,-0.7418463493368134,0.6503238628527406,0.8666904582918081,-0.5496738290995467,-2.268329372901787,-1.0572801003292183,0.15542725858039547,-1.0657439788631595,-0.4112176270803322,0.5112029511152223,-0.2849936130346099,0.08079082083028737,-0.6649464205381669,1.88179180198194,-0.7218700578020426,-0.048604903841851774,0.5404045974074402,-1.0453508434254688,0.014837149983386191,-0.20902594029050903,0.7720654099067514,0.038161858028603966,-0.585079222399963,0.2967286223260184,1.1246898974452464,-0.29819025902601387,0.06146518422837843,-0.07947233332466398,0.3971935132750622,-0.7586468436496122,1.864403928086745,1.36581450305258,-0.34051995384160466,2.115474232531227,-2.4311258013885757,0.8678785214388005,3.6945403119163935,-0.24511623774525318,0.8880424381270655,0.8902622296591215,-0.21875684135155332,0.566008148865009,1.7055267724505123,-0.8563455507213061,0.5195629603506761,0.9695444780202142,-0.6694266214878098,0
0.129175871629094,0.5255135693406454,-0.6764643599865791,1.501087748122733,0.30770543132932193,-0.669543691631059,-1.1016519923037271,-0.23421922851681956,-0.2734689826464044,0.43677915964691905,-1.1518330882188017,-0.5999456374015851,1.5524337350704358,-1.507664433222651,-0.5692402352686786,-1.1824222323354698,0.2473625960843606,0.7436702253030915,3.5943738372735416,1.0024183618557652,-1.189270207208538,0.5838963361464342,-0.08650522506682555,-0.4487967563495614,0.023347108072160557,0.8947153568709608,0.8353282731011189,-1.3492818168686114,0.04385677915403378,-0.9956260139237278,0.16217306440085397,-0.4397609799754825,0.8199078951271701,-0.2741366371633187,-0.699698987401719,0.060158842507078564,-0.019561656057279258,-0.15844386085109027,-0.4461651533644748,-2.461909870440878,1.943900025093893,-1.3430815746967635,0.24104358697253625,0.3773236733143297,2.1781246955192657,2.312957439071887,0.40754791527743883,-1.0246619469483564,-0.9936358461380276,-0.62204946186837,-0.028975060705414158,-0.4646807629233921,-0.9697339982738006,0.08896803298885558,-0.8423038542812901,1.3831092447441091,-0.8340911375183799,-0.6843515271984179,0.11234042714331138,-1.306299487799316,-0.3712678245654676,-1.5033046832834185,-0.05961212837249397,-0.8281707378148823,-0.49465710295021625,0.1390012600197657,-0.40112276861506924,0.7336239556548325,-0.9891919455457728,-0.4725261860281536,-0.32483765376729545,0.8077739758817833,1.0555879421580725,-0.9724753708456365,-0.4035137879503582,-1.9342326320357774,-0.0008795379907915995,0.04522499810460575,1.4165295532286037,-0.1747077424509436,-0.12137533387534695,-0.44610782351503797,0.5287761673408456,0.2570962556440922,0.43010691252729394,2.141338097783004,-1.488423867226853,-2.7365290646190314,0.7125639057132297,-0.046533016823029426,-0.5734736322651179,1.0125683357073454,0.1701699435045596,-0.4066564497822425,0.8931933643717974,0.7516791561347332,0.6511649480609468,-1.272288945547897,-0.8221536152779512,0.294234999274214,0.4722606240735664,1.4042509477857144,-0.5753542562636716,-0.0029826520248530043,1.1711210244090664,-0.13896215302247536,0.16552948013470753,-0.04414930268379755,0.5698296917839222,0.5051016832226719,-1.606817759926856,0.6462008851061369,1.677051551228422,-1.3869289074451399,0.3399700085605516,0.5776959487159213,-1.3202690592134956,-0.7623463357383818,-0.6816164423461093,0.21732897032666032,-1.36428681824494,-0.6861076971614217,0.3635791923861913,0.8612781051504748,0.03093464155666591,-1.0512902965281261,-0.2733563313776831,0.20262643654279786,1.5221944611233678,0.424836035188832,2.0860729975107004,0.82749934457974,1.2149755236548476,-0.6514136959422426,0.7609894087298835,0.17975765436866872,2.449223629413739,-0.3472601172734993,1.7806559140213962,1.7176450243927182,0
-0.5737848241946619,0.31128048546273435,-1.432153601553037,1.8126817296110782,-2.1475261707460174,-1.6120909764600642,-0.15448837752732258,-0.9408103521013061,-0.9977549432720603,-0.34083991995193474,0.9574555247003051,0.9975764991080861,0.4589236888947856,0.49848736333039706,0.03891884203079723,1.0369071234161455,0.12398239736733409,-0.784683706249749,-0.2727054448641583,0.24103583928505645,0.857252224401363,0.3288345563399699,-1.2271666402581995,0.8444315443569599,-0.3674035321375532,0.5243291152109343,-1.5743744881315682,0.5783227439271335,0.9701219315602755,-0.5114006994225141,0.40297794459645125,0.19901629701133583,-0.7071370289332339,0.9531711078078222,-0.2118013124109081,-0.39069218729262484,0.5993695511593006,0.20380032848899418,0.6733737211753185,0.15621144606794204,0.41644085290966854,-0.06665171102902047,-0.6615890291470017,-0.7140723038181198,-0.6671753243984258,-0.513085915272988,3.0755759550591106,0.5491523994918441,-0.7117798951154375,1.0178218802004362,1.8800135456462088,-0.5177611454791957,-0.4578348320181876,-1.7978436215391282,-0.28047203853005465,0.802102914907953,-0.3362646920320592,-1.0361311328772316,-1.4880753345344497,0.3111077712451112,-0.6231327047899841,2.0271699672453196,0.05334480644021438,-0.7779869724559978,0.8814236278499058,2.040630484996855,1.8069333731312112,-0.9198108757897954,-1.2649488966041538,-1.2945264508811234,0.6992543977124721,-0.2916278515430351,-0.6850765332118768,0.8249022241848474,-0.8797319219141144,1.0162240785017216,-1.0039185362256378,-0.34757037621735754,1.3871247830548692,0.12463490873788537,-1.0324715782666596,1.5148515508607563,1.134883258218202,1.438640165325378,-1.708554208909378,0.29930729999147293,-0.7036735538879476,-0.6052856025254157,0.6425988091835575,-1.7501161958907927,0.15837281075128223,1.5332498860594883,0.14507489145038532,1.0936256891652445,0.12043212579784021,-0.8525496554407782,1.9298707833963071,-0.1922690784034437,-1.2595153219761517,-1.3874284312960403,-0.18577742910717443,0.87407322909681,-0.010897079682215363,-1.4973078772127462,0.08368817293773963,1.0909237168489576,-0.12744740317031153,1.4566638934946654,-0.8359776574016909,0.8976117280543344,0.48409157356159505,0.5282090739456202,0.44529155857970565,-0.32886443378964997,0.30019569521223305,-0.4269349736366604,0.2742442464994844,0.2919878973233939,-0.23310454973672856,-0.14235217931422578,-1.4286081754145261,0.052384019666821754,0.5907309192885796,0.24150790973427677,0.14277728001952214,-1.4361858854440273,0.38228117413733903,-1.2296280147249494,-0.7513281648161837,-1.1535949613068084,-1.0306890037893255,0.1426646382497126,-1.3537613148602272,-1.232281981329195,1.5822620261633011,1.8665187928042166,0.9948183057122015,-0.299337845050754,1.1398841080875293,0.5347977138960471,1
-1.9484191738920433,1.1600089637603885,-1.251460394121316,-0.5131212706639915,0.3025610708393617,0.29426110037590236,0.38332753820683274,1.1972578201432447,0.2704780967737931,0.1582151315141546,1.53347724760714,-0.07952749643545143,-0.1154953427577668,0.4481890813032755,2.000350977297773,-0.688169715471001,-1.7162036994467058,-0.010159538177247749,1.397035668601401,0.5847341010346757,-0.5148616016060112,0.006668788213067153,-0.983079638726742,-1.7825388648886897,-0.28433665147225806,-0.9955842429142476,-0.31298531564964704,-1.4877757964796774,1.7220084860855476,0.9481615341994472,-0.5327454041609057,0.04620845562366045,1.0617930793968038,0.30771292149890783,-0.347252185131813,0.47131251613496805,-0.26346576012952594,-0.1434126062421973,1.7474953767719925,0.42728376115176114,-0.07863045878297083,-0.9954959657999454,0.5411238945310172,1.0360396804404748,1.1541500039596537,2.5651177680365507,-0.9802097882628499,-2.002506703953622,0.9987024827988934,-1.1995175716671858,-1.1573158975948388,0.557084315669478,0.31340338903083426,-0.6405780608946564,-0.822043039571034,0.03199734423565226,-0.47976811338163555,0.12375124589848144,-0.99957046661441,-0.8783186818290906,-1.546917376027055,0.36622175692943815,-0.6476395701571989,0.7287217309232743,-2.2011996484160226,-1.3861042300460182,-0.17446749700540506,-0.6770797184142974,-1.0807468207201667,-0.28023969662135395,-0.28623490372381044,0.8706797608475831,0.26598902187637324,1.1262332189605087,1.535122925746684,-0.6338923273804276,1.1023338662188737,0.8739511306967416,-0.041171781717206334,0.5254032424763083,0.19303528143007628,-0.05818886249811511,0.2587943560804387,0.3262651391343245,1.0208974151541717,-1.0435213638783998,0.7621649695344161,-1.1513847915692756,-0.08394324511244342,0.26123959602068847,-2.5120048802393544,-0.2914553835051722,0.44569694162427104,-0.10934768415530864,-0.9176834235054081,0.7247606193085531,-0.7914915147473607,0.20793689612624822,-0.11039952243152769,-0.08536397282947936,0.16888925961569812,-0.6192877615572392,0.9062675851393975,-0.8123882432844944,0.8378029627879138,-0.3713846562655267,-1.988462913313895,-0.7814840228492113,1.30867355179513,1.1577401008962689,-1.9543802808773165,-0.739995083899022,-1.942090530286079,0.10000385137072978,-0.6776908359379502,0.35455369849209517,0.6742478027484252,1.512218699776207,1.7248145468507203,1.9233815837406207,0.9294941091683275,-0.14711881369968036,-1.8193054881002286,-0.7940643250102721,-1.3573743555808035,0.45934271903670837,2.0839112585984827,-0.8932176947104139,-1.4832801330837888,-1.029034456993473,1.7643480341898243,1.261767849209355,1.0693927159184957,-1.3458286508891493,0.9246452073793631,0.055853623863986374,0.8568412451835649,-1.0638689106462735,-0.025027823108854815,-0.588464234729442,0
0.6900828638534354,2.2023263864435427,-1.3021526448680596,-0.21067973932119663,1.0379787756922816,-0.41002630932818956,-0.8231237400084235,0.0961539503542549,-0.40279715000648214,1.7512716265496409,0.3197216901181653,0.5001961878627679,-0.8652280589517632,0.13705304481168148,-0.06518478321277668,0.6862904021610916,0.664935463815071,-0.5625140628463925,0.12902034186723835,0.973859446995768,-0.6198775652337541,1.9053671715103768,-1.1728832574731705,-0.25726674172621294,-0.8982767092029597,0.5095814321612845,0.011564396650749544,-1.344987646263144,2.083083779249467,-0.583217809670362,-1.9742160892396345,0.23694493954460363,0.1265033555048771,-0.629983980334034,-0.8390281913306405,-0.022221717063470744,-1.0524972912395802,0.8546487469507407,0.7722511168129969,0.07150959907867295,-1.1571440457391347,-1.1251636736706463,0.3591608349041005,0.42191427463364534,0.023461919883554234,0.5296427472994618,0.5295411692152315,0.021330495812168754,0.08007973606098238,-1.6267536065266193,0.032519676292516904,-0.15685255967702497,-0.8103782852719263,0.5887733767611465,-0.06333263403243206,0.2920004684219944,-1.9806083750815133,-0.1770752493469899,0.6427156767398794,-0.3804903140843278,-0.17504594797194514,0.23626631847166424,-0.008285420569359584,1.3135805708180541,0.5363278464706303,0.46491368930820504,0.32338012904144303,1.2485696122293475,0.4346403751531122,-1.0879438339514622,1.0370206021277237,-0.7712303042747713,0.573091155070808,-1.1573414763339984,-1.6616098223556561,-0.27334090165109676,1.6646452883738159,-0.9987191498667789,-1.0898661887265206,-0.7116006430971822,-1.9355619813944183,1.3248257781633044,1.8738750735884444,-0.17286034137458234,-0.7610554558200479,-0.4787323854054315,-1.013780446075084,0.09909497319533155,0.8860476075068122,1.7079852018736736,-0.777390345489062,-0.8954680616743659,0.5994985632828793,-0.26513096234290917,-0.06398763591396556,-0.2846510199265416,0.2750937806644675,0.5144759263690345,-0.008261951044750608,-0.7184647047231439,1.0387998880559313,-0.15552065212010616,1.4232494795378643,-1.046492641420722,-0.4944173045414515,-1.3939831300386918,0.7086706656908532,0.41587827843916747,0.5555097247461334,-0.36554503896633705,0.7740377650841281,0.5556859391680087,-0.5432966387572516,1.9158815280182888,0.032462538564097095,0.19733540034856686,0.8830325095479147,-0.7563474760087229,-0.01277133182141267,-0.6849798915041819,-1.2195254723749664,0.5392395577873302,-2.611972276671389,-1.5362080880262603,0.7515582484539508,-1.5181141019060096,-0.6041011129708113,0.2593098887482756,0.5048404976914621,0.5107393963390268,0.67678743574434,-1.063025448372482,0.5079923991011215,-0.47315995645943504,-2.677561005147288,1.6422155193198618,-0.4467117499570536,0.0007615105749015268,-0.806064482807823,0.5238925611204754,1
-0.41777992130781405,-0.762234840276143,2.520477699207494,-2.8238243547595294,-0.5298711116776217,0.19162384162445062,-1.1996700344240436,-0.7582973478270715,0.2397621747722082,-2.5461177237571495,1.474207312189793,0.17970020202055104,0.14324635314722636,-0.028233269671777396,-0.5957499544455033,-0.3111777193968155,0.10170850765994044,-0.5600881851174646,-0.3868382879683243,0.408300536067325,-1.4305837247938373,0.5592139921800785,2.3521529184359284,2.0143026746107457,0.29478170220678385,-1.2493254041474167,1.3830893044096801,-0.1904341957548869,1.4227110073261091,-0.763595917920514,-0.5875113130582065,0.4813580430316,-0.6867063866865276,1.8771696621772895,0.5636722431942685,1.7732867330383209,-1.1357122786069698,-0.872925692094857,2.724084331305863,-1.6074500717783753,1.3593038157075665,0.20020000223701306,-0.4246391533319786,0.9956989131269351,1.6269431069282208,0.07183091921440996,0.28381599271275076,0.16719846146663792,-0.0741960674745446,-1.6666942789421058,-0.8701999067597489,1.2441644731878552,-0.523413795496588,-1.0313916954653672,-0.355107591480772,-0.24702461200235176,-1.4309911176211219,-0.16449870382071968,0.0927684487727201,-0.7185582926784422,0.31992771064733344,2.7875319006375454,-0.31091565712031366,-1.229564440023553,1.0530871554956611,0.9701121881615735,1.1516714495608429,0.3505542289179312,-0.5853380218102799,0.15568429806848055,-0.5710524601991472,1.3447658926382033,1.000733381880534,-1.5818581078602036,-0.4434692944149828,0.8365197818086224,-1.2259273109668252,0.02674314431982002,-1.7588177264281866,-0.4020082838157918,-0.03267992881973943,-1.1737925467530523,0.1291850778272892,0.5254027189791611,-0.9256074037915598,0.7220827131807637,1.0275373382489537,-0.1983074451610762,-1.782685901652088,-0.6415114414064786,0.2767183138114402,-1.1548471393933526,-0.16064615423843426,-0.8574247969327319,-0.016935855016628535,-0.22406887680910714,-0.04622166940195229,0.4845145842995369,-0.2754099517018453,1.65846400147115,1.4085514383170807,0.4442531046708753,0.4806038076010041,-0.553212865906303,0.37089247315566154,0.5400439250564323,0.5588268622856619,1.04718442925721,0.40377737938849473,0.31964658262671886,1.2726476586777282,0.09963277486929663,-0.6010810980222265,0.5707417871779851,0.6601711017160733,-0.37224895531883806,-0.3728411482420006,0.13148318343275137,1.2762911182569394,-0.49563012867064493,-1.387838696714738,-1.469780153170051,-1.297359058567859,-1.1847647384526372,-0.5272533911057211,-0.5196001432053637,0.49551467616938816,1.2611633284626342,0.885346724595019,-0.7099621838502452,-0.5967103702915598,2.4796482521338437,-1.513337411938089,0.9143647583793778,-0.8552515570788392,0.781906394303686,1.1844300709501985,0.19527130317561467,1.0757816114359349,3.31768974804302,0
-1.3502408206701932,1.0730848946506877,1.1730518638554628,-1.4329906431484003,0.3687597695123263,-0.1506359145630417,0.6527891942258223,0.23753456703977885,0.8575964084820951,-0.86867078162713,2.1744055639114115,0.21808481757311335,1.6444354810216606,0.471145630806445,1.3339988232804005,0.04297055961645652,1.2360921834306844,-0.9843719632508525,1.036270079419276,-0.7161551300694725,-0.1629502846207864,-1.0715982216245188,-0.6489410497914608,-0.2921966343530646,0.6141351305242709,0.36613491127272224,-0.37215689145462155,0.5965741711162236,0.48507670929223856,-0.33590472175765457,-0.38612835561823255,-0.3389053625439688,2.036613886356818,-0.6312084266041158,1.1048952955008877,-0.7490808378425686,-0.42702558710503813,0.4812093642396852,0.6828053960905446,0.34073121807026613,0.7098906330110084,0.6483978104952068,0.6293673013218917,-0.5209097705734443,-0.3101369973040046,0.005088936947722382,1.129819118548232,0.6871888914267941,0.10717688111162582,0.1822564381228866,-1.065064317551771,-0.2441998234513679,-0.4960551358615851,0.8841353197741357,0.2107439910179764,1.2295743773006376,2.322217017080208,0.8354635575720428,-0.9347610358912913,-0.1923918647488733,-1.6293078713858338,1.7837962980250963,2.291094880334904,-0.9328961639292143,-0.41033579357359595,-0.5637748280530784,-0.8434927940530615,-1.4602555526924073,0.8519313375131581,-1.0716925851418635,-0.001784826246884191,-0.7806099618920684,-1.7077305827324685,-0.6219837924822084,-1.4292068387709242,0.0032837155708694502,0.6026071410106789,0.5796003745738367,0.253646619795589,0.6488319940650901,-0.9375424203968267,-0.3133409823342509,-0.31272342229463573,-1.455509611024748,-0.8163291842404806,-1.1069750241414549,-0.14638335029906177,0.5700039566436631,-0.42592322298358914,-0.9596882590427019,0.10805205276591083,-0.42753028765978346,-0.6853848349569097,1.5659646231370392,1.0511122963666757,0.14405329332837358,-0.5071570236326142,-0.4450968472431333,-0.8315587802293685,-0.715070127499832,-0.10404220235227236,-2.4756355522862195,1.4042326236376519,0.3982318387438972,-0.8645527542361657,1.4375296649671723,0.6319387669460581,0.7732986023400468,-0.34452854916739156,0.5261636535020581,-1.6735430896050514,0.3145853311601292,-0.3506531443905036,0.9544182856545974,-0.38000807945038284,-0.5574318469067672,1.180111575406054,1.11648269613059,0.7818034207448551,0.44431956811339496,0.6858090580148865,-0.24393370125920152,-0.8671837918421569,0.32604751484015,-1.7254383386389083,1.329236988561187,-0.09637363940162409,-0.1624121808524345,-0.9350197014000806,1.3099636770763652,0.7096239973289571,0.25249690394821106,0.550671388504813,0.1098005431675191,0.8345069002636443,-0.3475161841062395,0.021333263818141244,0.5480282211865325,-1.404982345832474,-1.2850439381374459,0
1.8396099567160424,-0.8671994378846566,1.5288824347302423,-0.35672507084665794,-1.0987158613729477,1.1965141219115247,0.6089317431981843,0.7220398983571187,-1.185951670916571,0.4469944552080915,-3.040232711009709,0.3975591651900499,-0.8939235544180398,1.430314771636692,0.936300461953451,0.1846688138489618,1.0796988959206246,2.395905985923914,-0.05027932581661943,0.3447010864357955,-1.2456992269563996,-0.8659398037871839,-0.9155330617804001,0.05257543425519387,0.376271878136492,-0.6767561059565353,0.28512671007031437,0.9993975990256878,0.18066671226063025,1.0916306197265317,-1.7534998349478368,-1.580724644315089,0.6349930327787577,0.2462162540628837,0.08125184822665686,0.11621408233087929,-1.1327828501812858,-1.705437352476134,0.9317249460030269,1.0980060282196435,-0.6833957643441125,-2.1157728801887186,-0.13636328941988823,-0.6772421886495109,0.8310069137679753,-0.9570493270526846,0.7143432614069465,0.10684649208625217,1.3042302641360795,0.5584795447581238,-0.39170015339331293,0.3737812786288884,0.009483888066875631,-1.5238439944811728,0.6120953693655677,-0.04581032171456709,-2.128809495683448,-1.4406692597232782,-0.5636351888203958,0.8761735546654774,-0.6369901588084559,0.7484092972089407,0.7915942576070623,-0.1816010141670189,0.7644443737621325,-0.048197065709571364,-0.7440898635319979,-0.22006011399586414,-0.779072340743104,0.8135517201314261,0.4739225488098668,1.5464163213766773,-0.0617882247369549,0.3955945393626759,0.3071144266175172,0.5418304803678466,0.4476668766951549,-0.7483830110544555,0.14164923158289375,0.04077743888196034,2.217046178866809,-1.7154225431109753,0.7947286184154019,1.5411408280727208,-0.90735998376482,2.172124616330979,0.19180042177754697,-0.18676133684034568,0.11786426509972388,0.21280828382185885,0.2685618926058669,-1.1545571430419996,0.47804521545019507,-1.7028758903094363,-0.40127852872128883,-0.3264290072544368,0.07489908041470147,-0.058598619551626825,0.28663792195887905,-1.3213966560187584,0.04169872246115565,-0.8828255200299145,0.3212790855317561,1.7649948087062812,0.11682911251577092,1.5767897908743864,0.26658503056699584,-0.6441421117072009,0.23657099733773126,-2.0430089150306907,0.2554014205986127,1.2756392110353716,-0.9942327037937045,1.090302304601006,-0.8997254456813969,-0.13374547184100913,-1.0550323046128445,0.016208431740388232,2.9807787487004984,-0.5802585320000669,-0.15480289310884165,0.024262858403852706,-0.13375246392081394,1.1443975337841454,-0.620265560092403,0.33019961349146204,-0.3852401391974201,1.6101177330205514,0.25968075965655313,0.14687851917836706,0.7248502539617486,1.4569762591739543,1.024410832036653,0.8810994534625111,1.261744554230804,0.007531262629108194,2.0668857208708666,0.8496183118299282,0.574161684658064,-0.09701590858604395,0
-1.4872363258955619,0.07815565769294461,-0.8575144345130478,-0.4418744657027639,0.1336261290146425,1.3576545622758798,-0.11636728321052205,-0.9729353073321096,-1.4345674097859056,-1.071692926577574,2.1506648238014487,-0.5634134166069942,-1.7810811761546221,0.30010104681374905,-0.6007455350993279,-0.01676716003606982,0.883870450441484,1.234333644416692,-0.09452461225296298,0.34216219772732953,1.3193164175595258,-0.7747594297214307,-1.261653774542228,0.49410180046784113,-1.0259406480952173,-0.43362724124991076,0.005999863104680538,0.20622248912293026,-0.2876289210349666,0.9956003623578555,-0.07695308564861264,-1.633660984378506,0.22915124705730436,0.15055327784751052,-0.29150630024090246,-0.24060191706985087,-0.4955826411107687,-0.854461498496831,1.5052670890513637,0.6253103047882494,0.6787057569497661,-0.2191903154701244,-0.8914052465122143,-3.0308899262247175,1.143389975722229,2.0643253079664685,-1.353570833920852,-1.9672156790538304,0.6548105135213965,1.7921441934647269,-0.752791494864502,1.9568329781588159,0.4924154037078827,-2.4942455860264707,1.1534236163030458,-0.2475342368215263,-0.12972806581453952,-0.2709068380565926,0.08228637570581943,-0.8549723119032827,-1.1682641371451674,0.6040935213608347,-1.2211767824176853,-1.0708350999862777,-1.981357011238363,0.937347397374072,2.375947615286488,-1.3380728247188383,-0.730611612704539,-0.012423885940959016,0.8218569480308259,-0.07279894065328234,1.6455394462552237,-0.748396052305001,0.003972516365222995,0.03762925213564817,-1.7536999851005723,-0.12604434978376666,0.31038871885007413,-1.5081250783606075,-0.7448679345566378,1.818786746177644,-0.7490281030911696,0.12564928192017985,-0.30422618279009966,-0.6202406177416993,-1.1980533529996487,0.36322668647321144,-0.93242474752211,-0.41159285339190327,1.2308110016195906,-0.885761660543255,1.1462721754843155,-0.45660771802581873,-0.2083781190841442,0.462015328103285,-1.4106897117741792,0.7223141486864328,-0.9965907045890945,0.1802866752737307,-1.171976192267778,0.3663974500200831,-1.3948325353700688,-0.563542249418081,-0.5498967220460467,0.5105826389414542,1.4422618054719607,-0.4632914517821066,-0.3504026857096623,-0.722949068580126,1.5613057093661131,-0.2809325651951066,0.46550163758633606,0.3762765092667091,-0.811394963261928,0.5447434417531954,1.238872802321387,-0.4467953418111795,0.958579435536734,0.2834889347541518,-1.1888628343245928,1.5481703971441922,0.7545876907689624,-1.2775677170056454,-0.9381280121386055,1.2892519850298376,-0.984382057392285,-1.3409791023217204,-1.5699326238965585,-0.6688373981508892,0.7055863146229088,0.25294174951161813,-1.2662149693453528,-0.28697782512280406,0.6256154103338819,-0.8594923202709396,-0.1773275647937053,1.72664699033934,0.06667686553734606,1.6115370476692086,0
-0.7842557314955672,-0.42436463179425427,1.257678332700243,0.060496089539833854,-1.2270786617439973,2.032660216063899,0.2789704948358752,1.8776134686713897,-0.6755581493322098,-0.1737350975330593,0.673964574132839,1.4043771453565417,1.038868137201777,-2.4098184382364316,-0.7056686153313767,0.14922189441903488,0.7632433255798505,-0.3566403266977539,-0.39495339847133837,0.22289152016587457,-0.8667325060080822,-0.6517160616398753,0.160393007869223,-0.03929354248133001,-1.1625863359188267,0.26200540272671474,0.41581797082505445,1.3772518807973346,-0.042905063015971065,1.1352702760709545,-2.027205657951712,-0.056403960397543716,-0.4996533963700041,-0.4941849228221884,0.42752859951502276,-1.8262613528759506,-1.6894937103704128,0.5913577709228838,0.18905346550546825,-0.7306967096856583,1.299012475852366,1.0236880837864109,0.3461947664519707,-1.3946874293904519,1.3392057521484362,-1.8966772928689868,-1.1155303792137552,0.8106768000417627,-1.4949879917295612,1.3777630003632435,1.926918261265519,0.6370426598071054,-0.7381279596492623,-1.2976560834172126,-1.5230382159590767,0.30105811832982543,0.10272319655390508,0.2020959833513856,1.3995979118461983,0.7838507864953822,0.3039080478171367,0.09637766070848613,-1.0197232546198665,0.4965138724039955,0.23894787830830047,1.085351507643972,0.2702612422634871,2.3858294288610633,1.193001432140644,-1.8484892849087053,0.23955124670251307,1.2727506948251648,-0.6145801902892728,-0.6447836125339593,1.6824339202401113,-0.9813001971511833,0.5922712263404586,-0.1042848046228651,0.6975049471926801,-0.5754550753134257,-0.6656029496010323,1.1106482155516404,1.5919806549612288,-0.17847521587826934,0.43640095599792983,0.8471159506052973,0.19739735748163775,0.6940078272080511,1.7195555198773274,-1.3155100373083226,1.0022641548978015,2.1410156874272994,1.0699187957049252,-1.2388762929774824,1.6538825466589895,-0.016319672341630388,0.6000162106491054,1.0409585090670266,1.4625105013216204,-0.8188984303396102,0.06406698274334464,0.28729441467657346,-0.8682785009062013,0.7858642670909672,-0.25747978116635695,0.08560776482670548,-0.4904641249640719,0.5812714716988684,-0.5860737924617491,-0.038565318983086266,0.011757893202499077,-0.5366309274123121,-1.8217990881663377,0.685826764568877,-0.02922058387805402,-0.34943715755399174,-0.031415021005115,0.8403811397207677,2.1556825824583083,-1.7176298988995065,0.4261926496754874,-0.47164480794079944,1.43008897889648,-1.315022562193876,0.0976388044308577,-0.15628874109156343,-1.119021373561411,-0.6499076035223714,-0.3066476989866592,0.1512133304900883,-2.3888575111601984,-0.2823043490052613,0.7638886956472662,1.325997622706182,0.3165891305782,0.5467583731649396,-1.2638912479235598,-0.33860878584415127,-1.2436721475767414,-0.18635190748853397,0
2.295667741898427,1.4616653730801632,0.791757606858042,0.3179262547643982,-0.2512725563838898,0.6516411029986842,-0.6022164350585093,2.165742263278478,0.8303336007268368,0.9693498639725268,-0.4932101537417532,-0.4607972878801442,-0.7394004590627901,-1.2495519805372959,1.3913635079139308,0.6841224946226939,-0.4135615518495638,-0.6029419824648223,1.4618166671569615,0.5191596237256525,-0.42246863965634457,1.1621738061762996,1.9035374008369055,-0.5778405240815271,-0.4179635158836381,-0.2221181052033541,0.29704728605734443,-0.03473523094841615,-1.4597276438119502,-0.915321237755614,0.1273789320825731,1.50951099151101,0.21463637143327113,0.927483728431468,0.3419274276435376,-0.16023548218938338,-0.8754450932118178,0.37478373951270855,1.2317702380744877,-1.2667695944243405,0.5719336026011433,-0.5572498255354049,0.35233653503043366,-0.7408914545078735,0.14521536253563946,-0.9465978659837637,0.9699770366177465,0.055354273521712176,1.788821835146446,0.30515172109069366,-0.9988541531849983,-1.5892829933223616,1.4206347766115086,-0.5978332325963327,-0.9861373561588129,1.344436156876355,-0.4349561930399843,0.9127361511463797,0.35271784073350787,-1.9150868586540457,0.6402482424785323,-0.9727752767424654,-1.2332933166605677,-2.216662226818878,-1.1553835566545172,-0.3573430317916617,0.07933477472200148,0.15069439233206447,0.883050571300407,-1.7011058414049185,-2.0810877065744844,2.481906712808088,-0.057060323813981385,0.5343904113461115,-1.4391134979740978,0.6818555498920038,1.0484153777551601,-1.9094084581712016,0.48814638656352927,0.47010614300035086,-2.49383145578107,0.1824263669625707,-0.6524819709206634,0.4607076062931418,0.6986015537148899,0.46872148584887685,-0.30664275204131997,-0.43299440042719434,0.21165943738261905,-0.25859760665857634,-1.478737116501862,0.19408001076722106,-0.18249566744323464,-0.18409886809420534,-0.35701452219204055,-0.1980338768592398,-0.6508484898653263,0.8568117693791671,-0.4360550872103052,0.08001466808844881,-0.7071853721070075,-1.0946585506523114,-0.11381778033673495,0.6765054513157366,1.036764621750901,0.715269188493197,-0.9444969024176944,0.05549455116658073,-0.08390181728722666,0.7274270794652198,0.5090374008651458,-0.625398117051247,0.3476979389670509,0.5713003751318371,0.32876183949832327,-0.03656806067037862,-0.656928783967531,-0.401955415771708,2.1643338726750345,-1.1841899643517508,1.8819871294495951,1.874535048186381,-1.300424347902149,-0.6223202996488665,-0.30775435783379285,-0.6155587748835547,-0.6058142269051487,0.6968350826181239,0.2557653120658633,0.5500233409340319,-0.15376095662417805,-0.22335627726671484,-0.7489483208396035,0.47926879539121,1.0190326276254305,-1.147466786864102,0.7855199076648258,0.2745106312459076,-1.1566700700226162,-1.442857615703602,0
-0.27660048057801645,-0.5168501228876223,1.042691347394373,-0.3914820056504707,-0.5419503796700509,-0.44214078809373103,-0.23508827094711515,0.27928766937201355,1.0657436018525044,-1.2331697316505135,0.39639521126173133,-1.3381386308094338,1.0457062343071934,-1.5549375026023309,1.2240326044552876,0.9435010227214548,-0.7846162229145981,-0.5341600341240781,-1.8959009683201526,-1.7610164138919073,-0.29947549541613494,0.19145847632509255,1.0400393164963897,-0.28189039674876976,-0.13491516048675198,-1.2570836223896074,-0.1469671053094696,0.09698776210881337,0.5874106409815033,-0.04699535698626683,0.9391128326893776,0.021362470191865192,-0.1352158061498985,0.799601280756396,0.8067801460821887,-0.32215069273803765,1.801289981846973,0.2620628850253957,0.11339859730316443,-0.31392637646164434,0.44767664223319364,0.8714734607715674,0.09338507774160403,0.21772070228960683,-1.1179279451957584,-0.8373818931355759,-0.7715653132749208,0.24712566991270896,-1.1318237038847734,-2.0111231535671816,-1.3974060678810352,0.5327491086024403,1.675981326616057,0.9489514441838611,-1.0818495259566585,-0.8569699844066991,-0.6298550377239154,-1.5480362961692882,-0.2031332006386121,0.4554250048855695,-0.9850870874495027,-1.197478629265045,0.7785136654106625,-0.9067539978262498,-0.7917787281063154,-2.3955348150583955,0.9190280408684772,1.3158911649573108,-0.3269691100692994,-0.06548342536955984,0.47921367908777807,0.6599520574857946,-0.08052198850591956,-0.5869762407985916,-0.1601685700398007,-0.3875270028229366,0.23674176457685803,-1.083091713778954,1.1669340528638468,1.9710138588922175,-0.7236097721865455,-0.7845844518340266,-0.851434419856242,-0.47513803862330445,1.7431521173780502,-0.5757754573289285,0.12794345587825415,-0.46917369930992514,-2.05160621299806,-0.5559002845237359,-0.047392056008953076,1.521189705246073,-1.7500258283373384,0.9440871340509057,0.22545496231518414,-0.10188507882252057,-1.0458866455140277,1.2256054371512581,0.3311604564371013,-0.04830868550599784,-0.1073734651156422,0.9255611632817045,-0.8629452978979854,1.4229375577603163,2.1896614389229456,-0.310799886029227,1.2887851560075627,-0.591012922876037,-1.1393647883019877,-0.5886060583017997,0.4047685974474072,-0.24648912944635912,0.39719023352462574,0.25333939947339096,-0.43514202250332584,-1.2340359358908763,-0.03934139842097978,-1.383298920010822,0.062113932485339224,0.32720759358327417,-2.3366166950851723,1.2613831257381483,-0.3456210319537162,0.5031889688455115,-0.65922845886517,-0.4141757162000518,1.599745584267092,-1.3594519291698635,-0.516638022559018,0.04498840898097015,-2.4746373464057845,-0.9336861377474205,0.8081400496354281,-1.2874265350798786,0.15269036311390638,0.3349728305637868,0.5020047361728538,-1.0610266497097605,0.15690749300573006,-1.175470250504545,1
-0.29956912385543577,0.864910429056971,-0.852773835653931,0.5293963835403404,-0.07896983259314659,0.7571476795467095,-1.9705223000561278,1.1760291761846267,-1.8048466629363653,-1.2292411570629127,1.1426583611221055,-0.07614302562047713,-0.4438140716979864,0.941107578090432,-0.1293814330007422,-0.9923672164688347,1.2468333077340248,0.26252466200675,-1.2800091564978524,-0.7708533551205508,-1.004380310457673,-1.1837967097822137,-0.13581193717942294,-0.07637010567829039,0.42395111756491277,0.5595280551827327,0.8455319966039481,1.0190369330000912,0.4865254789519102,0.3562959805642627,0.9678292392580026,0.41294872520263987,-0.9527652453092427,-1.3929782917626357,-1.0256852129436622,0.3152512498586508,-0.3058079213596237,0.22704182149475496,-0.25779228424286466,-0.9193504936056868,-2.5930444047337575,-1.219947093719181,1.7473205069457303,0.9628541755298464,-0.7488585001689393,-0.5349785544279864,-0.5021907735849725,1.0903104788962588,0.9090247841314016,0.9637133169168409,-1.0129325977568069,1.7857256318029828,-0.29062518316185854,0.8376518788683325,0.29218402881605743,-1.7104964002485568,-0.5150064107982087,-0.04026017253570922,-0.8244409037688747,-1.4805410066728624,-0.45933012007237795,1.3075834411874607,0.5518521981259227,-0.5551274868494979,0.21950785779447324,-1.3616451985252664,-0.023327547495616306,-1.9461329838195407,-1.1918195682175545,0.7936553746326916,-0.6068432552092394,-0.46714869881447213,-0.11240573950214731,1.5287412119711898,-3.688023788423211,-0.9469688107025396,2.357788140146842,1.1370569395707175,0.49555328151917594,0.23560601284341418,-0.2770382895341645,-1.4015171666284305,-0.44991845562505456,-0.15131026944505496,1.1158040383745573,0.31993571257618586,0.03559761551028774,-0.6840842522611122,-0.5006619297415138,-1.7751370368207124,0.19930820334577354,-1.2709431110438147,-0.37858489056513,0.9950652504156302,0.23376668378619425,0.30452799435464106,1.1966672193590207,0.6545946433489966,-0.16222812017081825,-2.025669187421856,-0.44602516954830285,-0.11178624252069118,-0.02032471620652964,-1.6428515060324467,0.16212755380874438,0.7108220256441219,-0.39757826368299987,0.42145936330329264,-0.6966165486492225,0.21203178392820557,1.847147517564486,-0.4428717405125633,-1.177414972857995,0.7125378656549857,-0.30082676142092174,-0.8095911224902081,-0.7786884298819735,0.20950993072086493,0.014483813686223574,1.255404143555272,0.38832565199486263,0.9317458326078661,-0.008221348401596527,0.46029655934876784,-0.07813615539931118,1.78106463927125,0.43911014705042434,-1.4803219558165892,-0.2163373450341813,0.20113180187569385,-0.04071306368370641,0.8068618588709258,-0.5078014911363097,0.004561968460164128,0.892129516283492,-1.417264685824705,-0.9727727067797016,1.9076770129740472,-0.3787115727134614,0.8356117025872096,0
1.0716596137489276,-1.2977025933928343,-0.8602249680841872,0.009109947691421857,-0.6758061670282118,0.40214496357552704,0.5271253248141532,0.20459028545052893,-0.04977404562319688,0.575723101836902,1.1932122609188183,1.3017423905615044,0.2695604811439857,-0.8767215875357587,-0.1754605493619274,0.6769345966572455,1.0987784803157499,1.0664293808046017,-0.17634669615989326,0.22536198895809664,0.5198790649436041,1.4609598702759499,-0.7554931648508545,0.4598409437715143,-0.5144989867622263,1.1684411637999503,-0.03266633564186748,0.23836396104332297,-0.8377979882814728,-0.42784718422631685,1.984615888252313,0.615256706699319,0.18683847165804965,1.3713287101904221,1.5089012704944902,-0.039966738873624334,-0.7635252953262255,-0.15231783207804153,-0.36087118475854985,0.10140760024220408,0.2722370250676172,2.5225519927613616,-1.0388769834116294,-1.3082740229869259,-0.5882064084638812,-3.0348232237899584,-1.8921616439056657,-1.3258030718660503,1.1332829726473734,-1.351708638634594,-1.6971461433625696,-0.8441077020432483,0.39965647339913085,-0.5125040008036215,-0.34159785014608346,-0.5740466289048799,-1.3240828002526035,-0.9241285124975063,-0.817612644455168,0.6338673598027466,-1.1200784769308745,1.020248531585762,0.6835887021972628,-1.564208600896858,0.385920674774929,0.055527373079060915,1.36065372642835,-0.8175660125375194,0.6541371482229307,0.7960659075487216,-1.745117736390051,1.3091978441613492,-0.7344941743531725,0.469076675775533,-0.22066284623851176,-0.19142004697582307,-0.8054984762482542,-0.5933687751944953,0.44959925783153704,1.4173995265811747,-1.2176898655268282,-0.531464556849754,0.261446004736885,0.2084104050423824,0.5009756400045507,1.1613917349931473,-1.7147443008719152,-0.5710141668233527,1.0443650972294616,-0.17900217323785847,-1.1500808738251416,-1.2653449438834676,-0.012575520373292607,-0.41350452394488185,2.15716407858591,-0.15694052284961704,-0.7637405011879909,1.2485461835997607,-0.07911612225982967,0.774865103796054,1.8820784788607265,1.4778601988243303,0.37270087188583595,0.7273332474332272,1.3467423902440079,-0.9563602596179763,-1.3056098360195616,2.013774368999746,-1.251318609589626,2.268332072010166,-0.6947681256954628,-0.902927242729632,0.7936673213517343,-1.6057576264068925,2.5716536297669426,1.9240508915090344,1.5399898728209191,-1.525458185917852,1.2948900550242588,1.1893768703723901,0.16622226596011686,0.8412261940526425,0.617466921117877,-1.211329583257256,-0.4369631607007293,-0.30153198821666927,-1.5169863118528475,0.7536382841458262,1.1294495432682308,0.4529167153294135,1.8736531530129559,0.3483231852247874,0.020840048973729097,-0.5521421717700077,0.27629469469955437,-2.695154282340985,1.7634028115707394,0.39225929317221714,1.1336394685171027,1.1462510093922313,1
0.7364429464500444,-1.0211285796388547,-3.3605243631935546,2.1829220404685676,0.018195042471831385,-0.3380323506348633,-0.2637665748660341,-0.4616350352676084,-0.015214434382069937,-0.07514306756152615,0.1168492994257448,-0.24298100364433278,0.8886873457739158,0.7265393610002042,-0.5345098314049466,0.19403777762571311,-1.1642547729063661,0.6236844168326248,1.6896336358755784,0.883488241958638,-0.08156801714977054,-0.9663982367248456,0.6846796484832944,-0.5943276027843455,0.028661994083679716,0.7667107245169449,-0.8028515881614556,0.10471657276985184,-1.037910994970292,-0.3235968554861299,-0.44698885620254775,1.225760088839458,0.2170364455271178,-0.6616751736142161,-0.40963891973793914,1.0273789531147266,-1.560000499645182,-0.8028281853098512,-1.0385495528301865,0.17633723186388,0.1351144104122131,-0.1401956123781302,-0.06985685103222883,-1.3328346432660554,-0.9259227096664872,0.5924767567090379,-1.4520909372199609,-0.2583019407509382,0.9668129997405682,0.22044693050162306,-0.6759227578089047,0.7252197167550545,-0.7154872162740793,0.06108690831383105,-0.7711212209103177,-1.480165516990379,-0.11456660486615455,1.213534205311154,1.1451649233955221,0.7389808067932679,0.7208710915815565,0.7629354260850786,-0.19941520209385866,-1.2422976885764228,0.16902073599868372,0.9417683336274604,0.8645739901601811,0.23629493667579785,0.34007984173909434,-1.3981956068620314,1.5602231248481604,-0.11360519763835514,-2.1075185593415284,-0.13680931231548452,0.07988018860207773,0.536843011601638,-0.07230620530081086,-0.5771538396917995,-0.529497450279521,0.001769142445170169,-0.18270601656630067,1.993209961766235,-0.32721959269826606,-0.7688847787727194,1.0855488089124334,0.0020153471558525928,0.9107111522500905,-0.08719637285313409,0.7168061417008474,1.2625291336444942,1.426746113748462,0.7614761076554852,-2.0752888848313167,-1.5135461128182888,0.3015507739488709,-1.4584515233771778,-1.0846281428703657,0.8991470723917404,-0.6639124123957864,-0.5684133205515254,-0.39535394181383027,1.2133826481461956,1.26263384586481,2.3368960161005865,0.856127240726259,1.5778299994894398,-0.7046930217549418,-1.40852760318456,0.6055476006515005,-0.1920259505300375,1.6683960593931144,-0.3833604278905907,-0.6126443160668615,-0.2960146094172618,-0.04223529993257961,0.03250733721561138,0.1503501553656249,1.3467194598797656,-1.1513616378236067,0.8850735308993881,0.699242776612677,0.31876706244320574,0.4485899727674602,-0.4481483608052162,-1.392342710640395,0.38225405129616224,-0.47613863418528535,0.5807512200159367,-0.3197748383243051,0.8539239387510684,1.0606332864126438,0.9233377253628667,1.2530058965315665,-0.013612386632474265,1.0011368223181485,-0.36956363353418875,-0.5448955795830706,0.08298694711538528,1.3121979040201337,-0.20263526784550198,0
0.9034738990529152,-1.000893256469984,-1.8749366617447132,-0.48401224788212327,-0.05130503881940584,0.9958729319080869,-0.23105727323592926,1.6148472204508477,0.5015209939924762,-0.23277095695970842,0.23303546165398834,-1.0546157488097014,-0.22639038381765847,-0.17846463223308562,0.19325744432690037,-0.2924254213779496,0.4662368003631126,-1.6075762475006234,1.1047037427667297,-0.021935780486319313,0.7636645365815882,1.041246685112112,0.1845840279707289,0.8671281521844648,0.3594739440156901,0.3177200467762063,-0.4887493348115824,1.2080684270846447,0.10929443789949522,1.394951699434858,-1.1160011496916429,-0.5935222443553997,-1.1023957133534952,1.087412702943701,0.5970313029805139,-1.5375467429732401,-0.8439193521072373,-1.1338320840269456,1.0276138747015668,1.207819409591684,-0.46849561805410794,-2.068888857336394,-1.9808379835573893,1.3106219704158053,1.2354034095370487,1.5578308787454085,-0.12472281584286445,-2.0566486740041143,0.49071928826897393,-0.4881037002141008,1.7711193859314927,0.6859392971008408,0.19952897871563186,-0.3960402370639951,1.3426514593663195,-0.7158153490428242,-1.386509013209882,0.08102488254207572,1.088648607091931,1.6415798229660103,-1.5749918557467342,1.2716750380423305,-0.06228222513859456,0.8085678860475574,-1.427857544452874,-0.38407515091346,0.6478292183224992,0.0006053628392598313,-0.1211134300758111,-0.3387703414511619,0.005615245215184983,0.022516016261816714,-1.1312205832240365,-0.5570393899236414,0.5941129468290982,-0.1317736995061187,0.494205336917499,-0.16586577738915312,-0.5713552854981746,1.0232128329507135,0.6432976040471062,-0.10824082968557258,0.7755679801366038,0.6209483913152992,-0.5718875970509931,0.16544940562940413,0.37712774763487317,0.4883410747431518,1.7596597054863878,0.6448023391437254,0.6574421559818426,-1.0858899208643027,2.6537885832298396,-1.287825707739201,-0.5523984726045916,-0.5096254072993867,-0.31470548759305306,-0.8769891728524261,-1.620315732638292,1.1796292790543694,-0.5154304193083339,-2.119564015518055,-0.28561225270818585,0.44468806695261015,-1.5956209837611224,0.6185900502133307,0.31541192939634577,-0.8703719701251653,0.2857328889933785,1.625583207833968,0.0561881805174985,-0.4985490378877044,-0.8228977617172301,1.814431566046797,-0.208707377789561,-0.23787473963587202,0.8802883808525226,0.5716421097085169,-1.3783417504101965,0.20376293195425932,-0.48862160976525176,1.1784061812178233,-1.1511655393118945,0.7938901054766395,-1.9612413512560987,0.648347387538532,0.7744867568199472,-0.9002500850534828,0.8659955563711004,-0.12560732401630298,-2.187528103149866,0.29764530487672153,-0.8049672743266365,0.9306153964896343,1.3104478314394226,-0.41253108572978625,-1.0891084468542618,-0.025792140821761612,0.7326846569457586,-0.6087467922391633,0
0.45781965983582495,0.8960814126992502,1.124268979956492,0.38187386601110074,-1.723546828934922,-0.29564237264024035,-0.2099556186084097,0.08796360213532366,-2.574798790965321,-0.798373502792222,-0.1822976029835762,0.44145555088987803,2.258349229089605,0.6590340405118137,-0.9968913638455074,-0.8308900438145415,-0.6807421594348706,-0.391491970940512,0.22606065533809847,-0.9437495191595433,-0.2188144777191234,-0.19942960659340925,0.3381459515142075,-0.4074386196854469,-0.7661214223988818,-0.704093692997897,0.3920642778739582,-0.7254409875949996,0.6993674756878101,0.3664783330210445,-1.0892469677470835,1.238674007802121,0.07980451896613842,-0.6661361236865228,1.829769475675451,-0.012019854558574407,0.3581575107077089,0.015564230075234681,1.4416541529141347,1.7804972998816948,0.2587883901133199,0.07137415367326033,0.9346090625714698,-0.4832461593166584,0.24721496356203715,-0.651747764282046,1.8925062125203769,1.0859912147757733,1.7827381558574296,-0.490789085655246,0.9083883685089571,0.4233405335271505,0.30564295896329957,1.6555393511710181,-0.9123819234775093,-0.6055084893481829,-0.5339136296506586,-1.4436090542276205,-1.9922303684377625,-0.16977365028454022,0.7444065633386028,-0.22279493688074262,-0.8175701815725933,1.2141586171030938,-1.134705380394568,-1.8486042642972533,-1.5235823670582835,1.5633426412853473,-0.20311938584927364,1.2721292218743594,1.2199810912946525,-1.9325362450551709,0.06196418806957255,0.7727387023952583,-1.075203980633968,-1.2885393735957715,0.5033004751764663,-1.1960141252338967,0.2871991963050735,0.7531128576997056,0.8884585833863048,0.8070470014501319,1.2817653211725508,-1.007135890655055,1.6883240212505017,-0.512843822581235,-1.080308663926999,1.0747758915476908,0.6209051436027392,-1.7042113170381683,0.8738854682834892,0.28398559327386413,0.03320173454296661,-0.475270139661343,1.3092598145831984,1.5831888459655241,0.6480692727427506,-1.2479806397255744,-1.223087297543289,-0.8260260169514168,0.963016072526504,-0.3235473859294994,0.6208947473513055,-0.5944872879412877,1.4009158543310543,-1.1538139426305623,-0.22163319875893855,-0.23672416547957945,0.6855344862503218,0.3604054477873188,1.481742187237524,1.297164482884873,-0.6999585534878994,0.04370701298742952,-0.0076727893500615815,-0.5407725458649097,-1.5407222426883402,-0.019972860334530718,0.873659744690255,0.1928650594735215,0.33785613971753936,1.4343014442647388,-0.8731691592437506,-0.794946653086069,-0.4288374013792657,1.0782263572964499,0.8958288406772595,0.26474637203507595,1.4292505798483406,-0.9268285468421245,-0.42257627186944097,0.3633099647772605,-0.20402206041690887,0.8474964158906086,1.728254463816373,-0.09198884561333259,0.4098737313366567,0.9278435149452878,0.7649479739173725,1.7705063989426417,1
0.4166746903971594,0.053544972201341794,-0.9709222713103589,0.3504757570149784,-0.9180304574553676,-0.9584483905529863,0.4138862312576262,-0.3307578052746191,-2.4202978370342065,2.321485037687143,-1.4532813342969415,-0.2545983276468923,-1.187443941745794,-0.2552577253857142,-0.43984617713838636,-0.6729566772237706,-0.09656160514314446,-1.0623065147182573,0.5367639365511403,0.43508011788274176,0.06584407456502352,0.5408608610335064,1.0339568801627368,-1.406280379189046,1.6081145754856323,1.6723141945070557,0.8587288071996595,-0.32647105013896494,2.127177798197153,1.1193348205826834,-1.4957295500250671,-0.37603249810577044,0.6047488562884119,-1.267844066351642,1.1028719462370773,-0.19603588753353576,-0.986612293717753,-0.17598098417037872,-0.5543730375201407,-1.7206033550914117,-0.04057771172957356,-0.4185595708742169,0.11583249546327312,-1.079560561060639,0.1612435694496395,2.414620188391559,-1.249450639460355,0.06512381737013787,0.3195634127954714,0.06606975145424133,-0.024771149778874926,0.07813151027432906,-0.4296335535956431,1.6798374936957616,0.4135597505176663,-0.6232140585250041,1.2110275242539903,-0.7238355149405766,-1.1348010735550498,-0.42119877449078613,1.4345544193361743,-1.1176884866649974,-0.28616725416231836,-0.5842239774367961,0.8566307614144698,-1.075223866266651,0.6304005387672029,-1.3339381865471585,1.0931080177427916,0.5580522673618918,0.7337322793235447,0.1802564813211473,-1.0661163038686683,0.7951538876575085,0.58804160813247,-0.7621041117700696,-1.2377310296296273,0.06919616051752636,0.1481499045730011,0.7305831797693431,-0.6254085952793024,0.3852853575387816,0.9807887739144708,-2.0787659748434963,-2.3291775520069757,0.17826003968764254,0.28499813673696023,-0.629961107365007,-1.479400139840477,1.8221308193210395,0.06677611070242041,0.11136649316511797,-0.4987740695401123,-0.15076004219766473,-0.27367970591157864,1.3730570913230198,2.4826162630592106,-0.789135867598538,1.091642793121364,1.6123910994135922,-0.8278430217648471,-0.5619335407651279,-1.195474730894682,-0.5930182943977959,-0.8672176587829251,-0.21999168148662523,-1.2757487908301188,0.6017952540556344,0.8422758374755762,-0.4326353405281719,-1.070277140610054,0.2025132461204018,0.270498007920608,-0.7096007525302602,-0.41736299170948216,-0.46436259625824866,0.7938286293568286,0.19679938600397134,-1.8268779737518297,2.388403599950519,-0.43388040826561175,0.7536563323968388,0.06225905967392473,-0.5023009708883321,0.9557163777887848,1.8056539550798891,-1.1192838972734642,-0.7832302219859947,1.546752515954267,2.069012324109658,0.37397189006891807,1.3495156587003636,-0.4727955341808227,-1.6668771306975572,-0.06823819854161256,1.4291396036003081,-0.7209300939286056,1.6205778835379296,1.2486937258942874,0.173929145201268,0
2.872182836026407,-0.15227304025682742,-1.3003472811299086,-0.3271938430905817,0.3772123919779863,-0.6664016563258238,-0.6863123748551551,0.48077542142486784,0.8544709363344494,0.29708364137137644,-0.041568040923565676,-0.5695248446465809,-0.7141661244216942,-0.25967863331278335,-1.2562186318461686,-0.5953778180795698,0.30829676773174675,-1.1545916156766152,-2.0675943706577815,-0.46231271862706935,-1.1972084984250058,-0.530068778550823,0.8482074744462892,0.8404654995167958,-0.056801538215500554,0.5779690515237174,1.9684342977840652,-0.25414750713516226,-0.9695110162509711,0.6696514379925281,-0.5037205989780245,-1.0841430856184662,-0.24874751349479945,0.39382988060073015,0.36282175395532285,-1.3841639023929293,0.4318361456525054,-1.4604184880182782,-1.2914806354730277,1.3399338424144465,-1.721028262937562,-2.4050585434331775,0.43893036149412584,-0.6002121719358753,-0.39164742666583097,1.486170947862074,1.0662668865886078,0.9348109770121217,0.028256152995951973,0.5130295032507295,-0.48419369274230234,-0.6082590615438056,-0.00554628763634653,0.6070664717638061,1.5517830629533844,1.07253806860409,0.6715908565468267,-0.11590527042961017,-0.26178154239732054,0.2284731048290704,0.1768707566405729,-1.0703331432548977,-0.376213372356615,0.028082714964140575,0.6433195170541053,-0.06392587920582159,1.924501060445546,-0.6106523488786441,0.24408398710398183,-0.12324231756199527,0.4145560738710395,0.008852192707021424,-0.30902643618862247,0.5562621638649283,-0.8181492465631834,-1.3142222986554837,0.9598692464322985,0.02182397581256901,1.5067449602544483,0.007393474204915264,-1.4518771956749974,0.4226197368511621,-1.7927373487703597,-1.607424149819071,0.020545646404446744,0.20276138914203445,0.13373997902041515,-0.7601963747291547,-0.7938604628337379,2.697368238935071,-1.1290356925365848,-0.8033901583967459,1.4520596408254867,-0.8043287981766066,-0.25986732766457804,0.04269796525880937,-0.34414109593889114,1.149204020124703,1.012665197223086,0.7781566047611184,1.4560039629999173,-0.11675551534589923,1.2702746123400548,0.47014991212174045,-0.9072680733377669,0.4939555191784305,-0.4380378859313654,-1.5081623115647447,-1.5075298243093027,-0.9635196429441714,1.562294305624303,-2.7217149860959164,-0.2654237763963322,0.5442858265100103,-0.14544566368493206,-0.3465708898034027,-0.8073282372219046,1.4759974540964798,-0.45191842663588677,-1.2276556388043958,-0.4936766704132915,0.2672187616736769,-0.7677155037971887,0.4121884089753825,-0.0427744674139278,0.3679454555889232,1.4035092505266618,-1.784260698221995,-0.41787973745303714,-0.8878481907745085,-0.7246343907726921,0.12084389193415143,-0.01843470672067658,-1.6969956572065124,-1.2031674136338977,1.1090481747142908,-1.3670488128222462,0.6881820870691961,-1.9303554547730621,-1.6281110522484368,0
0.5130452491011493,1.4933851537965097,0.9637731218861053,-0.5228736124556483,-0.7515255115616254,0.4258144947758656,-1.631465686837411,0.4427556707813585,-0.5570769672917206,1.6247471518131535,0.296525372707001,-0.17459282384170569,0.22697845202270647,-0.3597188925814986,0.4953035532924238,-0.8836599386169929,1.0740712311210778,-0.36248862374340846,0.8316045063089544,0.7647207237816702,0.15164636773606718,0.6914925005345257,-0.4440636374879235,0.6438503641104492,-1.6026018537579552,-1.0552555673019286,-0.18015850221557556,-1.8923877510446878,0.08773187866548475,2.1206893750909184,-0.7117318890203256,0.04465448576060608,-0.9587235924305982,1.0798663929701728,-0.222910958815205,-0.013560915108012933,-0.2113397167706155,-0.25878549616628477,-1.229915947601508,0.1802269719677565,-0.25966774341325016,-1.4875531754457039,-1.8387733731222908,-0.16738404450354105,-0.30254221732893716,-1.3179224611037534,0.827580803110986,-0.5217527148848309,0.5573661217127444,-0.8397700906490708,-0.37606149131519606,-0.6062554418531807,-0.3829683340342441,0.22351734479892438,-0.27378087590765604,0.6249427300868976,-1.159820913262139,-0.7251731673556753,0.33879639678965556,0.8993256459639262,0.0867352371442533,0.7443985980907376,-0.891353634445785,-0.48620091290635126,0.5724094557799738,-0.3630744096911028,-0.4578484568511405,-0.383375958064712,-1.2093618486296864,-1.0517893919493708,-0.6898918311449739,1.4285984297141405,-0.42434910569284084,-0.35343460319723313,0.6649755854300301,-0.006318922719325251,-0.48076048295446866,-0.08852875334855276,-0.9084087311261747,-1.198413189790484,0.9649401966229062,0.3134632153889868,-1.9371036337765928,0.7990292836852352,-0.21119986773831734,-0.26158361772376887,0.9232325711522785,-0.9835133038469233,0.0543395457829973,1.4318691665807846,-0.29416139347006903,-0.42176994816405877,1.64417718037083,-0.5437250043602092,0.6904191852729672,-1.281605253604961,0.7933897287346251,-0.5534839163150066,0.9125372194300893,-0.5497048091919786,0.5241541271481238,-1.9252533265218121,-0.11036053838875906,0.07950268195998263,-0.9875262453896587,0.03521177816526583,2.6721934737627757,-1.0179151423094832,0.45293009114243127,-0.5911898255143331,1.2052416990737644,0.264586198086347,-0.4999669631932642,0.1263830677290981,1.6928507071889127,-0.4779845059416753,0.891658468230839,-1.0727551898658945,0.4144644490441988,-0.09425155492684789,1.1929076148230373,-0.05429031789240508,1.273113133667705,-0.8038894818365625,-1.197803080773648,-0.9658669066042502,0.4676615492658658,-1.0802260399139938,-2.2250258154450173,-0.3390168088166054,0.16131649850632723,-0.4502484485353576,-1.1306757224231418,1.1664034385201378,0.8103214069023372,0.3397241007371958,1.3008226329535322,-0.9014387588837435,-0.21092372745570984,1.1702670689038615,0
0.1613928364207625,1.7014069107147383,-1.75015140954528,-1.817884532805417,-0.49617208011677266,0.5833978056644111,0.7109837277032586,-0.23867740239114904,1.0313803747832662,0.4157122516748885,0.06575048198751807,1.3304583755584325,0.06529144699422212,-0.726977969824027,-0.21785767686573593,-1.0204864750896219,-0.1975561457666406,-0.8182523047089814,-1.3328182460537854,-0.47842337155583325,-1.504712979969235,0.7488707160063107,0.6366393085097151,1.0164666670222942,-0.5315742968667249,0.4531286204250039,-1.1413074261020444,-0.5707796413743365,1.0251449431783475,1.1745527579944819,0.12345659549657763,0.6785135497261002,-0.23251585517996634,1.0058179661199353,-0.9104686688331652,0.12025944170074684,1.1840140228808178,-0.5059382738121591,-0.013796594947532374,0.43259747854950853,0.9394881995830766,-0.7412125830441627,0.3757778553215273,0.9792696160333106,0.9759816161918023,-0.043173920061397794,-0.34830501219162013,-0.012481531997592435,-0.7072422668575966,0.5360394357053421,0.13449497012434808,-2.4419150859240015,0.3635700938872378,-0.48875923482361266,0.1640219917155544,1.5175062403737452,-0.9106193324734346,-0.39508608306821336,-0.2321041422445208,-1.3026163911498814,0.10028394091223533,0.4336531159924161,-0.3847575286334484,0.5512679694713706,1.48878402261684,-0.6901610719910498,-0.15271481234282636,-0.2937054947935023,1.7740926835916835,0.5726825622000628,1.070716960059002,-0.18744418705420496,1.7982765081127123,1.0034345667636857,-0.8949302903515209,-1.1925152979709908,0.05709581179962631,0.5238715418846833,-0.3656595067482154,-0.7333998940964279,0.9682856622324948,0.36283917703118557,-0.07771393774810616,-0.7321441259109842,-0.06623195101320141,-0.7551308232645267,0.9187399321808191,0.7456241088127812,-0.9457689286753391,-0.9166162458996816,1.3071243122370988,0.8036034736060765,0.6937527538754684,1.1422996701768482,-0.9684608480439743,-0.21493369443767996,1.8964868304129363,1.5188845117265484,0.5861872154775185,0.2090425851856823,0.5526625282240929,-0.07348652930439523,-0.6959299971991738,-0.808480078551881,2.1841131883178404,-0.5852575520829536,1.0459567430436256,-2.1550280180525316,-0.5213743172360653,-0.11294386981174587,-0.5480265660632929,-0.7696054307522979,0.9391800982111342,0.3469852478643997,-0.5458135810993888,-0.6341881920277329,-1.355899198890734,-1.1084759613402404,-1.0660037652220637,-0.44813528614325737,3.066890509957182,-0.5479774360415867,-0.44808194550677544,-0.556166301912274,0.45300888024182806,-1.2759991860611288,-1.0072672694305589,1.0962526165752378,0.26480258541148,0.17175356907298323,0.889571541310664,0.03974275030416028,-1.1923493875543898,0.49476562370743526,0.5636876121101501,-1.5192920469285922,0.3056506540346067,0.6510729039971322,0.6958013835022303,0.8368668296374695,0
0.4122723897954433,0.9967412508068482,-0.997757356094259,1.547351392965046,-1.8880845912000486,0.8588380647450897,-0.9545023229867613,1.2463838074824864,0.7213870147117911,-0.5507242970269274,-0.2716358097294856,-0.4451104631566735,0.731592610470769,-1.4081191241373952,-0.2347893278984189,0.4835271843925476,-1.9035375256791158,-1.293893053486169,1.206549674625522,-1.8925932066359383,-0.9687746622363675,1.6446617715032874,0.3700163502593525,1.2891296924151898,-0.7885611705594442,-1.4016854753229282,0.09798271650903322,0.4429573448940479,-1.6511051879832284,0.004787378259454676,-0.8340353259821861,0.06591008736274769,1.011719384602767,-0.27582649594172887,1.178032505777333,-0.23462598861101658,0.9046687142668356,0.864497567439172,0.6396620014559105,0.22156939540968384,1.757155174669935,0.21615313753235804,0.7335287195563741,-1.466283679259801,0.7345746599695888,1.0168399595259978,-0.39476049839633626,1.2582207489962334,-0.9852885949982388,-0.9540317627405069,0.3985298386089288,0.34214546226800774,-0.5397521674376173,-1.2292291399300594,1.1764576471686334,-1.5755888459150877,0.4426791625622,-0.8428215527172824,0.26979703224039536,-0.12643535252975907,1.6471913150752888,1.3936051940808838,-0.17169026038858265,1.1665963035266604,-1.8573178314387027,-0.13536194923886502,-0.27175592474890004,-2.045767012751259,-0.448797247016098,1.1614051311918205,0.182568945844423,0.531085825048206,-1.0951640207701965,-0.8997851373752161,-0.12369392224134759,0.3499315752386567,0.608497684743157,0.035160146923652415,-0.5611179393593783,-0.5178678290143441,-0.684825039557003,-0.7370275103166195,-0.8606948161055573,0.5386699751203399,0.05208214915903537,0.5305860489196735,-0.29252886068412415,-0.08511882463654506,-1.8398795048486853,0.7547025638382108,0.38736407278105184,0.12739968560869847,0.9162007841229481,1.7015405850625323,-0.7838187024063676,1.4158206558952413,1.2634032649680305,-0.4137593218759169,-1.0915440741101279,0.2812207314848354,1.131307907748169,-1.2592834937402508,-1.247148595652663,0.5856150009173741,0.1381886158214435,0.8546160409609208,0.2915128143256103,0.36917300885501064,0.1616009895804553,0.039885242009850726,0.6565270995370135,-1.3521431695567736,-0.04569726253624136,-0.44036856150013437,-0.4976120823712938,0.6266512353114556,0.8158757379297643,0.7856147523925686,0.8121916437602674,0.2779622372799137,-1.4285073477037202,-0.2486184568081781,0.44159861721217714,0.14916583426040295,0.8915654505104433,0.306354391443879,0.09836271192846928,-0.7954335756916809,-0.3350678257938265,1.023525097570636,-0.3046629763021132,0.8015646087016965,-1.7553358126787402,-0.827997460636271,-1.6132454194941541,-2.277446010261458,-1.8291677563504045,-0.16447018650310238,1.4537042319035232,-1.602886771545593,0
0.021779654805407594,-0.2258115919511535,0.049733794445025334,-0.22327194864315772,-0.6761007093709963,-2.2422913300760396,0.5680781617989152,1.023590706645404,-0.030506191874234864,0.051712086729697376,-1.3579138976609189,-0.5012922470699273,0.5299871628073421,-1.0132647733894724,-0.11099990327623288,2.1472057395631468,0.21429721309512895,-1.1269925145813966,2.7865703795416024,0.37245424423246976,-0.8217878765298468,-0.10067594533469365,-1.7009157620231203,-0.8205436020229617,0.8728252611962442,-1.2362585197068086,-1.4141085160123448,0.9410736028245573,2.1964379735005446,0.5507301888141617,1.76869264948889,-1.1477569648880361,0.46365382900752544,1.1294912148665606,-0.5088189062189497,-0.9512664805998767,-0.10502212997267701,0.3520324907803841,-0.22710007759277587,0.2084644620430902,-1.2524271795354165,0.2987972055183909,0.7580890154062752,0.2761479781376923,-0.7796238388043133,-1.61295847522285,0.0954226543869371,-0.571699207520467,1.6199611156267895,1.4188156852102178,-1.8671403607646384,-0.2644102638037926,-0.758416261706741,-1.1873073555846319,-0.16916065740063582,-0.7902134055134747,-0.9134090163499963,-1.0175029508556837,1.326885281430954,-0.19824484932330527,-0.06246394745554133,1.2611388048664045,-0.316326799197636,0.31999728168061337,-0.7235791874619789,-0.49652095929799295,0.121987725861942,0.20011141528362714,0.7455222231465962,1.0711038594310232,-0.05339271774194337,1.0802362179088507,-0.8227709988113678,0.7063575581575128,-0.7351297103051292,-0.7004465253661175,1.0312077464065466,-2.2327778973503727,0.6625243005274384,0.1983739557097222,0.16825212974948123,1.6182622607862165,-1.073157386073465,-1.1769172220373725,1.109755053800085,-0.21087641048963413,1.2130802438390087,0.6587300067865435,0.3304518577815196,-0.20826396834887134,-0.2525856333857024,1.9863833039427314,-0.6118906581949355,1.0404062266007585,-0.9227550944471178,-0.8921724883908365,0.18262615824150513,-0.15265059972022862,0.9608526394807138,-0.27749614533870093,-0.518752468923532,-1.2717323669270615,2.3369591022820138,-1.481372531039942,3.1161852928294795,0.6704284202590856,0.4501180887517261,-1.5069012307458414,0.5463459643653051,-1.551945691544368,-0.16484179848902158,1.0986825656626689,-1.4425409241589673,0.654293454359367,-0.3622127542730325,0.5640116224998173,-1.3426698537322106,1.326385634778761,0.6940058237073283,-0.8412174065478493,-0.7771642858781141,1.2701528378399771,-0.42705239843967857,-0.8422152019349026,0.5216155897648963,0.643910612207805,-0.5556010079003878,1.4321271972087566,-0.0017429474156205563,0.9127006933940951,0.9093264850236936,-1.323660452423985,1.1580549064515684,1.0227985903740957,0.3350170737982969,-2.4115414891703817,0.234384968955029,-0.909130972935231,-1.3650047345104295,-0.15683144253537093,0
-2.179844179222105,-0.10388565655507583,1.092359562358827,0.5491614934764107,1.1722063012325596,-0.3179686790043726,0.4531458287312043,-1.0884940543410082,-1.9458267864372925,-1.1111641266547359,-0.7395712909753075,-0.7799255814726348,1.2280311469815297,-0.1514533421454106,2.142544223644028,1.5249489617053513,-1.0087473012267119,1.02615015848979,1.0467257166872113,-0.35965832860491426,0.019828549202609146,-0.6591825869846855,2.3835493169528985,1.6163780929763478,-0.2910055786256556,1.5623713963961579,-0.44515047225420545,0.9509268350745373,0.25595584320301534,-0.08853141362943477,-1.019151264842405,-0.5811379674902507,0.6091367197961062,0.06975595013788753,-0.33263714708192044,1.4551917534963106,0.12935993688842795,0.0015158373577096732,-0.5380658456411958,0.2951983956459557,0.5929897755049843,0.14728661830976897,0.588479305927786,-0.6601513288664752,-1.083437952646259,-0.25849946461981727,0.4259430069366739,1.0327690840572468,2.2356352238168857,0.644800633718827,-2.0296768116171235,1.1719054375321478,0.41635478266286347,-0.6923136706407923,0.8238686290505624,0.4218601728691375,-0.4830728916264635,0.12151501533177837,-0.8954535709174041,-0.19901162958586255,-1.305648537376459,0.42563724414036563,0.37043396067906587,1.1341277345464085,1.0032418369531162,-0.6595296169612794,0.3866233012123128,0.4210920428053784,-0.7996737779258466,0.9071305074970464,-0.3163182117461794,-0.6462824189100896,-0.16815305980286355,-1.6856415412010286,-1.7703443203016966,0.5827669991599304,-0.6626704998290858,-1.2229132737191097,-1.6260723595313564,-1.2708783493018287,-0.7689365600843255,-1.992948055058609,0.6573585529854985,0.41496619325125667,-0.7965238720889977,1.3060193755113636,-0.7127248897876073,-0.038052975047829306,1.3314225028734472,-0.34663546470823725,0.7998935562322489,0.6964989759735419,-0.48715129606873486,-0.27845080274864886,-1.366165663504374,-2.79687769319173,-0.7742661825629169,0.23735665514319823,-1.2209770950601713,0.6137774953854127,-0.44567865905864923,0.9921055344137734,-1.0740185592206233,-0.05799456154047586,-1.2076631305309788,-1.908917103069241,-0.26268163266204636,-1.1995307558720172,-0.05935824008610792,0.4202092635466429,-1.454835717995731,0.830120010333481,-1.2041477774204503,-0.7145630475379906,-0.6657101495575297,0.21528920329035078,0.5670896403707143,0.5208591657019145,-0.6957314425802099,0.5307988631422003,0.8560041402907452,-0.5962964128009798,-1.5617183099777472,-0.341590820832608,1.1421262190010997,1.734330504880824,-2.1346688052054916,0.265436670400506,0.36770620471785526,1.4620730761337792,0.16686573301106272,0.18495497306651973,-0.35502480727144464,-0.9541090830907736,-0.5665783703018694,0.39214598994529715,-1.1719120815906563,1.2076436866301068,0.2651996536691743,-1.5575756299063404,0
0.2670326394508886,-0.5646410560716771,1.659333760516622,-1.5797426028310775,-0.12528150768713633,-0.8408891936935438,0.6981307889163086,0.947704409205829,-1.3716201031735753,0.17070072626211,1.715423127420407,0.8704162348233532,1.5639354686186568,0.36381622207163683,-1.3682816884333977,-1.6175717073516067,-0.5632061745269646,-0.7052159816711294,1.7130260845720093,1.9925415097751202,0.6788645409346706,0.626486763611869,-0.8882821660035594,0.5105244089244408,-1.4247435631883636,-1.1154278628136851,1.5047000965479416,0.303727039591527,0.711550316555132,-2.4617867274727288,-0.4548047009889872,-0.5202106212251334,1.0871855594346174,0.9479186033960295,0.8845102437145714,0.1269332469200771,1.410631208784743,-0.7970540334057366,-0.2869368608547136,1.7480302483646724,0.10057094472145674,1.2878944866094273,-0.45225418761610436,0.1249821100779649,1.05643030612182,1.3306048377974418,-0.08420062568852778,-1.378142229196248,-0.9121647101038409,-0.38721954758097854,0.47465373337157135,-0.7656656151350968,0.46182748676565727,0.29306558192143606,-0.46143454980698134,-1.8840485780731393,0.5017191965397059,-1.691281107624729,0.8459563189867073,2.159562259303955,0.022766599058832222,-0.513088369540175,1.5182311592939366,-0.273009752737637,0.26702629915421766,0.6658162043242548,-0.8029141821113341,1.5179215952315714,1.1364267910251629,2.2438603568082525,0.5797024666366261,-0.3342793528749179,-1.2197110919299279,0.12955797520796303,0.10278542537557533,1.2626731271964906,-0.18775393310890337,-0.7242847777231293,-1.7922802648908824,-0.09933605478295744,-0.7113568076409341,-0.39736102641092225,-0.20317412685716923,0.09579168208937427,-0.910321167129802,-0.6863396522592418,1.450745019000465,-0.2608146520573686,0.7157277620984926,-0.385963881472589,-0.2572854339030663,1.0231117361263353,-0.5307824869330472,0.8716666550909759,0.5917802039323167,-0.386686418193585,-1.14512683536967,0.7785656369849692,-0.6221157293953584,-0.2912542877697059,-0.5412424361673925,-1.7200338904539727,0.01907515628233831,-2.096274424678937,0.6218745235267266,0.6496839051766282,-0.11213485810220891,-1.2329419385605165,0.5462180762847972,-3.705150007941516,-0.011045181711097639,1.2916465853755386,0.3028484117375575,-0.6359752725526787,-1.1954260432228194,2.4732871673375776,-0.4149606695759781,-0.20845806061599065,-0.5216183008651918,-0.9539737385647019,-2.497025117573579,-0.5977506959859652,-0.09737750206054072,-1.0405459244691087,-2.593275463335454,0.24868681289278635,-0.0310073887655294,1.4851477558228294,-0.13589802725706454,-1.9372058614937386,1.2754663945400775,1.3121320566381571,-1.3824267522326528,0.5229954657300186,1.4259073013144072,1.6433689886534648,1.3357604582774938,0.30122303562294656,-0.05662883926494763,-0.6002547109020404,0
-0.6451028447279528,-1.2813362339430816,0.4651753853505695,-0.18309935486793086,-0.414973039382812,-0.14903796284573048,1.1041772122878806,0.698781183257497,-1.9893686520089027,2.441818596069436,1.1258202769187895,-0.49569741257313626,0.0034478459165617216,-0.11071739237815512,-1.0391038886696267,-0.37932673143948886,-1.0070886581791287,0.9200530766678802,-1.660787700786734,-0.6503824570357577,-0.9893835838467162,1.7736999278181627,0.7943451581019104,0.5021608423709818,1.0992005537184972,0.04239922598454386,-0.1508023010098647,-0.1269879207127945,-0.4680944378641333,0.6945757589494407,0.9600867760970212,0.6813596449380596,-0.44515616003212877,-0.5651789297751949,2.237269825137777,-0.36343703360719765,1.4049858259594552,-0.3936045950970905,-0.36813091182709984,0.43370209581979685,1.5297883380117623,0.3869798617657164,-0.5959504364959552,2.404388142608355,0.23328771646513052,-0.23340928629361712,0.6212761595634299,-1.0389417452964518,0.8111633048294621,-1.0427127201601543,0.6601006021391292,1.5939381318510413,-0.8819394344530493,0.12169456287821317,0.3547266654208544,0.9543450034285452,0.5166235755607029,0.08742031262584801,1.3557629075934738,0.22612427205913177,-0.6556171363528552,-1.0970935212485724,1.184899852782076,1.4613574910409661,0.1741600599816282,-1.4733262043794855,-0.5473303286006115,1.3460687979148103,0.5497084401880725,-1.4990083418238276,0.5029394048702518,-0.05083802141786975,0.8860016987293459,-0.43816817826280097,1.3292028305561185,-0.24835607203340668,-2.9591172007833157,-0.6211044945328772,0.25153471547740447,0.13574075887511236,-0.4841751098991682,-1.5570553123969972,1.1522176612148258,1.6309174261761634,-0.9464021264519443,0.8712949842633947,0.6220819329407068,-1.250894254592066,0.3730910953979888,2.846064924824528,-1.3240211420472243,1.3517286247306255,-0.040229536567522775,-0.27891595582145273,1.2721534789750026,-0.623369172859883,0.08957520197535468,-0.13055267658012332,-0.974814409711308,1.240514753566557,0.47436276546134987,2.270662510222433,0.15232847155651694,-0.10827479235546256,-0.33144429825164107,-0.2841337190582148,1.5200772025446616,-0.5637823437901799,0.4566684525053891,-0.3470317164086836,-1.2984559421702453,0.325581285905025,-1.5465558633620031,0.24711895177749663,-0.45553504739375367,-0.3912300318983771,-0.1260155657172406,0.022718787845309854,-0.20501963094168651,0.5246087239532435,0.007078134047382706,2.803920027935993,-1.1011682401817116,-1.1252792751984886,-0.3854435857798393,-0.8644824092168938,1.1994371745910895,1.7491617729364288,-0.4011970820326981,0.5148758114373809,0.409785348155664,-0.455504833317163,0.617706661197351,0.82962709369112,-1.6684570260354077,-1.1802344547125885,-0.2920812962005131,-0.32079347138742165,0.07800249219022887,-0.9189118696774139,0
-1.0399480033711501,-0.3613044981528019,-1.1673638327653333,1.195579749127653,1.0404079227230907,0.6103563240155668,1.0196450123143561,-0.4287407170292683,-0.438675297265796,0.4018367595198479,0.7756224499922845,0.36143248465818534,0.2927432154911115,0.3509241031701592,0.9730065977345508,1.0907244121240651,-0.23377039359766222,0.6267186699338769,-2.1181676401955616,-1.6586454049845614,-0.35099520936817735,-0.6369337852991894,1.7529313678167229,-0.2960616803474472,0.3716167565991125,0.21078702093055504,-1.4055503488879548,0.29002598219594067,0.03317028636966172,1.5649463266408128,-0.5536215802855579,0.6223205799634742,0.5797817872098202,-0.8455492751378787,-2.346434244743224,0.03610629577367827,1.24754016911276,0.3103243080930046,0.914122742697547,-0.6331815408839091,0.7702317717501264,-1.8010190251833966,0.5782866171302078,-1.6588885118996946,0.5974178713274437,-0.5594131953126057,0.8471748515966289,-0.039354276323916096,1.0982987616187183,0.43519058279407424,0.08904201343052905,1.1852126297781391,0.44769471913524417,1.738643937981578,-0.033167079350789226,-0.20993830578910674,-0.8981686820609562,-0.5566412169401557,-0.2385373387235512,-0.690923807942074,0.6387990794037915,-1.256008983183498,-0.8661930633619248,-2.132742731358247,-0.6903318841628555,1.2174116759974976,-0.5148947536647098,-0.8393081749486203,-0.7457034405625816,0.3503801148911787,1.27755917511993,0.8739987899243882,-1.3234606812569325,1.3938111837469027,1.0173969451522622,0.47163140333603876,-1.1322495569854512,-0.9036278981959392,-0.7671473609161006,-0.5360215606777086,0.19244136816572122,-2.728557722128255,-1.2831185866245673,-0.22985558479771012,0.98548641341099,-0.30633482653481875,0.1870549067816541,1.0987887938224268,-0.7967442119539481,-1.0089249636512876,-1.1053728093537427,-0.2776813565355509,-0.6515805618972584,1.661358842719274,0.24328195331862498,0.673984319396128,-0.8545710677077628,-0.04916832783197539,-0.3072564527929439,0.19105098907179668,0.3819335954083719,-0.35381308253895455,-0.20835746380349965,1.12870672551403,-0.916560390708187,0.7203810433578565,0.2906827210536952,0.7487258239765869,-0.31219155967758777,1.03315186291749,-0.6373653247456337,0.5009090617985801,0.4976015817270766,0.15643608744790363,1.0260946417770573,1.1048742629419421,0.6839115331235286,1.776038418690314,-0.40062194935611617,-0.26737683713601157,0.2857503628203295,-0.17532210238113222,-0.36460872370032543,-1.4658009889158217,0.7784545868320556,-0.10840204507913363,-0.056774957099696204,-1.0180216942359055,-0.3912574175672374,0.23679091393894214,-1.2050415030037014,-0.16784428812350896,-0.4347427948920216,-0.10350986303083215,-0.17992717510142822,-1.3460416175464245,0.8486419977890405,-2.464767656611346,0.21409648757668967,1.0398813123841466,0
-0.08403674439431538,-1.3780285039549804,0.7889639834991293,-1.6134979904393374,-0.3368337369605116,1.1376180681678723,-0.11113664450677577,0.02094708886162621,1.231733978156814,-1.5192404726996578,0.04894282899570264,0.006186110905852348,-0.7706926295719022,-0.6227062448480631,1.0031014003981513,-1.8584830502331504,-0.1847943172701447,-0.7043830516514936,0.19171663994390925,-0.5276573247456379,0.17426937877278767,-0.0577294014423511,0.034799858116858304,-0.10640548747800203,0.09546456566957218,0.20625798106819893,0.06363720254174739,-0.1900398302830403,1.009623874303876,-0.9300413839342813,2.1653974293214615,-0.8764991745813827,-0.4827966566086659,-1.826275494254038,-0.3028063866187931,0.8810005937811165,-0.9608982320421274,1.3661382073301214,-0.17530403884106105,-1.412510896623995,-0.8339538281790521,0.46960518558549985,-0.5327144278223929,1.6089647863092882,-0.6939063010386459,-0.11194333286682992,-0.6345724242534602,0.9180888829666167,-1.49382904632572,-2.0617964936264994,-0.5383757481074319,-0.2163894755458876,-1.6945732028338947,0.42928436811333825,0.7075106138105288,-0.35364460335888276,-0.6818564639396227,1.462400414110487,-1.1127498435515735,0.5310799991698826,-0.477747966273539,0.18292102415081135,0.7888227986641592,0.3195244818094351,-1.8110535827908811,0.9135362595832709,-1.917924819102586,0.6630473797292921,0.4515159130405127,-0.28455255923109396,0.4630041239800663,-1.114253664185325,-1.3339238830067486,0.5526000307407076,-0.3336700563316928,1.4934902313388267,-0.36266050399639255,-1.02301018873971,2.641475300208582,-1.4238457403352052,0.14998028252877085,0.10745082452615527,0.7135551161862077,-0.33705281303158824,-0.27358621167305364,-0.14920940429993773,1.800708074299378,0.8654661027713167,-0.8534933358390434,-0.5285113891423064,-0.131249676496671,-0.895717585929919,-1.6070573120696316,-0.6806770903234461,-0.9111526463118539,1.5763941414376867,0.08436599390639714,-1.4991879818680662,-0.30819343758467715,0.4385906024132625,0.7323625197510302,0.1985320082739074,0.5276449775344255,-0.1399463703602806,-0.13748308920017008,3.293343160775697,-0.6017544561182484,-1.259200606076619,-0.43781611229825873,-0.10857317052664119,-1.5663443636069234,0.5014107350834343,-0.609776702376401,-2.3130578503946766,-0.020645030322385204,-0.8122130100356842,1.0140979098595042,-1.0103072651172829,-0.5412789534391684,0.3449584157144166,-0.3690708313065841,-0.9446545563206415,-0.9476163024279496,1.2000973261463765,-0.5347036179433865,-1.2019852942936615,-0.2519378567795479,-0.14594280912339527,0.5746090955473202,-1.2841946870348062,1.69942465809087,-0.5416490300139862,1.7269440873702242,0.20299035425799053,0.5672429543902697,0.826239516532551,-0.414398871095459,-1.3565378578321745,0.7172828664975985,2.16964892345641,0
0.010715739930316106,0.056694338939703916,0.3331463966962575,-1.4602202032050966,1.176541527288898,-1.2415832928248085,1.4956701633414533,0.26122999040268446,1.2797411594273402,-1.7843737678313007,0.878742004639926,0.18893711674688593,-0.24997502229690757,1.146644690974481,0.7778331241589148,0.17778440567263923,-2.1648891876423986,-0.3205732860558113,0.906264985400667,-0.6262904141672956,0.30363592242133775,0.651074751966557,1.2579827122906286,0.2218997579212023,-0.9216106128070053,1.237373236432013,-0.24053406347142361,0.5149751350216693,-0.6394777679683716,-1.2991584778157077,-1.24917470997425,1.4212165229701748,-0.03969694329774252,0.7267731344364131,2.062176500985919,0.9361403966770083,1.8991859778808438,-1.0519049202466786,0.004481224042920925,-0.8887578143123775,-1.0670593889722735,-0.6080362202627496,-0.7466822105939676,-0.5869643235002969,0.08763013022324409,0.32323491445111296,0.9751283774295181,0.5650555848336462,1.9547430861376842,2.1127347280527604,-0.4934439847236483,0.2534270013408355,0.020316252295511435,-1.0182642341937724,0.916788771088327,0.8259816204219652,0.7042296491567086,0.9380726721917448,-0.62219766142672,1.3115402657124213,1.2608152194309061,-2.1494194162330094,-0.43527724164218484,0.4995171207977404,2.86732702254613,0.26365167663545064,0.3397821539470358,-0.25308403885673325,-0.07669495998524394,1.5420635957049793,0.11182520524910972,1.4953014733678391,-0.21202128755990907,0.41653283716559236,-1.8035124371611568,-0.5722063524196302,-0.3028084264885882,-0.04389168683758555,-0.10538183631211398,-0.15033980287452958,1.25670258882223,-0.4488680670772071,0.6534260635104354,0.04539376683215822,-0.3084785151081666,2.143760034685117,0.624135759290859,-0.11827844003807585,0.6271928956664865,0.5882724600111631,-0.08952903091121113,-0.9783244431108721,-0.3797261297776131,-3.0876715899045992,-0.6217889652615903,0.6588877244852279,0.2974308617893709,-0.2664038887186441,0.4796112079708499,0.9661827744016097,0.12981574936391752,-0.2580659751185405,-0.2329385078623212,-0.8855759289983643,0.8106532060909722,2.078066550109493,-1.261254539455915,-0.5412209408908838,0.3104192764836151,-0.3052129989117391,0.6287159411676272,-0.8631776929796835,-2.0646476032470242,0.9408177849973753,0.7695732710984335,0.8575060998227562,1.9628568481537332,-0.47851688934530445,1.8547410588192261,1.521305682873424,-0.29509371611347796,-1.1643772028255694,-0.9792981102298384,0.6840211205691495,-1.052234553290452,0.23176447019813187,-0.2169905544910586,0.2599819391027796,0.9168947647220603,0.4060943504257965,0.8702587477311629,1.922308800212196,-1.9160430207790815,0.27761414506079485,-0.0431393886957868,0.011285231572541743,-2.0505365587348843,0.2167163123834915,-0.5052995027003723,0.7041806308523587,0
2.5688884300107406,-1.1003941419220473,0.36467878375715973,-1.7892203078331623,0.14805617775931834,0.949575905200766,0.48379052295957004,1.3630575447165523,0.6694620951785664,-1.7464760468029978,1.8795275220550463,-1.4814104269548458,1.8482914773393042,0.6791038033142097,0.36522888974870343,1.7237940620008587,0.5832763867476201,0.9753102262058156,0.19406256218665602,-0.6258885900827004,-1.0434314814634649,2.108621663036451,1.5251988344940917,-0.125094187989107,-0.6197548225208539,1.6069396037380475,0.9477482164273919,1.0824831294965571,1.3254194218523714,1.2050788637040233,1.96278419703634,0.8505978420636257,-1.3188399699143691,-0.33499368289978015,0.5050636143565046,0.33748436348637295,0.8102842046088096,0.04350570875488562,-1.4488758742700305,0.29821256265384194,-1.8014895628941971,-1.7011325595632363,0.5329788295995318,-0.9252607569263226,-0.4237018185201067,0.4982049810222861,-0.549039662539572,0.4152093127193428,1.1993063549659178,-0.8407263370970982,-0.557104964512762,0.6354312683274721,-0.4352324452657807,0.6292305992699427,0.515058005652921,-0.3290521672811889,1.327965871520824,-1.1993957862188669,0.6110478248718204,-2.115260647380177,0.09356002210650403,0.06054084925636382,-1.2051704284832017,1.5343044698129111,-1.0961519044342292,-0.33761649052718606,1.1804361502130054,0.22583561422480872,-0.3869589791985231,-0.5988473057114236,0.021130718675963087,-0.38947690625465453,0.11585640948383075,-0.6467028257122741,0.8867419503753273,-0.632004915681166,-1.4907791301570283,2.817226184050895,1.0017563471364266,-0.6729641241229221,-0.8842935834469303,0.6873692335243426,-0.6459327265350981,1.0391588065090938,0.5188473220972386,0.2902724925810502,0.18961190147359624,1.4612907502526324,-0.20035522206952572,0.1409672719313953,-0.7568819240997456,0.605037277187763,-0.8635659806598925,1.2210863066010165,1.3183268542110818,-1.6614875917344754,1.0262986620481842,-1.2419555765710069,-0.4320455561054304,-0.022487506662331225,-0.4511677505224904,-0.35617346727795324,0.8097348443526761,1.070384276405027,-0.11419019190404725,-0.0025557596971608576,0.6311855331833436,-1.0527498646906683,0.03798304260205169,-0.223546686380508,0.28214398653943534,-1.1664306692483328,0.3649011679277977,0.2836479636345491,1.979485735961659,-1.2934540594458408,2.314807921341104,1.923608274714526,1.283318119225225,-0.505078994213852,0.9841103180719531,-1.7269630829880451,-2.0368467898974134,-0.5762693542072689,-0.9724282611862384,-1.9649094019962667,1.6201791079343835,-0.7156109036380214,0.46518921661322854,2.813867204964309,-0.11213092639644937,-1.2851071028708598,1.8667270380272938,-0.1467032288415572,0.8487023934086521,-2.720241872789723,0.29684149554649625,-0.061543901996753816,-0.36711961012386835,0.9682492999618478,0
-0.6736341186328448,-0.27848235983440034,0.10427340475764019,0.866995669873976,-0.24786177083427258,-0.15740000735698914,-0.16562851585256322,-0.17133353820030472,-1.3177512560575,0.758212292656862,0.8260546561713322,-1.6253161257916315,-0.45211251873715624,1.3227929812906134,0.10606948992904894,-0.3209082936621061,-1.1146540527884932,1.2585558031361193,-0.7012584064402924,0.6868741293561476,1.921222465686917,0.12327494753182731,1.4223034535969021,0.4670670137205015,1.0102796649855705,-0.2507962489307257,-0.8798432538459516,-0.4620344272904931,-0.35480044140338685,0.26935740839771727,0.7131264338695278,-1.5500895213846537,0.16107490003389124,0.31555536282303626,0.05242307602953042,-1.043444786335557,0.4126783572695191,0.37399730732121717,0.8270799177999638,-0.22043660375849625,0.30174284451772204,0.5625146082699177,0.047493023897255036,-1.3365067828626669,-2.266612257126321,-0.8118804343047674,-1.7054289175629773,0.2523459657621126,-1.0208788928077175,-0.655536847738706,1.7712746856813426,-0.3944242121207872,1.1869233198288671,0.039361952457134086,-1.4373431760074575,-0.04136216326370499,-2.3183584985829064,0.22006951036421196,-0.9349048089762019,-0.019240332291974468,-0.6557663532186927,1.1841701578073711,0.04300300418088501,-0.31371479127001944,-0.4934481662737152,0.2122439063050763,-0.37666785507455697,-2.313137245720845,-0.5442796311556167,0.003185382035743389,-0.754700617284149,0.24686764864864144,0.10745019538613013,-2.194088501048766,-0.7101609614196978,1.3227446576767596,0.5349712229459637,0.6293193513324328,0.9742334491426363,-0.24507029713938133,-0.5626208848203771,0.8449286236222812,1.1142435669671573,1.2344848304929457,-0.6387388182731633,0.6569828229403829,-0.11492222223946058,0.7067318972131795,-0.09164195041727632,-0.026221152138502183,0.7986050076051183,-0.3289809701680027,-0.3730814207739803,1.061733139868511,0.4111083648448982,-0.9857759625094384,1.161783102965066,1.4578842044481415,0.2972920625495982,-0.320205262269162,1.612789736254371,1.5464964969113044,-0.8851690905831726,-0.26402664948161353,-0.05393345485301814,1.640468718119838,0.8917749790965911,-0.32212204602942823,-0.004697989227809222,-0.10878479868187421,-0.7623315409296647,0.5195191251774381,0.45335183002026436,0.5920983989659515,0.22307151026161723,-1.0858265822053912,-0.6348214222142683,0.06346256904517085,0.8996658008031805,0.28146533631589976,-1.2304611159867622,-2.0224715061906737,-0.037745684498509145,0.4096454363523408,0.7919064647206995,1.7527727965923474,1.1237290287137258,0.6165827363632107,-0.5379326978344163,1.44343821602332,-1.0829878060460558,1.0950030416356418,1.8846732238964359,1.3998588119050024,-0.38913774146704827,-1.6445153716513057,-0.7487042871064378,0.04594372708288204,-0.27888389148647125,0.24104135568639123,1
-1.812870793222275,0.7937036122010053,-0.622856988335108,-0.0008232073195094437,-0.4777002078945702,0.749278290414367,-0.5663491351662785,-1.713954445506709,0.5602065416139476,-1.5912583718067665,-0.1745563481543893,1.089740417772641,0.5751074196530057,0.028197702780679023,0.06851701997344523,-1.0500689624052943,0.4094315252932212,0.49326307223477744,0.21153255984719788,0.009932459560120746,-0.14275043203725774,0.7906412681724276,-0.6136759477378767,-1.3424403402014518,0.9047971789696142,-1.3200320240837609,-0.7415101516951653,0.42447578022511545,0.3321044517097425,-0.1624407174769536,1.4076304196508973,0.9752539284963933,-0.10635931867834886,-0.5616967093095784,0.26591090020069363,0.18864523938147504,1.1876140562966424,-0.1978746584898454,1.025852659674338,-1.332247689886578,0.35178075027624367,-0.7086676661361613,0.006159075645352578,-0.21954234131002232,-1.110091540741343,-0.7350725260878732,-0.4630456728866889,1.7451248394105263,-0.5336006478803373,-1.8962510125554792,-0.7406130231191863,-1.76252849810202,-1.04422094736679,-2.4375341158993913,-0.6214737753144493,0.37322482590696693,-0.41300503165672636,-0.3598821234026842,2.552787653418942,-0.6024896948381385,0.2184987507424299,0.10575250473363941,0.254017049176203,-0.6083731253320827,0.7663893229008962,1.187702847276377,0.06641769749326955,1.1657460689924897,0.540158365831218,0.16750767746793996,-1.03556399912113,-0.12327663010145554,0.9953221759115431,-0.3872827632953087,0.07869464085663509,-1.0757341876265554,0.3715238589566125,0.46363391666244874,2.343774145676857,0.2329028458095619,0.3019138894434709,-0.15354949358593584,-0.08642821635840907,-0.3014065580151853,1.359465873859479,-0.5156967707583077,1.1487257778970017,-0.08691138796416413,-0.8368736495656549,-0.5600362115979929,-0.6908445823621011,-0.534430991005625,-1.207547979789523,-0.7468513693545714,-2.4792784641435244,0.1058241619048937,-0.5599920820806227,-0.22127992480136288,-0.8235846404256869,1.358805299208732,-1.8828340039231233,0.9351009558063096,-1.5714068234668026,-0.7430535323984059,0.3652273689904811,1.9499377347598272,0.7789478687193871,-2.5818301266047823,0.3477170155715532,-0.8082142034421786,2.39790698924859,0.3105447933357011,0.9529848300384488,-0.8721121531740234,-0.9335276704003446,-0.04962673913510901,-0.7514886397105406,0.3289011011955465,-0.4474866116119343,-0.02710684317025044,0.9682507540878327,0.03141961985440047,-0.26789823762517295,-0.7090468913642785,-0.5262605925932121,0.7070920006866364,-0.13831295131344995,-0.9584190988317086,-0.3985683309545431,0.8300265432425096,-0.3197833138005078,-2.5697271861076527,0.9050060153398121,-0.24527037101676744,0.7942923872388157,-0.4087437099878554,0.47927717309402074,0.5722687676815199,-0.7375714399005452,-1.3322056750021094,0
-1.1449901275795495,0.20333070777267934,-0.1520885964048495,-0.01979404722801775,0.4269784469232162,-0.324043616841003,-0.45334315887061577,-0.8245578816606387,0.3740628862323628,1.6996227432932365,-0.502593635582607,0.4468776633695273,1.320152088518569,-0.6761411619285649,1.7550110196691695,-0.9313092582074338,0.5545122715935705,-1.1107918760469218,0.5256132566999666,-0.6562248452945985,-2.3055040043231445,1.3948644363719387,0.20689125877771575,-0.5383220897582448,-0.23390005580530768,-0.1916651452793111,-0.35705414496126525,-0.38948540610380916,-0.13923542223029162,1.9886972883294338,-2.279472607693794,-2.0133189154280595,0.4488999302781738,-2.583781358030712,-0.5003432537079624,-0.7846339860678706,-0.038838825731967286,-0.6264135260812762,-0.14817495291815588,-0.7796811152671514,-1.2575740798796191,-0.26607722387835353,0.5109045731036894,0.6300459118710245,0.18032720142745445,1.2751798734102573,0.0857641569381395,0.8226983572895004,-0.2640290988862532,0.4571624585474806,1.9592453988752325,0.17781074513629164,1.1972420810392952,0.010054059802311336,-1.25410298207742,0.15812486640983867,0.53433294334724,0.8492652843174369,-0.6813135538755191,3.7661800763391753,1.079746214560553,1.2565735365863666,0.8796151117556075,-0.8405812403190974,-0.41850925194598504,0.5627393682359908,-1.8452455894675155,-0.47462103407042494,-0.5042755063836188,0.6062035769068241,-0.9933084602492708,2.0105981573422556,3.225312119312865,0.4332178307513906,1.2439862993159316,0.4963492832580708,-0.540465718092561,-0.9376750301782503,0.34276700968532275,-0.6747227714755186,1.0134142771651822,-0.6431477591966025,0.22050733802466677,-0.8573336796303919,-0.9254755127384154,1.4442042003871791,-0.4613247287705653,-0.40589593163070986,-0.6465565353546592,-0.5024839165437696,-0.10714632363229869,-2.024184311106057,0.8131064630017601,0.3944936116489652,0.8770848097017298,1.2950626834947094,0.14594295880998145,0.10377783922436097,0.5968636622791427,-1.3162405560618977,-0.3581781696695252,0.9789280726169752,0.8637311274783138,2.1990378111203435,-0.07634658581572513,1.2166692986018786,-0.058986287171472335,-1.100486089825039,0.17674364968372888,-0.21928128874501865,-0.4211550190018913,-1.0743540264161606,-0.25865407896176185,-0.8393680811699856,1.9843854886166838,0.9070729689771364,-1.1684986771669172,-0.5968637979043557,-0.3949752838077412,-0.20832879807716512,-0.8376402743205741,-0.11064568192615307,1.0150720571045713,-0.36893597852985743,-1.1919604820251588,-2.017090848172151,-1.9597380562607913,0.2845872984630427,0.12655905365681772,-0.20216276483078943,-0.581978874985434,-0.424732741091756,0.25918959028181693,-0.5932408214155648,0.04891477254294297,-0.25281006114713833,0.09844355025467356,-2.181729581654693,0.8097032183374514,0.2780357992201174,1
-0.47452411315154164,-0.3161751698251644,0.5271487834851162,-0.12908688324807202,0.6052987018849675,0.11319869859064904,0.9304447847308969,-0.9657396750965658,0.12657408132392775,-1.7809258729469641,-0.9650728276854292,-1.354044903872533,-0.15846810330718406,-0.3367798391030649,-0.6110098131795536,-1.336158417098559,-1.6679691133015082,-1.1373260313151075,0.8712027495027169,0.028689219123004532,-0.9276494934222275,-0.0975366856674878,0.2583784124582963,0.10307854623229638,-0.5426464534917015,-0.5392748215006344,-0.4698675654929136,1.2086692281617555,0.592469680742305,1.2896582979331086,0.11657633632464866,-0.9875473620786311,1.2947847880979537,-0.32976733888703624,-1.1139721583290774,-0.9666793150569084,0.6895076709956869,0.13776326231143432,-0.7267715839696701,-0.7344103941688529,2.7010850226766703,0.44828926999542296,-0.18247022279280584,0.4505621660761816,-1.9036218529069941,-0.9619682431520256,-0.8131567248358088,1.3176776128475902,-1.980071212777133,-0.9461920243785296,0.04099002384853284,-0.4608279278333148,-0.9814599126553809,-0.2801742345449635,1.6248851731380782,0.8637576497787368,-1.6548967373290562,0.07764981240893228,-1.7675164632296496,0.26909806465871317,0.9199158985218445,-1.3696231200448648,0.3762032341075658,1.5156846399026693,-2.184077447458856,0.10005516263638958,0.14436313169970624,-0.10678893488049991,-1.056261443358212,0.29361411186202185,-0.4032000057071776,0.24402012663344155,-0.7206554025487156,0.03227751074964992,2.6529316674758787,-1.5456813300546401,-2.8986750668321877,0.13186493008562675,-0.3237231431944824,-0.2029633501372661,-1.0402327227518573,0.3805817275108532,1.4248240622610648,-0.7204906516077794,0.969304772345483,0.2769284195596194,0.414958511924074,0.17071204633276715,-0.4487061838187261,0.6667332199452713,-0.5586694140947173,0.9793030916535823,1.1380119570419256,-0.20116651914775993,-1.0618019559417862,-0.02077059719186784,1.118022794199395,-0.4993313659461698,0.13096129299881787,-0.23561458310091205,-0.38662026049783343,1.650698070338802,0.9192959056435789,-0.7902258861375601,-2.031897342321516,0.46561654129230096,-0.8456617244508817,0.24827698011022073,-0.23028194815444647,1.2755376871285118,-0.16658498533534327,0.21441410850129,2.185641402773198,1.1785541997001756,-1.778166340953126,-0.28375342096169803,-0.5461298849529718,0.577781254179319,-0.5662201554143759,-1.544970259110096,0.10770885282571324,0.9561196720651,-0.15097947075245677,-0.22063591126433119,-0.09047420665569239,-0.7622380738509373,-0.23072412590083763,-0.2978154561283133,0.6019409694877182,1.1901406856210348,0.7440204473555151,-0.42788046620776765,-1.8667517307008439,-0.22890886499518828,0.6397942525040475,0.9724645475966658,-0.23555062514691918,-0.5804885248949396,-1.2055857953866387,0.8147036844294885,0
-1.5288506186362698,0.8898081894354698,-0.5808077657594567,-1.167931445104132,1.3940768554536833,-1.2429632348540351,-1.4373521501567186,1.9757595958192222,0.5946122052457181,0.40471479767601776,0.22426304324149102,-0.6801124830699373,-0.5024186212851663,1.7340313231292468,-0.09100027346667634,-0.6604775713391738,1.3374169713879644,-0.7464241362085703,0.46930358797349264,1.3820519481264406,-0.18332473520793313,-2.18021607767115,0.8827320487542804,1.2783981982941013,0.020988211526036547,-0.218398200670727,-0.01701872413741873,0.09228833593997807,-0.3452037609985173,1.7591737581895233,0.2009213408396583,0.019132880479326514,0.7796137826253239,-0.41941226489740496,-0.2437718519183348,0.5011686540873674,-0.03881100103830309,0.7512747499834259,-0.3103093840993485,0.4164948734602372,0.8070456318911275,1.0193603149657566,-1.98241628056087,0.30059370361580584,0.8447252688713918,-0.9630436494178934,1.0764221120673074,0.21045465260036694,-0.4324652733015048,0.42744615130404245,0.8233812006349431,-2.1539108564536793,1.6192428974973074,-1.949067364963053,-1.1039629240454027,1.42599633487571,0.9243617196157948,-0.4506428666656104,1.0289946566744674,0.34262339046975815,0.23494096920732502,-2.887696889663575,-1.029317874259448,-0.3673203951876603,-2.354189269173179,0.7746084591218407,-0.05918016020579842,1.3200562886026685,-0.5144982414294801,-1.4112027570868373,-0.9892203368164465,0.3061629929551661,1.103827839683427,0.025454445822252324,0.9918462974947293,-0.007790730409864934,0.6310955183895389,1.7190206700863047,0.5469170179073201,-0.7322366126880371,0.2657268163986676,0.10118176194533507,-0.36015881099528213,-0.7981434015165346,2.2325174727098362,-0.2636103301380227,-2.339872224676797,-0.6352828893831447,-0.7692360659053196,-0.24822684647072737,-1.4985267105003046,-0.5483433266528842,0.2515299285687026,-1.3395561126960411,1.1727820578897399,0.04259848613825687,0.17058827188966824,-0.3995019331427646,0.22309530784741424,0.7671733014663877,0.23864965842798994,1.1322594593883868,0.14059895446696546,0.8377888060452175,0.4251547972110425,-2.083785026358967,-0.8823003065721866,-0.8254382321635886,-0.7993966996740731,-1.0776107654132219,1.1316716533358382,1.5132331988235121,-1.6414430709647645,0.7915172425175121,0.5966989140151072,2.223800121998364,-0.07726149263514309,-1.5462147250396827,-1.550329669690434,1.1175352323753116,-0.8490029629177879,0.7200965812355021,-0.027462619879636767,0.8879719095027462,-1.5481245515680444,0.06820036242470008,0.7876461638238952,0.690931272699096,0.962812038041748,-1.6818707967569702,-0.11563780246537173,-0.02757401658600988,1.4668974934371142,2.744845703745474,1.4375028660589655,0.8962471528597202,0.4478899134204837,0.032869646128797475,1.2639815494396944,0.2004651975090577,0
-0.4731041005514859,-0.06172448700340763,-0.6975320945441638,-1.8582927636534117,-1.7113720341484162,0.0433356483854707,-2.04860381499921,-1.155049563980237,0.4680610971234949,-0.7500591373095177,-1.2303976162791417,-1.1165766701939923,1.1939098192681645,0.8276524786618822,-0.8340691807099924,0.4913156927917184,0.10582510968965765,0.8218964653988261,1.277963469162076,-1.726166706506341,0.4205766736560086,0.03799867511801078,1.0961883788096665,-1.719259316852306,-1.2843144834631308,0.09566603888444655,-0.2750630352426314,0.35205801994537644,-1.6403103134329353,1.19412934497971,0.18150499395664443,0.18077280969131465,-0.14725272448122248,-1.1488184008015567,-0.7767498419821393,1.6404391422633247,0.07499749879994913,0.008254099372690244,0.8539769744284553,-0.7878944307694271,0.42996504973805877,0.15279463250748915,-0.2821484989471006,-0.4863584143649399,0.6631168852480056,0.5547513019131569,-0.7583544185369089,0.4704836905795404,-1.1244376390062136,-0.6925112157530584,0.3792256371825526,0.25519820738198656,-1.0809422500529027,0.3547891381554272,-0.1849555496138045,1.0620560278826994,0.4198690918356399,-1.1336772747298371,0.18300839232540259,-0.7677997902269246,0.07713709746550972,0.3888405778589109,0.49004678440748234,-0.9593530392386873,-0.6099963303734368,0.04576994747665657,-0.43991696781321676,-0.41959558407741737,-1.0689407135674047,0.37472630626542536,-0.6508188131361072,-0.32481334128126327,0.04125278741649753,-2.50670422545741,-1.6003594991017691,1.5868358870405328,-1.5577837466507438,0.9202520822632343,0.8873612272088235,-0.018237508155435588,1.4917960913888841,0.8219264103383139,0.1971585126160105,0.3890426439486632,0.9535721778396165,0.397195100356966,0.8529436861833072,1.6088376856914774,1.2547875449705137,-0.31089760323787896,-0.8521687133648997,0.047260069282236465,2.075344352573416,-1.1775676311601502,-0.21397805019462388,-0.13522488366522703,-0.8483137945929464,0.11916471566231716,-0.5724877689086495,-0.05205051986578256,-0.16782037668726701,0.033478937970421216,-0.9628404337205961,-0.5083081659444799,-0.15822725377074703,-0.03407086012494154,0.007983999859770372,0.5912718968887768,-1.097812319598534,-0.2672022144532564,-0.9292499828381768,-1.0322626051193955,0.349345010972897,0.08032735299855846,-0.5421607790596843,-0.5927319834243756,-1.308727039490382,1.0517289062036153,-0.13734575979417582,-1.6170964077501264,0.06985338751362453,-0.7615195288796365,-0.603913859768206,0.9882476030249175,-0.24010835214939716,1.6618084562004234,3.0025349527301524,1.3738346191422146,-1.0579807963688408,1.4049424276957154,-0.5734219790004457,0.49938932778159784,1.3827319660674606,-1.1207494909760953,0.12103285664308414,0.11750063741171768,-0.8715949839594858,-1.8140508202512267,0.7166348944433409,-1.4145789148705754,0
0.6511198278238115,-0.1916424621607314,1.339815541542661,-1.1308062069306266,-0.0755007509277127,2.095270771186083,-0.7091769388818869,1.639359999887874,-0.7837524702047606,0.16061154461590127,-0.8527915082144132,0.5198047852994715,-1.2630715848659535,-0.5370232697150134,-0.5063770506073457,-0.7136618688773686,1.4692143178480879,-0.7709786142935307,0.12219973049703917,1.8565201624401493,0.24945216657455385,-2.485739633951203,2.027999502477753,1.115879165598215,1.288425482466699,1.3445747368571048,-0.09469831386994691,-1.4717592591151525,0.9862127879619467,-1.703314482751743,-1.430075644930736,-0.00784712943515895,1.0374809672753893,-0.6799572299058396,-0.6081060142269458,2.553294388116672,0.9286959555305042,0.44911294418553893,1.4812476870137588,0.6048015170966646,-1.1184690582158037,-1.205259047938194,-0.15095390922231006,-0.2810498969981604,2.106710825499294,-0.11440327147420297,1.7483670778558218,0.37889339468160066,0.8287880582825721,-2.9467267558564307,2.3685415114248594,-0.7552905780996141,1.1119406461888033,-1.5791131925657849,1.660648725697865,-1.5635584985584323,-0.9850340653140738,-0.45939489718327403,-0.3885444047239805,-0.33368389285410244,0.37654826583935525,-1.0748245769072682,0.32709848759475074,1.71688172547246,-1.0681196835379683,-0.10669653420351333,0.8488404050363294,-1.7148703229614712,-1.295750613815645,0.5357841939034379,-0.34168756253647053,0.21938203251487967,0.41430262152017033,-1.6721464405377526,1.7423155925373386,-0.10577995122523984,-0.06978951949130459,-0.19083501635916353,0.5541454673430725,0.7551923941706179,-2.922663365140458,0.8021015707022405,-1.270715605560661,-0.5313932579787827,-1.078773818075765,-0.5585450493961623,-0.3608490387646265,-0.22961345557863216,-1.6670725259826555,0.006216503916135293,0.45858098730058156,-0.09533095429241664,-0.5811809241134361,-0.9490913739702642,-2.7014580265839396,0.4920904902055368,0.2586440842775277,-0.4239397547217274,-1.686299325661843,-0.20700519082888896,-0.5808011767058179,1.3338678445888663,1.1175180890617753,-0.8024675007958415,0.7313802813626858,-1.1168075588659343,1.268036935728487,0.18134274739161135,2.0766074173830242,-0.7037631998655326,1.2451644574889456,1.4626432988315383,-0.467853400685183,-1.3732600705169924,0.7501488836514957,-0.9940335769520194,-0.3542089114097662,-0.8193223082720047,1.9014938889736273,0.0468335900495961,0.3435147478410022,-0.002737950752155404,-0.77015182076127,0.5915219082783958,0.9212285903408998,-0.6271580899691402,0.08626885525084099,1.0468222394761884,-1.178762187201011,-0.16778302670903383,0.8208057403176613,-1.0218493652712055,0.12598514481910503,-0.53901281303971,-0.7110323854606021,-0.6992931490329776,-1.3429357334303398,-2.2263715688972474,-0.9606624886127499,0.4087207365099458,1
-0.9838457902382634,-0.45404713274108893,-1.3800353557855285,0.1360589699962233,1.7347741974671682,0.5619625576611659,-0.2615825878750611,0.4086103515319937,1.1789540086594261,1.0006275729148626,1.1248242160726258,0.24083257290573337,1.7826630739816307,-0.355500897283989,1.445577021482407,0.7090862458181048,-0.6522289431708064,-1.729605596689688,0.20354494765684425,-1.6198925571192622,0.21600329282190284,-0.9732808896114754,0.801345558394598,-1.3307718350919326,1.9114896087090307,0.2701277829789187,-1.7235174854125592,0.7714317132651071,-1.6092068553365468,0.5857047761722066,-0.8188536277704274,2.264805268689272,-0.0706107576414264,-2.1597137051765096,-0.18384897551154142,-0.9944669557021326,1.4538516016244103,0.3162532788173539,-0.4277135074900152,0.41821251712133856,0.8627504967030296,0.7896863322542371,-2.237454084534419,1.364548149100855,-1.8257597181035612,1.0889232149404442,-0.5995514803318909,-0.3415057070879964,-0.2859894542455214,0.10024666972232199,1.263435585268531,1.2990086691406908,0.18950541489770298,0.8336599000775631,-0.22776632150732917,-0.35117166923043397,0.8645347325671294,1.0398820926563916,-0.5910518449912437,1.6297501094065512,1.3220812224679082,-1.7672410101469596,-0.8439866329042,-0.6351282975376903,-0.3661234472109589,-1.08732116187965,-0.15770821274590932,0.20917412144983033,1.7272316463788318,1.0760119438373794,2.3733795260063753,-1.2965607959336969,0.13028334001922892,-0.14215910564267067,-0.12587558821916048,-0.5752390384425896,-0.4444790227591398,-0.3976410050016202,0.733040643761901,0.328671868050341,-0.6764986854417997,0.939274840915049,-1.5536461032645776,0.8129365026026484,0.4971372095187275,-1.0102081835401704,0.2187212982769996,-1.0566263495226806,0.45578772388253147,-1.5945590371530969,0.46860234879065077,-2.1019080688091876,0.4700890755120453,-1.2082874117417906,0.20093376950428024,0.9756597511419858,-1.1921482309537215,-2.613076382020817,-1.4271027109006096,-0.5154298877668895,-1.2217924552835469,-1.871883745468131,-1.1144558277996521,1.1589783285034951,1.4506007486212606,-1.4541158685705171,0.5056555577182861,0.4284544596232411,-0.9767170911574526,2.2858575488568853,-0.16880870686444024,0.0580011908103049,-1.8175806758679591,0.5751527289402586,-1.8514527963384733,0.16760561217636272,-0.5603507670614847,-0.6945701590545036,-0.7093282621294408,1.3830925757045434,0.935050414098777,0.8359048521133035,-0.0667403950988799,-0.9375257289456017,-0.593805820855441,-0.6874862421824106,0.32623441306522305,0.31575430788143044,0.012286909539319199,0.9414340594154027,-0.2732413652640707,0.4761920519552488,-1.2604166130412338,1.9377706480906882,0.9750700636643297,-0.7879160383525128,0.8928589277987474,0.8446983019054656,-1.6823492466136503,1.0163530076145786,0
-1.057204074912032,0.6079215293830375,1.773117234800788,0.3612247241856623,3.0576510911997636,0.8140365537449208,-0.11093610763729456,-0.1551234174263467,0.3990513853479919,-0.04256898709092016,-1.7086900305163302,-0.3765969331041064,-0.8027096849865357,0.8149674437148594,-0.7389379217164563,0.4255397868885183,0.12246711860857037,-0.30658711094467367,-0.6448147594068295,0.08890365881635193,0.06990713105983788,-0.7672603799826444,-0.2582334413450402,-0.290179645050047,0.48444025045472194,0.025008339069700167,0.222003537005838,0.09563438639015057,-0.36751811738084905,-0.5245103997295718,1.263489338068373,-0.7943390099227762,1.6722163446969338,1.6986291728982044,-0.6629216289295253,0.5751656328607971,0.557119392471732,0.7540308139728235,0.4289022969473537,-0.966424225519,1.463428350678917,1.681479989527187,-0.5315467939426535,-0.7405065693388164,-2.0262529225742085,0.4842956291106801,-0.24175230479185186,-1.1746245106553732,0.16252265899030116,-0.8301478713696933,0.44292433233265827,-0.6883222265833832,-0.8073234578531452,0.09023329039596104,-0.369756723912444,-1.4478436467659073,1.1713090702858602,-0.3796216015371645,0.8599603423207428,0.28407495002151734,-1.8839816965059464,0.5217055496361013,-0.3857193467028853,-0.228908062236506,2.198087863722158,0.4789881964850941,-0.146011461624633,-0.4240873739001617,1.9564015958447967,-0.008662807874336148,1.0232908520879502,0.3438137475111223,0.16083532368493136,1.0224428047450635,0.24429055355865856,-0.01881605436838738,0.5190812319322894,-1.143115015492339,0.4608583577095333,0.12106589508872918,-0.4983332404041034,0.35487468506260594,-0.6259940647211795,-0.8493759126361414,1.1444819564790079,0.8156099189248456,0.8191725055742863,1.2731318590549003,0.6965832117490409,-1.5422928614212483,0.9688882950931385,-0.4067165202598961,-0.5227631366737303,0.595135785519278,1.0037599606524266,0.4834542323137754,-0.16233132426134475,0.8951096281295334,0.2390840562095242,0.40449007718076574,-1.0003597647473863,-1.2834715199755784,-0.3312869029745449,-0.9898269228412685,1.3491895926494333,-1.4747321763474848,-0.7081735775601692,-1.7299638106074717,0.39664013586156477,-0.6318381965841766,1.6699860114321614,0.3821208424051309,-0.2872153065255344,0.24872494496664055,0.44125854902603534,0.788961869445818,0.9984940228543432,-0.3863268410459322,-0.8532530194628871,0.3791273256831341,1.7194112344613393,1.271679982401509,1.9062623629072755,1.6226585067562975,-1.1462146588187403,-0.0395186513991523,-0.1158939236649276,0.1147950319690393,0.18165463797584375,1.094947167183314,-1.7102747442090327,0.7968079050652358,0.5942525101267574,0.600145384604664,-0.597050109349141,0.6071800099991128,-0.5129472249086627,0.2650600978631668,-0.15951276234675,-0.7411302371681423,0
-1.6493286010671806,0.8584847017937985,-0.4704311771497476,-0.21541819447873561,0.44978299493361207,-1.2414625464760387,0.6179820197212019,0.274674077811161,-1.325701428660977,-0.6299565824916729,0.9461385561802723,1.1961666028038664,0.9151732180477148,-0.7648228962098299,-0.5726007921268432,-1.125676073229273,0.733986378498917,-1.2517921053788523,1.7411145939538861,-0.06175838607057955,-0.2973281918355004,-0.47968478247156526,-0.6921356916872374,-0.02325703802621291,-0.9234371730101877,0.979849512481433,0.8381502262939164,0.21673766690637206,0.8480314863167748,-0.8480224529388967,-1.1156942142099715,0.46492623283101875,-0.1363493580268468,0.07258186037450085,-1.0384493991543802,0.05136007615041038,-1.1354395730483842,1.0811879675274805,-0.048072125011026534,1.4003443247086533,0.17566121842400978,-0.7518647965017167,0.7820554465749137,-1.1336041848288674,-0.29590298096303475,-0.1708889863233141,-2.273514496556436,1.4582147548377793,0.5400371294839551,-1.4267492054367643,0.3203975286189693,-1.1225179351466583,0.31249958196161853,-0.9183533219996294,0.06952835418021563,0.4021705229556609,0.2551644957813471,-0.31860323222560427,-0.6646318257319975,-0.27472203136164297,1.0131662420973604,0.47729229823417074,0.7642166216294767,-0.030520428125550697,1.0219745422086233,1.4892011268494172,-1.3589310051723735,-1.0580351917959496,1.0797677313955854,1.7253310226282046,-1.107386560352595,-1.360615805699654,-0.7572219342609946,-0.4872571626234733,0.1518368940537071,0.7740753322620172,-0.18417756939960572,1.7303004396257236,-0.04665883329726032,-0.6873067404644629,-0.9538435280873917,-0.43320634513353024,0.18923603839868652,-0.1256252119756969,-0.3924705833943803,-0.3131194317225529,-0.7888540208186708,0.22803968228759194,1.9937427121695026,-0.3124475746330825,0.37538558190286697,-0.4839179190057998,1.7016935940154998,-0.5727270368243039,-0.4077743043574241,-1.5921869976953815,-1.8727559998030074,-0.21627858888229975,-0.5567018867140404,0.5027656173028785,0.5249333037022438,0.19809966320074043,0.48313155381968576,0.6178136908976755,0.41533470898729513,-0.5731003901051563,-0.8178664781106304,-0.2585662076581538,-0.3952191832356077,0.18013054773406742,1.0004277767371186,-0.32997995578645,0.18260652469125044,1.973068393815021,0.3290635236174675,0.5045521123166606,1.6578219279062083,-0.20281062128626737,0.6445523984747007,-0.8551911972915636,-0.35995877096103435,-0.3559102421503677,0.47247599461649964,2.0805825189821094,-0.7855985711401032,1.1137127491960201,0.8527936679339291,0.23315282748265137,0.272316421335438,0.7175001867444798,0.02555465316609825,-0.4282334379943887,1.1195218369391489,-0.13588151475715632,0.1362487738262801,-1.000675036185661,-0.06796304567610259,-1.4247249588629913,0.14508973930382027,-1.425643770679441,0
-1.742716775001096,-1.4519424616725956,0.45593195423715566,-0.9690509917387545,-0.1280348864941072,-0.6381143760323672,0.4277231544062871,-1.7640595920238433,-0.05276162297939373,-0.41095240345288,0.734876281083664,0.6069028945276553,-2.1422184941005593,1.1742632217048707,1.0336697215110626,0.45898676979969244,-1.3914952019609699,0.510915688369807,0.6996813545456592,-0.31850278213524663,0.944015212991977,1.6860971556571878,-0.3925895272597796,-0.8928323210818299,-0.20742667089768183,0.5290007947831051,-0.014548832048604894,-0.9585517724113495,1.1638573157636174,-0.17056447099304375,0.6049248131856019,0.6439872375523298,-0.1807087959362164,0.622688826715046,1.7317953052876105,0.913975629119207,-1.6190062339537874,-0.17586298874856243,-0.6918921095656603,1.2037366656788793,-0.0026380510628510496,-0.14901597112736734,-1.4994035812896993,3.061080145028993,0.10819621168066455,-0.15164917825394392,-1.5126009706461454,0.1747373089650454,-0.05564815750401359,0.128350570438193,-1.3917386206764235,-1.6667755877529653,1.6932352306448835,-1.1694839135412325,0.5245562176987133,-0.28103072150816166,0.9951150918370028,0.19070759058784081,0.09204279733120145,0.14297055927586308,-0.7709082499168309,-1.1606967695773738,-0.24381696669572894,-1.5308259564905478,-2.1195075799016996,0.14441797760950603,-0.2736509415943835,0.9757212941657138,0.8442521494672435,0.5165126462812706,0.5018492443473553,-0.7916555658390148,0.4735466813541905,-0.6108779769050618,0.5818600110809334,2.755440379640839,-2.4038112868039847,0.7357889719375322,0.0726485901586208,-0.6210935101372462,0.7490211046490571,-1.2622070567389199,2.054330594645841,1.060886987386976,-0.5545690241243522,-1.9278956047286009,-0.6253417834299576,1.4310384521422195,1.9205507138129827,-0.2372320769251788,0.7116582188455449,-0.41105072135654164,-0.28834195473778856,-0.8744303254752179,1.398707629279978,-0.7080251475262209,0.3956744241845876,0.1739481738285746,2.618785333157778,0.032311244991676154,-0.5045542734288221,-0.7302831047333571,0.9140464528091325,2.022805424812731,1.8089737419950616,-0.49032297391786905,0.8119511416142421,-1.0395137067249958,-0.023195040800008067,-1.3725014733578036,0.04505924048453416,-1.0118414567403373,-0.06729728944732324,1.3261708679006379,-0.8491914997334605,-0.4035860899135475,0.9566936391215388,-0.3784780102666708,-1.2034294279574653,-0.41586456901548935,0.025531343377252554,0.6182118327155371,-1.795049028600898,0.5683723289555691,0.19662552957660828,-2.103369961361707,-0.26797541042179307,0.10938802373305474,-0.8701777157626264,-1.0525935129438337,-0.05311158930361965,-0.026094672222928942,-2.1306414631578057,-0.6958418014434299,-0.8134982770682868,-1.3405878951865569,0.8569308645607329,0.9421498788085529,-1.4558566759970843,-0.1792481257568516,0
0.4322843108864998,0.991026332782184,0.8723443977883608,-0.355572516469121,0.08717594508449293,1.0935458986744924,-0.4131902051740018,-0.9200512748161285,1.127234080486016,-1.0460073094009794,-1.7249226934482411,0.28951792259896714,0.716640394637653,1.2179085527172133,0.6642084398532657,0.7882284968084727,-1.1183517307511062,0.38036476488547416,0.5749429345428428,-0.6111013195169241,0.0072551797162933645,1.1649826626199227,0.8800201083262277,1.2013837667131606,-0.5215495554146716,1.5287707360305018,-0.542879376722155,-1.4589805602034696,-0.121756918474548,-0.09733144923317819,-0.8504149348125974,0.3882782660798627,2.4374425429160707,0.5017797321681602,0.8619050213260998,0.7374713464623599,-0.5967133319271082,-1.044860771151726,-0.14724617002208543,0.012888912504269183,1.3002626555440024,-0.7556770211542704,0.030323454759383223,-0.0016828735658317158,-0.2894309120307566,0.5445705474734616,0.23758148623910721,1.3758724796687865,0.15229034122659466,-1.9345357592618193,-1.0158691981882828,-0.5301493877597038,-2.4712213069000066,-1.0655021430562737,0.978696898538071,-1.5244864207329663,0.5053215372890014,-1.2913438786282245,-0.021730718173244363,-0.004353496224023078,0.2571086955615183,-1.444199848378094,1.0073929357395424,-0.4519190807061304,-0.9155746022271222,0.46120970704012704,-0.022743326650452304,-0.7179600126018273,-0.4102665214044715,-2.8511778061823327,-0.20008951625782734,-0.42118427469226194,-0.45621572086077167,-0.7585960758931615,0.6144891792555429,0.424197727984018,0.28154496142462726,-1.0482349341237838,-0.6544487268368249,-2.8075571984772356,0.42292474840567945,1.3292420588182505,-2.0789658533440267,0.991257886255389,1.1691597289715308,-0.9025417262498105,2.6311762686833493,-0.9381520866520476,-0.47551410945696043,-0.24974612958664075,0.5255200500064815,-0.8412566168896389,-0.48981272512798846,-1.3455751856339044,0.11246871567334772,1.343269666236136,-0.208724544951946,0.6840945087270257,-0.3581555150453729,1.508615059767526,0.07126063069908561,-1.060641563590969,0.095335612233818,-0.21480934178158828,-0.23726480368102051,0.39445322739907923,-1.5563905792406756,-0.1878464129773591,1.0768918880333858,1.3054367586903781,-0.7295548925823748,-1.643742838040267,1.5037421743675818,-0.9102986692685693,-0.423740021590564,-0.8224879026569656,-0.07974798361748806,-0.5938693409327247,0.8405134143685006,0.7018405479182188,-1.3067181756803194,-1.529822208094103,-1.1480961517707842,-0.6568069891808382,0.5804274078647416,0.31639462220334785,1.5805174359721759,-0.6696371679216861,-1.0876358606449246,-0.0320820205961217,-1.7444675543112416,0.08840172675377264,-0.5865548317158237,1.953715836407271,-0.21371312629242356,2.020354548347408,0.4287617447126617,0.74547815176676,0.42193549937691754,-1.541559580167224,0
1.3697729549022843,0.7861472058560203,0.07702281934676497,-1.3955519234573168,-1.6912121929786519,-0.26759428177424643,0.8819824848536474,0.08402785298888375,0.32502731298292675,1.5108306370115254,0.8625465242979442,0.6858525874742571,0.6907992150515747,0.42707555878325865,0.5972559285888105,0.504747487782917,0.5648607835511037,3.5617870355749446,-0.10675727524023017,-2.241468561276391,-1.0763339753418144,1.1230394979825504,0.3958551604085503,-0.2875447837161645,0.42221366919726555,0.9325569550377132,0.5490946298468047,1.4295357887517404,1.887019203226825,0.9251754481245781,-0.05828870773579585,1.3509721760353348,-0.7347435693458262,-1.1664852020446441,-1.1741810287068721,-0.2509777531051061,-1.0736283278746086,0.3332075607768758,0.6400285964167651,1.8372334291221037,-0.34552720358099825,1.1387016926257303,0.265979649710675,0.7057451109287081,1.863488975172431,0.8228955691742622,-0.7550536028459062,-1.1124852946376231,-1.4557571266386702,-1.7607445629594995,-0.43375652460460934,0.2117096489938908,0.027898864419536918,-0.6157180697806536,-1.8649633044321352,1.301370475235474,-0.6994294803595112,0.5208265366302816,-1.026299851202829,-1.6202121136674643,-0.4662308445310728,0.5612736669845426,-1.6932359357494662,-0.3164207315768698,-0.12240546087307999,-0.42184172750333265,-1.2493399688901214,-0.14920140559986197,-0.7023607299418066,-1.4564299450744862,1.1748053717411797,0.9811766964177888,-0.6378113511954958,-0.594064628064693,-0.09865929381707855,0.8516965645637797,1.3145471526539305,-1.4696022811063678,0.9508719720834518,0.11788245923220657,-0.17140276092588808,-1.2064164423080628,-0.1587162135258611,-0.12122850230784032,-0.3495327433643888,-0.1711510016587063,1.0714459672929721,0.312588174058223,0.9600967014844543,-1.429198272059403,-0.35602625958133477,-0.49700291901581534,0.5676544566131423,0.23799091519615304,0.7652466142783526,1.6060980849359972,0.22815336704064182,-0.03388360707855318,-0.25785012856749473,-1.744919865628598,-1.2501018565536886,-1.621625549439189,-0.5385942606786066,-0.3931192410404986,1.7278807068754385,0.10013927099252078,0.15272908281016162,-0.7512719968400996,-0.14175301774091148,-2.2066025946088987,0.6404993409591149,-0.41209974275056144,-1.2167673031327626,-0.1707231368835405,0.6665182326808332,0.7723488798614077,1.7970842136409129,-0.12233797185672661,-1.140955927218411,0.34749816639546893,0.9778449080827232,0.49152492826131605,0.13329084644135802,0.7335728359720329,-0.34721251825153227,0.06443313909539758,0.27082884282850556,-2.643628545793359,-0.6664949099777814,-1.2612892931926265,-1.3905769577897016,-1.4067589796464648,0.10293336558409454,0.5360317569772388,-1.137292354041399,-1.0838314869178611,0.40628238172761016,0.9943422281500486,0.3981338014437814,0.9729122421491142,0
-0.1834979198075021,0.7785343086033709,-0.33297770838264207,0.35187386708751567,-1.1435482231901672,1.4224197728990529,1.7143409825711657,0.18102023097868472,1.6552110807463398,0.4638584329261029,-0.09743808331765891,-0.45023368465252933,1.8603846270443514,-0.15075250757576317,-0.008312504729160234,0.9283560842386366,0.38264529139785,-0.29610885695500466,0.9395696053241062,-1.5802443497564087,-0.08948057873687378,0.030498417317986793,-0.1468824927983203,0.8308493536287098,-0.8346360776082427,-0.11838223173895628,2.508860991896726,0.7193503219322108,0.9906630236055793,-0.10974641963942791,1.3834209749657653,-1.581452446653737,1.1248595092566402,-0.2436444625929871,-0.677244319660883,-0.7480020131179675,-0.07958460582756037,0.9784913000975403,-1.2235323172975137,1.4969111740497776,-1.0054382506746842,-0.35299778008906985,-0.5564978095660149,0.043272112660418374,-0.6513838494824489,-0.5804684604084934,-1.214969387015428,0.1309625957606007,-1.338387965519405,-0.29506463751495376,-0.9989875872214549,-1.0753635223480746,-0.7481278533740098,-0.8609489312523066,0.44058775476070366,-0.5575579215773677,1.3130947877094574,-0.683922608532314,-0.18106855910833689,-0.5408173766368204,-0.12281435674822863,-0.025998757058441256,-0.05024054085966926,0.6367879876876027,0.057960701460742635,0.2452606235013191,1.1912011541074112,-0.30015729454996787,1.2815645086956506,0.16365246119450627,-2.6855180404618575,0.19094743243401963,1.4106790977197825,0.5952696797198525,-0.11584773741774163,-0.5409778627324303,1.6330639843278203,0.0830045731095048,-1.1744630177167832,0.11943313950172306,-0.8516703354584357,-2.348945550654851,0.011576848636218136,0.055855820727782064,-0.3446761946340007,-0.33865633427918795,0.13657626563566871,-0.6768215723762286,-1.120953414476417,-1.2927222590140044,-0.3947157140958359,0.26110412380256526,-2.2480125157043616,0.4897193446845753,-0.30113951429399877,-0.5932051976253195,1.4701298302271184,1.1612674038502113,0.5335916390866401,-1.0353529160622943,1.1985826764760823,-1.0320136824186774,-0.3057185789121491,0.23959071811985685,-2.102504763240416,0.2457960028803732,-0.8366973402734328,-0.4640919491316541,-1.1879878598422942,1.0634802066308637,-0.3502372675900862,0.003973499718496127,1.624842993130349,0.9560124350145551,0.0535210798409816,-0.7202590871518979,-0.7285908504131023,0.43552875230825505,-0.932891798188866,-1.884588166513361,-0.7799280505918613,0.40335267457362006,-0.6242671852088564,1.0310629773934656,-0.6529236752597002,-0.1906803740976902,-0.7688106890209703,-0.14041759200403045,-1.1276526759319558,1.2977762956798624,0.9746074546379,-1.3382721164779148,1.0352438574984741,1.4034457374660583,0.5769767261254372,1.2044990799328172,0.09553777274752911,0.6421390156078053,0.4876450554382727,-0.9276600093068622,0
0.8647138105541872,0.3654278023834851,-1.0599177662328354,-1.629257259935715,0.2677277402494562,-0.1458849843615763,-1.2495760009181727,1.2172192845204068,0.4606827521343017,0.4621643190358182,0.15184835761373952,-1.2278498795567216,-1.070035623561166,1.2242577475085012,0.22261602809086375,-1.0538764470483604,-0.09278766946525245,0.4918855924416135,-0.5271464114882337,0.20675538176579478,1.0330606310647918,1.7455558313978903,-1.8008960792496498,0.9072618579729333,0.49798151032855814,0.32581162091081883,-0.8787737790425528,0.4362876251191146,-0.5200776341830728,0.430914903380809,0.45407798581530123,1.263360338420754,0.8080972671106035,-1.9089496190746988,0.04763432526652531,1.3185801684067116,-1.4773398047729895,-0.12057541370395809,0.3337569394985572,-2.2602264424453526,0.3438985826245726,-0.6242920681990886,0.1669554092684294,0.22705742850894337,-0.25486458353103675,-0.0070630373179854655,-1.0468187828746753,-0.12190216899280794,-0.5746225124323507,0.3728264375472602,0.03668459237217357,-1.0619383958466189,-0.7894629834012824,-0.7908453553517033,-0.07877010077404543,0.12350947655087945,-0.0977842377194628,0.13137871280877994,-0.5509675227534809,-0.8058383902359819,-1.3728678524964852,-0.3690576841966426,-0.6285893746675676,2.3006264928552866,2.0261986460526282,0.4784093318569562,-0.9013814002750583,-0.0845283350437464,0.2665122760448049,-2.192806733980608,-0.029993821871811085,-1.3303834025925687,-0.33567570812510844,-0.8565379226754972,-0.09750809004413964,-0.4483832440563649,0.20660202781145318,0.7482052071470919,0.5606841843976493,1.8550633573252209,-0.4694285519327162,1.3982910185599096,-1.0123490149845307,-1.7567572034522512,0.5306808934060423,1.5038124181638284,-0.810058751206443,0.5268639259126017,-0.7902437485780066,1.0923757875693079,1.0486356822961962,0.361675407810193,-1.1344761137832864,0.3983380212658838,-1.6800010799804455,0.0004703341505830363,-0.8042127471207199,0.10093423582508178,0.036200604298704815,0.14513949843192908,-1.542358270038606,-1.1769072229698512,1.779283344731188,0.8367401778521157,0.2954294152783323,-1.539831746579384,0.3099969301975191,0.3564299903190865,-0.43700892217255105,-1.1807154698480842,-0.6611077710652656,1.007228791214547,0.7610727282651897,0.9775099650208364,0.5698545334814773,-0.9183791111959314,-1.670174652471057,-0.06525866658998965,0.9654952923716209,1.0060635907056887,-1.0302141549077004,0.3312611497453736,-0.7290201857698796,-0.27344231887564435,-1.2754370182434909,0.7054459170538323,0.5055674280669706,-1.1838642984651635,-0.31516943772272826,-1.5524977846106243,-1.6954790602097642,-1.3144734910536542,0.01547882985976345,-0.5148754499494289,0.04259817321261871,-0.5405289415584126,0.7809274353665414,-0.3589519090841738,1.0947880078848267,-0.48273783126719644,0
0.5851668287242218,-0.07398905058955532,-1.2359526695523788,1.5457043287028027,1.7581982873012285,-0.07704290943439963,-0.2289270290543239,0.9364224715622765,-0.03383629260995389,0.6919673557189903,0.24691537535587432,0.16377868619634248,-0.6511920130366328,-0.6099083636864936,1.0508889522888667,1.4465682935659498,0.1608684847353538,1.2743650864457143,-0.777546359354207,0.5339916118517807,-0.25494656553913736,0.023593982622451746,-0.24020698653844552,-0.21456438611097145,-2.614428587108744,-1.2889837571135538,-1.7616799905015659,-0.4807156416391681,-1.0632629823932809,-1.7352992547414756,-1.0232767818120656,-0.21606670281990287,2.975907044341008,-0.14672027647260175,-0.37510783455873287,-1.3955214290771991,-1.0929623919662752,0.8673398336713313,1.4220040731279122,-0.9252093784708773,0.16312877064586281,2.556066996164827,1.890912702581879,0.24683766527604833,-0.9563276320563583,-1.0081051546864763,-2.1401755038479746,-0.0192601080787912,1.7512468393409941,-0.6980110648283567,-0.28394588347374694,-0.0763849397588436,0.012812875182260404,-0.9080229119166078,-0.15346350382226343,0.3111079873508996,0.4659276200427621,0.341346945961065,-0.7998718099167375,-0.06374097083684495,0.31268908165116494,1.0432878974856374,0.5255994757071714,-1.049025222826689,0.06787974727169874,0.4043855099496493,0.4799814122025266,0.610129444262459,0.5455279835005642,-1.5631768945435875,-1.0121376161213238,1.1807190504392615,-0.9708997085600792,0.2901198556346297,-0.6223709265384482,0.9893815246160576,1.083870044400176,-0.9222136321078797,0.702942760266729,0.8692035232693098,0.5865862003710719,-0.23347919705819445,-1.7217839795218062,1.1654327157792712,-0.6216755344170599,-0.22643504999462283,0.4669024650174026,-1.0121003803148636,-1.1165070932685168,-0.8552369191815462,-0.9263340775934918,-1.0961528645034762,-0.009153313923553449,0.21160176597257763,-0.6960323042028759,0.05821828779931098,-2.7430165915489195,0.29304978913822705,0.06745291821380851,1.0911808515634225,0.37422168070002065,0.5421981707344294,-0.7009588584557166,-1.7566766101182663,-0.01559738514878978,-1.5382462242093815,0.05732303693438728,0.4836908962148313,-0.10674777176467035,-0.9792555932947514,1.731375402372776,-0.2903599891609158,1.0017227539827538,1.5454621573032383,1.2903749098984496,0.676396388423032,1.7447978819578316,0.3594339109710106,1.0074917759160005,0.21171551159722682,-0.8511003258556337,0.1836196367368333,-1.4305750767758172,0.10370002486733239,-0.37295576488826854,0.8849586775173686,1.3554784264945992,-1.0757565553668003,0.3977451169032928,0.4130710551046996,1.3261570007254175,0.8994390149830861,1.1210218497367481,0.39131345823236924,-1.2110989341728031,-0.7183237294668596,0.43097062900362526,-1.2619667667631702,-0.506891281407015,-0.36017119497180344,0
-0.10199139337288485,0.3884515125194632,0.31751891912098096,0.6121387454233695,-0.9243467136461156,-0.39142491877251956,0.46210496698483683,-1.141135666291576,0.7509746982763645,0.11024054448222047,-1.3091165755256173,0.8429700738062577,0.23491332835994216,1.8096271131533663,1.143406062431388,-1.6216842817684889,-0.2693359976268434,0.15412105750200186,0.27512982717651213,-0.9288534212712407,0.08481187645672526,-0.27856252298621736,-0.8489128861795787,-0.4959248318079343,-0.4748628819558587,1.8422019302963597,1.1711100429011898,0.29051155275252555,-1.6844652198418086,1.4087939217175047,-2.0255948611656267,-1.2864624553380613,-1.5193204230020068,-0.9380373924156012,1.681256526808203,0.780652068708627,0.2575383473383216,0.009113882247512963,-0.9372126126866361,0.8206894522760617,1.4575564948072008,0.8994726238310593,0.621263635221037,1.0095943261328775,0.06775970937002457,-1.9875574338073498,1.140201066591683,-1.0449619071304859,0.028516989824620663,1.815528433783167,-0.023611451870449524,1.6374081676410788,0.15298545818199005,-0.8366525539177192,-0.07765072288270145,-0.5346625480410927,1.0895024763299035,-0.1803431436079649,0.7182465399080208,0.39047697337316223,-1.8397204526645343,-0.741711354810757,0.047018181291004955,-0.35565294831227573,0.15929890011785916,0.561678599073211,1.0823410582150221,0.33101043090199644,0.11994593248896794,0.5993114198719158,-0.6148727184286136,0.23455619786311968,0.4205475504023834,0.10124911077027116,-0.017167889272555158,0.6845861149379994,-0.9849336868700157,-0.8358758374724338,-0.20791716618151088,1.074238704176897,-1.4203615621138455,1.0138601811729042,1.4158502668828126,0.2152869319122078,-1.0490286280235126,-1.6577031798494073,2.10967767700742,-1.2091806715671227,-0.5072094211700185,-1.8290972318688603,-2.0668506794473505,0.6804313866568473,-0.5837082231590237,0.8516602039954635,-0.34393165389516384,1.218329803103474,-0.3261759070747485,0.9589455937779204,-0.9940629252109392,-0.7865159832770371,-0.9573658181314099,-0.6261960365211234,-1.648149542329531,-1.015719916429233,-0.978736353696528,1.9361555887064947,-0.13824428012107962,-0.40139794259848194,0.7439367082071316,-0.4590421005947143,0.30009918271076663,0.6587634741412122,0.6042867894411585,-0.0339740771934861,0.10455608981540943,0.3557975830179744,0.5282285459500633,0.3406905159297129,0.15620435542203887,-0.9413246653620294,0.5595087084125904,-1.2114650711067139,0.025944271606492417,0.14499725080052928,-1.4650306692671449,-0.7326559461674778,1.2823537840399828,-0.8200596051942624,0.5803194341976974,-1.1929670854209944,-1.3913644759818808,0.7484627277975661,1.1146981647386853,0.012993170932097176,0.3904109754910759,1.338198032118095,-0.20464415637900102,0.0736074833822437,-0.22754214723257032,-0.7464070093325027,0
-1.5138278156440923,-0.8712261062115076,1.155785867376018,1.6269874239939741,-1.0777543735105564,0.7394137033161473,-0.24028982768305715,1.5231104298736822,-0.0338878290991706,-0.6644477313309413,0.20229116924850787,-1.4836552766842797,0.1457900900960672,-0.3028595632949826,-0.3012347856508801,-0.6312499074889112,-0.7916866259133635,0.2929256100922255,0.07774486871787586,-0.21396625534395636,0.36988228199862766,-0.09375594091290829,-0.2423630158129615,-0.6900050917345192,1.0766816469618854,2.2688976241365935,-2.3996146585393068,-0.24616226612120035,-0.17475044858222374,0.16161082258458595,2.7790598670850963,0.05518984106875294,-0.34566382447619554,0.6113781885015583,0.8312913808033422,-0.6068668475001474,-0.08726612855898948,-0.04364774495169302,1.611347450028659,0.13885935034562494,0.4522425545733179,-0.5980733898306486,0.46081859359950056,-0.1494787411903159,-0.2582633515256113,-0.5774502570354588,0.21193966911700984,-0.15478681362314115,-0.9658421960678286,-0.9097938179010968,0.20751200447986895,0.09458267235528436,0.6291345084645644,0.12845914490144478,-1.0943706839377645,0.5710222161977604,-0.860185299866039,1.0334320750990194,0.9614185161473905,-0.5952450611335787,-0.8306730987844289,-1.2017682850715066,-1.2989104406118142,1.6283356082036557,-0.8052415549315038,-0.3955705587109977,2.479282796024552,1.1537781303285373,1.0247846356862198,0.6687011723383451,1.0410921779004076,-2.3537736696417944,-0.13059256021571797,-0.6859250608743966,-1.5706358048554259,-1.462810030888544,-0.16257406903729055,-1.4059950001178139,-0.22381316842603852,-0.4520980343529641,1.6174717902408646,0.647896326331423,0.8659597993004193,-1.0845859686644859,1.280846615402407,0.5944125619139857,-0.0943587041911803,-1.4487661149688975,0.39173856293887255,-0.30555484654965653,-0.6777290123577089,0.23769094955204947,-0.38062420389523055,-0.11059970703573445,-1.2259305111982841,-1.5584805132999513,1.4557783853267798,-1.2062741205065215,-1.1598808873909843,-0.6123636480969669,0.8409137980414373,-0.6599395440039387,-0.16085461989195105,-0.9136969920426142,1.1498891029641463,-2.1042116982989754,0.22841374229676464,1.9219317155980715,-0.28067354183299736,-0.9252842860127742,-2.1735644074397893,0.3548025884925582,0.9178274840167874,1.1251097867365252,1.4753609101801508,0.7687424399845536,-1.6241296000039216,1.2065128041250284,-0.84527132115785,-0.406482295661526,0.7211598756457873,0.3413880663495493,-0.8544530099435328,0.3695035147236552,-2.7197886118459604,0.8814372196827076,-0.4788675207344673,1.9830691129178804,-0.3346885197852486,1.2256382911091188,0.9141916178046575,0.7891429075793428,0.8008076937649131,0.4960101819735763,0.6467442566802395,0.741836568436023,-0.26177575998995506,-0.6438856564803225,-0.48882393940323227,-0.31060664142311223,0
0.20209214139403398,0.7599945576084742,0.07754199319905003,0.950777466273554,0.014073835062974866,2.179752586303257,0.07569803518288871,-0.05088698540861774,-0.6667552065791357,1.133633060752593,1.0564419893036365,1.5911889631440008,1.307477700083525,0.04587801425371514,-1.1737129540149511,0.18847258917228019,1.0465409411579514,-0.07267879502604839,-0.42855000408882477,-0.3047856329558601,1.2768008891582119,-0.35107731352808674,0.6885680368880058,0.9089596125864632,0.5887303479589542,-0.6395824623232457,-0.274515206977362,-1.5880106552934505,-0.37929718375667953,-1.7318316938840497,1.030817688253549,-1.2828247050680288,-1.0691776895674299,-0.29379007027461784,-0.5349511988774593,1.948503504695191,1.1810554116869458,-0.23905822112048772,1.5609430262613473,0.4434610125368034,-0.031717157609915544,-0.9161299866588142,-0.6018627770712152,2.1849019352004944,0.4717017068557982,-0.23765741401387586,0.07745206590442771,0.138115091633368,-0.051649586733166844,-2.4588515290553183,0.8483854231601191,1.7821990654981712,0.2867538648483206,0.45049340535701227,-0.8238892983667773,-0.3821865571705803,0.37942229375115455,0.17682913862421756,-0.17488034348274223,1.0524799720540368,0.1784385211595282,0.5681019182560695,-0.5270262168847956,0.8665589628292107,-1.0350431264408235,4.8267309482250425e-05,0.37047047192904564,-0.41696675936301913,0.04255269474105738,0.6827678597989415,0.6991565727403782,-0.022459263704408813,-0.4063642261978933,0.42417124999771366,2.1048217444283037,0.580350206725312,1.696276919289734,0.21964049045596648,0.3213513454075562,-2.248012508510354,-0.16587204771359904,0.988927992677875,0.2765506409953817,-0.08315767132893884,0.052831776688832766,1.75164438433181,-0.6310299647061108,1.031637309851535,1.6282367406297817,0.6893251585808629,-0.8825568412535656,0.6265304387185521,0.5425133189288016,1.5349997312284493,-0.1548698664291513,-2.143443673392464,-0.9662121541570116,-0.18587240504538813,0.01452920795399682,0.807114817924634,-0.09500046712627049,-0.5389920325467661,-0.8148656546863314,-0.1565480388092714,0.17696660973001743,0.2579933027212731,0.6824591812785124,0.2875978554297871,-1.5038003543354188,-1.331435965060908,-0.39201473893712835,-0.3548952575507246,1.43031150473346,-0.8711676000473729,0.5391194073064972,1.6098385807931492,0.6902144758373931,0.9682360986299372,1.4680560467705075,0.43796462341565917,0.8226793276010594,0.08883370507970512,1.8922159364784874,0.3820554140020368,-0.7071791892505072,-0.8259186404326556,-0.48956536402877515,-1.538648907925985,1.4831940319967776,1.48425111786663,0.9268235117116815,0.06376532828675158,-1.0379923808801539,-0.5631355007499375,0.5147692521667887,-0.38770509265648545,-0.0018079546230286457,-1.2876845145920264,-0.9844508461699775,-0.5542633431947122,0
1.1118218967971858,0.2259442562152484,-0.750051097073645,-0.35580534704365924,1.399120668605496,0.7177067209017388,-1.0001598165335948,0.15442573982265148,0.1404271622401014,0.7654591337771179,-1.1461213021268843,-0.45987055326011933,1.0268916008554476,0.7731096350000505,-0.5881353187755456,0.4667424497959232,-0.4514556411349948,0.383828801507196,0.7821131459059456,-0.7179767647705237,-0.3609197806015025,0.1001791250705465,-0.4904223008734922,-0.6094006546678686,0.3587812652650906,1.0800406249819352,-0.5807823016569008,-0.74905527077891,-0.8376571593234131,-0.09074591739387833,1.3440478057595175,-0.39862407307904013,1.323619250915127,-0.4841156241174497,-1.3104542792789247,1.7071716862223627,-0.1407944864062242,0.9465769876699864,0.8222191335918186,0.6447293793919768,-0.22781261269398467,0.42602319324858384,-0.2418722357031311,-1.3929973624251057,-0.36376828006145306,0.8004352182572517,1.0648038354255112,1.0686570223147678,-0.015769784350578738,1.2682497446002121,-0.9769636881153214,2.6597247655714438,-0.029045188405144435,0.09365182656463063,-1.2005197425096819,-0.4699810106730577,0.7101164977840665,0.5172979447214292,-1.4320125756688469,0.3111898579832377,-1.6696793129303373,1.229753921041335,1.243557203534291,-1.0313787618429238,0.21381846155725903,-1.4118695902618053,-0.4459681225509604,0.251511202653661,0.10444328944408192,0.3109929536166208,0.1808175903218294,0.36409663118922203,-0.6231100043542404,-0.17918501695373015,0.04010838535081043,-0.17670639972708196,2.7064555258764305,0.09276370023461976,-1.3795731925693768,-1.08760556301811,0.24632344593268354,-0.12072632350524622,-0.17548016625305202,-1.5604492119034583,-1.368388576415691,-1.1195597706747427,-0.9801746579596881,-1.336653213196063,0.6993691444378085,0.17385797583423435,0.854537518939075,1.3403229070600016,0.2395794027702887,-0.7832758092021457,0.799115584056606,-1.3394623174300773,-0.5541100992836125,-0.22590800738176853,0.1881406190476454,1.1847433046200542,-0.8800759382718315,-1.3497395053843395,1.5365727282546067,1.0097328515973487,3.0055689935202285,-1.5363167287009158,0.15281420226062167,-1.4611967141304374,1.6452975245205914,-1.8597201844163576,-0.9554500901405428,0.29590275306642555,0.13879547982288057,-0.0374996400643438,0.451753453107015,1.0532565889446701,0.42778785487724275,-0.40426613308064935,-0.831837576930055,0.30038086767982347,0.44998753151892296,0.6041386226274684,-0.30193562190525125,-1.7156730562849798,0.6253890658915494,-0.514564474497859,0.15244775781581393,0.06991343354634202,-1.3453511011780304,-0.02563014951861958,0.3391648118288786,0.8092616417864931,-1.8831516688727143,-1.543436288061487,-0.5679805586355786,-0.3143166561422574,-1.6732244428839105,-0.6512786271924318,-1.2943675389471259,-1.1486767143478545,0
0.044574969947042915,-0.5687786147248977,-1.2003321795797577,0.7644226565036306,-0.7665538226713456,1.3516815687565147,-1.8355101755744414,0.6423638261890825,-0.0371526281124849,-0.3065820781246418,-0.23583818400774062,-0.0470589862749232,0.1478556210622623,1.2745580150851767,-0.15131870457055102,1.2173864015439206,-0.3140300822289729,0.07956615476305012,-0.23480455676788453,-1.750059446176538,-0.8041481176638137,1.5673651348437507,-0.8639332319731389,0.7941699654279689,-2.170149861588099,-0.4048012976548359,0.4272468194920563,-0.058583503506327475,0.3699066614402289,-2.4954237919672604,-1.030056360246129,-0.6310588690561884,-1.0187730766355692,-0.12819609950383665,-1.8176125671035572,-0.34411638192471417,1.9370753017704254,-0.3700534068669464,-1.6441184734895966,1.003584369825254,-0.5978715830412926,-1.5542912634103017,-0.20412563096441697,-0.5537489583643949,0.11445332469810961,0.022837476871768635,0.5103178916821929,0.15099179321729725,2.2615827376934483,-0.6893385144910279,-1.3719569117460209,-0.9437327899095619,1.1224779802421012,-1.6928693468865723,0.9438736296122597,2.130734165945418,1.3672422891427083,-0.44927955436684475,0.6553110488493774,0.8776473935913814,-0.4394270945990554,-1.0961835677670222,-0.07126344038978295,0.8791760503588236,1.3259713808320075,0.09165006100240357,-0.21511103142725882,-0.12332719608788895,1.9150242424757198,0.18653368498921447,0.7142506615632626,1.1549137791270383,-0.2590133293844564,-0.6432352011701852,0.188647917851442,-0.7736858222205658,-0.5089427952103136,-2.0669820849833958,1.0209095641911998,-0.8868246229522988,1.2221472733802337,-0.9566296921247138,-1.3633805419823521,-1.7338255621486058,-2.2260313102052,1.5548147821318195,0.772546325674769,0.16833997549819954,1.3852881593148516,-0.9113848190126347,-1.0071570597786614,0.15329209447041547,-0.5556832326013303,1.239039972245078,3.080115404437346,1.1000637788071295,0.3224150528601158,0.05609223964973779,1.6616640214658638,0.07812387412411635,0.5734323957557109,-0.9981037137071371,-0.5060752608214305,0.4993977783387155,1.1880534424013283,-0.18845781877271905,0.4830390763484231,-1.0216212687693171,0.4237600878978951,1.101355775610353,0.049270449321697204,-0.14989652922215638,-0.45810025147675715,-0.4538985350367891,1.3560921716333032,-0.5400079004808335,-0.030893711932081527,-0.9294057380939337,-0.045100708118103607,0.9980643308360009,-1.1211526613784464,-0.9537572615010597,1.5036603852042612,-0.5317605239851037,0.8485546553520856,-0.4753941854354053,-0.7600630638278433,2.249280068619704,-0.19647959658407252,0.6666179928285672,-0.11971165030218238,-0.18542354484658843,1.2588521391858893,-0.37438124216140944,-0.9610795055514756,-0.2816041590494502,0.05803780784775389,-0.4718120894953745,-0.6513613365628089,-1.2590584516330787,0
-0.5321302156020388,-1.4529139326602123,-0.9701049994068933,0.7842273776281985,1.0607655090299366,0.04134167412551485,-1.5068575149852041,-0.4809455312125809,1.144166322375557,0.45328032065656926,-1.1806428951484766,0.8082574365775298,-0.3776382425987046,-0.6253637112312708,0.3267027690271326,-0.09221996321537224,1.7517197556570598,0.7024847573645951,-0.0736478620758005,0.6303514101842037,-0.9011166418561308,1.5565252912950047,0.38776149537067445,2.2742552049828375,-0.7286700222709784,-2.0557548752206394,-0.23156682297097733,-2.145215529727163,2.3041026793025385,-0.06294170734782419,-1.3046080099464927,-0.5962015832840377,-1.6300576791391468,-0.9421177322423865,1.657137985831693,0.4991321654245424,0.5816047010107406,0.3221733051559952,0.016321615203872382,-1.4545790206311762,0.29086571200712263,2.334917321238098,0.9561724472278325,0.3764887028593413,-0.2358092419851794,-0.7562670850993867,3.399382189240898,0.7848681239540375,0.034843853435002424,-0.2208536183551369,-0.8777575070297899,1.557847819801502,0.2570416262600556,0.5888394503484227,-1.212292330892939,0.5357506837762753,-0.02743546183300453,0.3779098245544174,-0.3036253627226752,-0.10856678792871409,0.5043919065327674,-0.9400864894361248,-0.9865293919424273,-1.7619529369106797,0.13703221203207913,0.4260729676516903,-0.9764602652882226,-1.2767146463927377,-0.07922559534657087,0.6526831220119541,-1.6802492504648492,-0.4676935990674324,1.119166074902426,-0.7765400235441299,-0.583774497020851,0.7121923870470526,-0.17334833176013648,0.41772343346831947,0.8399271997446041,1.4863483029168172,1.1249849523471607,1.8604888632725558,1.9637833723036087,0.6205472474224845,0.145044669098965,-0.23518661783620162,-0.6964106696116573,-1.72892731163674,-0.5050061104127065,1.1621566759086643,-0.7872103409119215,1.4109887526002123,-0.02901934455759438,1.104868908293982,1.0595221287833876,-0.6519817944973881,1.7589695182346217,1.8964355518809533,0.5779707497703946,-2.228903131840155,-0.8428932099210419,-1.533097078319772,-0.14761722205829406,-0.6375691581492593,0.443050969668017,-1.2419850966131716,-2.3610837757593885,0.9733725172502388,1.0489565424896903,-2.308546895408894,-0.5401251727336605,-0.4077655088514796,-0.5998277002739307,1.281447655624709,0.15133587711367055,-1.7786167599083555,0.7175135768251825,0.12704076734312839,0.06706006618898847,0.659940136438216,-1.9289965762448844,-0.023071223472176522,0.5110396723840114,-0.5825584040544136,-0.4548471032115888,-0.4490301547727748,0.883414113392961,-1.0930810359306427,-0.20488735407755534,-0.4887615670728566,1.4349281669685845,0.1204745062484434,-0.02434469349532236,-2.097302027804426,-1.3627277915522862,0.722825302158394,-0.1953808300388201,0.6076923636281347,0.8039340360486215,1.1898295273840787,0
-1.1313604589034962,1.750529209155337,0.341038273495955,0.43923401911976667,-1.8236457319377524,0.6235332790610463,-0.8410598284491301,0.12025935344187598,1.854814007355897,0.38852286166613187,0.21121925416169615,0.4078819075960263,-0.7460768570234394,-1.55325544968224,0.615655905144385,0.11807674430881245,1.3019903098806633,-0.9124052990912307,-1.281603735993593,0.7111032149356161,-0.6579462217702761,-1.5508889137588848,-0.581905327798859,-1.0437317050685968,-1.531337890184728,0.4251749153023401,0.573811358712901,-0.3084494373065331,1.8445108310276654,-0.2500242439776097,0.6401859073057474,-1.5386727733918735,-1.1518001357911185,1.0743353324638334,1.1826780256569696,-0.21527978339749276,0.6144815231726659,0.3178877975306167,0.5537064154253715,-1.0071956139916318,2.573797754106588,3.2597668726228157,-0.6177913575994349,-0.13068057586941603,0.7910973990868655,0.9558898919933302,-0.5027997638442326,0.7297150650743282,-0.16256228613765067,-1.1448480732316264,-0.31068624520662014,0.30263899452894,0.4146830958108927,-0.8184740821804282,-0.274794478154273,0.836148407232594,0.5952060327317037,-0.009832634084709559,-0.07375767756176055,1.2069694727920481,1.1820582694817872,-0.42995292539500396,-2.9112575541121837,-1.669264877942743,-1.4724860272969913,-0.12266346403938011,0.5913122468548302,0.727284453293742,-0.9067331625238715,-0.5761313122576017,-0.11510885314011493,-0.12203559297813757,-0.48983201000536103,2.5563577432382827,0.31385701282900674,-1.0919414982717541,-0.006203704362176305,-0.4325790606909002,-0.27786891337937075,-0.8899240005815588,-0.843225254886656,-1.9325287451525408,-0.2402661054602914,0.0256241050237249,-0.5771284850312212,0.9000062915044456,-0.0434293523415253,0.04191953103884326,0.23845806897251454,-0.03382953295936802,0.0541250553127466,-1.3936006788064714,1.1184433751011253,-1.352948498820123,0.9180814884462857,0.3427940907523992,-0.5440818822646214,0.39018533310509995,-0.2901516955008425,0.9841714756469747,-0.7172900196524185,-0.015593970837051524,-0.7435024389207101,-0.9708895978312035,-0.11412323333315817,1.3957272620229715,0.4858482271052371,-0.14732756847917758,-0.11086565468770207,-1.5971199768912656,-0.8524570688817648,-0.7735437024867351,0.1589922540561737,0.9773189578203691,-0.15758176986993702,0.2105128574098935,0.03737074796877142,0.14581392633528076,0.013154332789515537,0.39114827029516563,-0.7077564724874139,0.886997400408571,-1.0664759422055405,-1.570236901930279,0.19015942460215213,-0.07425649249019857,-0.3267027722668398,-0.39478851342284826,0.65813772692792,-0.8397034950672807,-1.0025037398383674,0.5191447653127237,0.8007576946092941,-0.8037840826543169,1.2673430689892122,-0.26677079905274104,-0.35599458787130955,0.18170086909506178,0.08189469900167287,0.8107127604304669,0
2.3734913768535826,-1.0217734833197452,-0.36719071794976055,-0.3483191115622892,1.9286525505111136,-1.6725857425654338,-0.17176209813721277,0.5282128991350755,1.0851126905995365,-0.3254080490597084,1.2693064543722568,-0.8339563897079082,-0.46180672961211167,-1.7748921544965137,0.8252004595893389,-0.89779162171584,-0.20462185228107854,1.4638819100187177,-0.9691665449130523,1.1683339018142398,1.0517142448307175,-0.11323758803508974,-0.05783974014829156,-0.6084199944988885,-0.09780640930257041,-0.6427143047652457,1.628221297001264,0.13460948239015808,1.0138689933012486,-0.6973833974068127,1.3582606744209154,0.8745108356573396,0.46747672325961825,0.608085723531189,0.052127080410272815,0.7429766242643571,0.7656656772194295,0.596794227176328,0.6136297341565472,0.19177985058419061,-1.5336819420450836,-0.1497579817315338,-0.798045046432444,-1.3288461851920226,0.39517317711141586,1.6510434654383783,-2.2616361803157505,-0.9240158823768855,-0.01945066302824614,0.48999515904950924,-0.3176670116261861,0.5379007312827161,1.2295702225453669,0.2748508506430323,0.4023499519777296,-1.5697069178702874,-2.2426793976244124,-0.5938268603404074,0.062094078689666654,0.2409261674745134,0.2248025011161975,-0.574716211539785,0.34803379827775827,-0.0557620118298717,0.10620157298789266,0.15755720143591642,-0.572507574320914,-0.4007825728180491,1.9109803663605152,0.7671751918534246,-0.2446490357595458,0.10721873085721491,-0.3291519308078867,0.16960993803032637,0.17743982330798375,-0.62891313843835,0.36650416053317075,0.19239090430781955,-0.5488674249819617,0.8186059129962359,-0.6304218261867633,-0.9720938988518968,0.8067339720678484,-0.9477501349676641,0.5416985072597875,1.79547833200008,1.0843215144227616,-0.5177526758441038,-0.6468106099938703,0.9460453545395155,0.22773036056521762,-1.6291888677108641,0.6570267665490531,-0.22257114646172813,0.1204146867994938,0.1828291890473017,0.32849304541827806,2.1231193971230904,1.554784113779259,-1.4633831897918501,0.4869452442008621,-1.5651908245702515,1.330887598425942,1.138255520753151,-0.7199128327513485,-0.1324867153948748,0.8747384358315905,-0.17822936122878058,-0.5575964996218152,0.04482738958513433,1.4007820872338492,-1.5251944057610727,-0.8490790333647489,-0.5975793657332861,1.864222743940826,1.3516932278673215,-0.8889237616975574,-0.08929620168595427,0.8738919089015469,0.8152916076504905,0.13904562816409916,0.039987707906292275,1.9726002885929286,-0.13793647013502683,-1.5904509135104405,0.16592564512572344,0.3011083312003164,-0.10440503072633674,-1.249752764166175,0.38128960650801924,-0.9711645925876683,0.0014854085847846674,-0.4739105259271974,1.0001927944655022,-1.5600634089117058,-1.1616046087508347,0.06788923251845222,0.004771406601370727,-0.23310570012387527,0.34475603407991706,1
0.1850672905875458,0.8941138238866205,0.15548881809860976,1.7448725655872608,-1.0862183033854642,1.6151185676837962,0.02796706976242497,-1.82227596450379,-2.414023862646952,-0.5675765497550971,0.6844556317394872,0.910081815283153,-0.8974869541987812,-0.631262499834416,1.201053964208075,-1.5854606457316898,-0.7841978693558193,0.660230886400025,-0.7634144903236655,0.3313536888908745,-0.2886370614156578,-0.5908719377478849,-0.9693549141562959,-0.5440638931847566,2.2893172676468296,-0.6345506250300516,0.20561286568860163,0.4340385857011515,2.6815168918298826,1.5487326031842488,-1.6872148644639902,0.5921018366033335,0.7860168457958762,1.254203990066738,-1.491475102354956,-0.05952236643747484,-0.3651426687437609,0.4231840576182053,-0.40731442516060073,-0.3485871689283179,-1.4085218447515502,0.7483701701330432,-0.15225279277021475,-0.2909435051783035,-0.30560109799862023,-0.40986235279350147,0.9041323319514645,0.5082633670806935,-2.0142914574429427,-1.4998517286325872,-1.8559587598680247,-2.4380251810081406,1.13297953397057,0.696557094684124,1.5461295888268591,-0.3419217934143433,0.9356592435130652,0.524540838749596,-1.962045000197432,1.1206743243087198,-0.47673506436445573,0.43162439812481246,-0.488302421310306,-1.5329800917116505,0.3232495213224574,1.6084876692384353,-1.2199941631437563,0.2118817461693591,1.256411931439194,-2.5301379807335067,-1.0051470077860207,-0.004198191655982449,-0.4589462721409657,-0.6441513171396421,-1.2392704016081253,0.07867903571558352,-0.9074416378782221,-1.2706930544655386,-1.2098477079528973,1.2295450073071816,-0.8171724382147915,0.4627427567748745,-0.5909520712542682,-1.6625039758943625,-0.7861638447261255,-0.5831732293386855,0.044231253996579734,0.13357933873910294,-1.231374462170114,1.3538030425809329,1.429495435528076,0.04468265151229374,0.30851914503528327,-0.8396896069547657,-1.5480316360414579,-0.05758010630571095,-0.40001406910495557,1.596677113014817,2.416744357323748,-0.8378735087731239,0.12477880969742013,0.847337729498388,0.45029149790491635,0.39883483287688204,1.2886078936965617,1.3891891684602429,0.3473239444805209,2.2388145232721812,0.8579662801899411,-0.7132902722292231,0.9847733820026217,-0.7156711777219328,0.1452290220058468,0.8295781774421722,-0.6276517109742888,0.796382344778344,0.22963194870743606,-1.1716207599231863,-1.7842790147283942,-1.7391022596349501,-0.32404518449620767,-0.6088883181079424,1.680096279531281,-0.19137680728350853,-0.6430675665447761,0.19228755242806972,0.08899613341553735,-0.5694430460908638,0.032804550093443324,-0.2525505856164099,-0.48132937836505735,-0.49361946113051314,0.5344086006266482,-0.6243390685288741,-1.480874295096851,-0.13465706332190844,-0.09026040825099278,-0.7059009572106558,2.4417956210726133,0.7550029726329466,1
-0.22337646390724136,-0.733721700244939,-1.3009033514643178,-1.1849582235791656,-0.2930937245839444,0.8289127780557641,0.8577929433505974,0.3081919554193979,0.6893485714202373,0.2533750091525407,0.5801575960671889,-0.05764942727176178,-0.7381694087998872,-0.05919249722353,-0.6026357621354288,0.311555870342752,-1.0545012316981237,0.00941386640844676,1.6053080810896052,2.025178678608908,0.9598328490297996,1.2380232100730455,-0.8710191434399627,-0.5758806372672018,0.4155790438110547,1.979268940619288,1.5058577439437353,-0.9827486595838432,0.20589132298183327,0.8854166179005906,1.4169769781647918,-0.23610297441767478,-0.11833373867123012,0.2785507886213965,-1.1353728995030006,-0.09333909741460386,0.6474348348312812,-0.3500454761457911,1.7798961234837294,0.5129508859588681,-1.383967059674291,-0.5575855248125248,-1.929565016510824,-0.1751628066931756,-0.9435320941431203,0.047442520541440936,-0.21684968095585722,0.4008286215447967,1.4179173550720277,1.2884420002617754,1.6361324448470302,-0.10503205790653163,-0.29495488843223105,-0.7641512267912549,-0.6220794962519276,0.4227654764949008,-1.3025009033337804,-0.3712487081444941,-1.2699486864286822,0.030320215287291872,-1.024277208336174,-1.3812452509208046,-0.12443856979483299,-1.5494461572130092,0.2569035140806656,-0.5106842145801916,0.10177422422025391,-1.866931263804369,1.3326372067926475,-1.1608834539698651,1.7890356652029435,-0.43339129126095927,1.3014721541086967,0.9539114934930163,-0.45083397709831285,0.6908064489446386,-0.3199370773670495,-0.2311675528614867,0.7426758049602626,-1.5550556386447552,-0.5909731877623535,0.4579130985539193,0.9085292893935516,0.1719526302298018,-0.6743273593592729,0.47506932746571684,-0.33123305644844897,2.2029960431949083,0.18288571329046308,-1.650806235240887,-0.48709174428288204,-0.8981066165479045,-1.3878918054637321,-1.1911666751250334,-0.17297349726919267,-0.8334853846406047,0.2714760721993738,0.2746659595850491,-0.2207729604937091,-0.03588739831659009,1.8115791843213933,1.5079825405294625,0.18219949704393168,0.19204170426363126,0.5122452403198976,0.39466187969722655,0.4178110115945881,-1.5622894560402487,0.05268373993251665,0.7444906167781515,-0.21147022242545793,-0.8618182696910552,-0.11502088723814753,0.06749322873631895,-1.393844901247725,-0.5495462064548491,0.7169996803058463,0.3997308349227439,0.28413465022546847,1.5342089267857193,0.15071235284365472,0.14543740203898137,1.17065530580279,-0.014065598672053632,0.4897629573957557,-1.8083582070138287,0.5107940082470313,-0.3475443398935169,-0.08097132767460881,1.4800009475576523,0.37890971746243124,0.40245885885557553,-0.4817729718025178,-0.1887896965583362,1.3603396530670306,0.43953290913016724,1.664407694637576,-0.8690465971446478,-1.5100122501215223,-0.2305830280174068,0
0.9699200397112571,0.2430917560205637,-1.2507136121800284,-0.48581266401441253,0.6009220797493756,0.9787865966827372,-0.7033434827269595,1.3098994574410112,0.6973981479645629,-0.6929614210002374,1.8567607578807217,-0.539791154633241,-0.3570712014901451,0.8545307791674523,-0.2699834282451202,1.5376403249880328,1.129159834773758,0.40616330720369664,0.8396864064947276,-0.4994575151315782,-0.35779247176064344,-1.3618991708163997,0.374614257443611,2.172765086844613,-0.5810073664233102,-1.8805986256138543,0.7235927939943221,0.3267159107467698,0.5480376502726896,-0.34725324725164763,-1.7404445129820425,-0.9412134704159292,-1.9299452966091322,0.919469761614495,0.5671039696129367,-0.29663809828669124,-1.100611149119567,-0.29937884454066527,-1.7188316551378364,-0.5514974804991858,2.227896477936149,0.19421887944463267,2.381017124834404,-1.8227406196086453,-0.189076185072721,-1.0912269244760395,-0.5847801761296495,-0.009927123297975913,-0.45357169572796585,-1.1061956201156622,-0.5422669689608217,-0.9680697018852558,0.29787867645780597,0.9048023794891149,1.1909115037565157,0.17115163959929477,-0.04138103766807737,-1.519136257004944,-0.08204068149685215,0.22864397370336703,-0.3261470466966921,-1.1707579419804444,0.7648984788497012,-0.8224500013147255,0.8839636025770229,0.8066825375126844,-2.122863277974889,0.8373647888004208,-0.19644510162947562,-1.6552249755121144,-0.6070384091564409,0.9795260033983914,0.004064213087774177,-0.6468570984744917,0.10054608447580002,-0.1415307053491289,-1.206887977811153,-1.2302566194042655,0.20856826469760345,0.630479961223769,-0.40652887575270724,0.24202453157054507,-0.7806446946870585,1.871417094237292,-0.018154402050371,-1.8349065854754103,-1.0284452148992833,-0.30880971619368885,1.0344626002238284,0.6520450568704589,-0.6604856781299446,-1.5770299578616456,-0.23056824767847228,-0.6829118318254513,-0.20526258534717107,-0.06654665216031048,0.2681208343449424,-0.14796149341968873,-2.1627467871413186,0.25574575834503016,0.4306566512096145,-0.5849840753893341,-1.39787303978377,0.5323929940212155,-0.28067546723415937,-0.8222757819698278,0.10852125827398557,1.048852405000733,-0.5098170104147679,-0.2584117577141161,-0.32515857334544224,-1.2493797528188981,-0.09405236814423312,1.624803939428049,-1.778618193216972,-0.2323626364674868,0.8012710458524835,-1.1653795409119596,0.18829364764098025,0.8785117059864131,-1.5110204820554645,1.5469294356549408,-0.12134493403695445,-0.4342969623984371,-1.5256790590570632,-0.6537920328782041,-1.7483409581865184,-2.1034337580094165,0.16620143496239007,0.1121663260892096,-1.6807470676014769,0.1920550224232811,-1.3090086171623172,0.14571827640614787,0.4989885349422408,-2.118618106065849,-0.04324945444347911,0.6282138117395879,-1.1598389618489255,-0.35464294931051576,1
0.7989785922447749,-0.38052949752149584,1.0242592086001219,1.4198897387056877,1.3668084017298614,-0.537862474346083,-1.0737021843311907,0.604452510295799,-0.15093345286408508,-0.11253066942953592,1.921960776296442,-0.16787049586082028,-0.7234969977921771,-3.2497644001138983,-1.099800125254542,-0.3122867540947335,0.8953735761110083,1.3853486137546955,0.09084764255830496,-0.41255705431561207,-0.5297971309452948,0.35807936264089335,-0.7867061922632212,0.8606272356198549,1.1634020099234463,1.222265332765885,-1.4593825619616623,0.3457703230102154,-0.2116723555611246,-1.7620029362982843,-0.06870778381573935,-0.38992935563832826,-0.46358135518035215,1.6059592014202648,-1.529231928498536,-0.07209692612748836,0.18255523129984622,-2.645989842250355,0.055551896056802046,0.22257577138194704,0.8328912295285369,-2.7853617589212076,-0.05494329626560028,-0.4939610296597898,0.34824189098127123,0.3374975983508636,0.25644202232931657,0.12559343841751439,-0.07165892511404735,0.1221728868961811,-1.8514421402086445,3.0543435762516356,0.6523248928129048,1.6660845281308676,0.005449089876186981,0.5465624028355944,-1.6104437709528487,1.66797450780281,1.3459375020581454,-0.9479307924657092,-0.6046932985443797,-0.17738210482048028,0.4008494143380195,-0.2168216541686644,0.6930760760520344,0.24399304750953024,0.27488397239962337,0.032292237235615105,1.3808941435738824,0.8471011766452238,-0.3682625390088067,0.919768055601636,-0.8667202458251583,-0.53987797676327,0.8811008988989713,0.5708637471654717,0.25851402319319133,0.4719502158134781,1.6407159778799616,-0.054607046900455196,0.0015610200311233632,1.3744686200971574,-1.053759830071615,-0.46326060794470997,0.6775050564658911,-0.6296253843904366,0.0510518218045652,-1.1750684024738307,0.26315019031667364,-1.5895003346823213,-1.319203223175103,0.3035995803469853,0.8787803500355118,0.04077153852098391,1.3832488789647908,0.40737178323539525,-0.5552889888399679,1.3315866731210262,0.5523316809292903,0.48399400168539336,1.3989524322093099,-0.3703255463029646,0.6644943230484522,-0.4932813325823474,0.0011282429368273635,-1.047569201145508,0.2822845331064108,0.7583218944537239,-0.07956369543115822,0.3502199496172306,-2.2216777988053074,0.45238328734620653,-1.3126732437074562,1.031308480900437,0.9281685416888367,-0.887349546943879,-0.5405797231904873,1.3761399990858225,1.3408710961972605,0.4446512077694686,-0.5152834768105348,-1.8285459899640766,0.7399808888972045,-0.590794411546705,0.6439145054854205,0.8259254293592239,-0.21336978383421384,0.214208055364939,1.3154223867729191,-0.22522493452090622,-0.5697775451218469,0.40918507832743084,-0.2110916707698994,0.12006294082414522,1.0305945879905796,-1.1553547670450397,0.5754371902241471,-0.6192384581613679,-0.3274028063709526,0.047604266866917704,0
-0.11949105172655927,-1.6761056414929352,1.3818120211633163,1.1344092187588972,-0.14631649312613024,0.9343986267290841,-0.3976951613379753,-0.9821974437444841,0.0544130142005752,-1.1689028584847205,0.6090506234833232,-0.7025627494397423,-1.6000308792329787,-3.6272076958384774,-0.12705631886459215,0.32070248973914733,1.3377363781433251,-1.7350105642505942,1.009198813042604,-0.48715918917484774,-0.061643254738093185,0.005779577741474999,-0.010401640535806429,-2.0330016615851756,0.7158410073213173,0.8345207589495628,0.9566773136244154,0.4874761203463542,-0.2071208073814281,-1.4680145148626327,0.4485349944412659,0.038540953484810604,-0.0024507831198491673,0.44065547795850935,-0.045111999452108566,-0.4440181972990727,-1.1799713765768158,-0.005854285808251002,1.4733690072318044,-1.1026449232815307,1.0031292522048814,0.7145256121867118,-1.7121064979073684,0.6085204367444726,0.018132226905217683,-0.0834523461674916,1.9962145242947142,0.9413227767645903,-0.9281250233306338,0.6397367402290972,-0.9168450045390437,-0.8747475640488016,0.16040638964215923,1.173717396445303,-1.4872637978298182,-0.5037893651562564,1.1758340616366332,-0.9408303109424753,0.03140164229376414,-0.3106593237389241,1.276537338471191,0.3188444091892275,-0.298717474197014,-0.8366017088523179,2.1050715766446375,-0.07575877772936378,-0.22628818264413805,0.4993628950421231,0.718866525841731,-1.4000861166167773,-0.19000129060861126,-1.0723412210278775,-0.5645422855982941,1.2734899847013974,1.1534225557920696,0.5888101590285946,-1.4052346420922044,0.18670220605428015,-0.5756001967979535,0.9919132072573155,-0.5633739599878343,-0.8280297420426168,0.36067051399156547,1.2135039501889666,1.067937894927511,1.299268099023119,1.3084590222459773,1.632670707957577,0.18062524089262302,-0.44462938808144314,-0.825501612451232,1.1946901864241544,-0.17251608403940788,-0.909887441527341,0.5226184687001415,-1.4473911822966332,-1.080066270746766,0.2173224544046166,0.8820269948356478,-0.3309260732669547,-0.23250646543177836,0.7866426737054224,0.8290341095347231,-2.0747676457146516,1.4831300809600754,-0.32710153989201485,-0.7465504958761932,-0.468393717544367,-1.3646386148661018,2.547140880197716,-1.3051937519466998,-1.498669743817135,-0.26160113605114615,-1.3798608717167833,0.12201691605612175,1.6417201970959177,0.16520965585615363,0.3388318325072299,-0.2909575417822741,-1.0409952311560655,-0.29230560812960427,1.0546124051608505,1.3575171910961021,0.0416111638568181,0.8774979520061295,-0.7747929857495495,-0.6152026941046611,-1.6000045817549278,1.1091284342974443,-0.5759832630542574,-1.3279773480933723,0.5014543976130745,1.3433620353896814,-0.37116803098240536,-1.7710820100389764,-0.3239045670742969,0.23906848036786243,0.5953941843005002,0.7767539497978635,0.0759326300386881,0
-0.25867416936776827,0.6856644686540382,-1.3231369042387915,-0.9688002381094781,-0.7271695234827559,-0.4418235283275616,-1.3829063889376996,0.9721536485255683,-1.2121256026815925,-2.6883761432006548,0.9865502967148598,0.5155420854490541,-0.06064510307764107,0.46834965711214716,0.10863512785613968,1.163616284796845,-0.7683786388523087,1.7351127274666667,0.9476370364385966,-0.6064754753269298,-0.7659567528263898,0.14645065123823273,-1.1236601472830323,-0.2054624848389648,1.3459480904562353,0.18249289845810895,2.094307432629636,-0.7699281983354826,0.45236371798512126,-0.5323854615241614,-0.20704888102083258,0.5002987011503237,-0.7336640399657415,-0.8620975028740077,-0.46588191964026343,-0.5380121632786034,-1.0097853584600547,1.4446436278328258,-0.303827409954603,0.8301339757985853,0.7584478353683767,1.0249058442873442,-1.3358666515705109,-0.3494879724769287,0.6868333329068211,-0.6153540361494391,1.4878772797747764,-1.2281843289330852,0.820456347139756,-0.4464607953519006,1.0506464651861456,0.26957627436291665,-0.8454495344862092,0.819913658114847,-1.7283344476297953,-0.3478776367282227,-0.45578023233326037,0.43223306767622477,-2.687593501951539,0.23322855075929513,0.3727158907483912,-0.7942687964663402,-0.3038778504142659,0.03510708864081453,0.9462163422571608,-2.1649245138577684,-0.05726608573262917,0.47975600635837806,0.6255276349154962,-0.21857178680613296,0.5737363731710932,-0.07356799244571924,1.126829375097668,-0.8351508402624565,-0.6628259820726417,0.46155320270392586,0.6463197168889065,0.5023041889798714,-0.4256848433908225,-0.40996998235041787,-0.012112736240168589,-1.1017617225538325,-0.8165708334834734,1.4614190819290944,-0.16642773519755702,-0.5240928313361214,-0.5793836353548216,0.2908470932939933,2.107976774234469,1.1503047543905816,-1.309804146214158,1.283193360096151,-0.8340439831872846,-0.6478587465557959,-0.4664511457630455,-1.1745073322598856,1.2858176522817875,-0.5798020535540771,-2.0982380735608457,-0.8472779213126277,0.19752352316201144,-1.7201786341264849,0.26977442686626146,-0.8883377978607789,1.1161490271944803,0.45523304494127353,0.08027725102257549,-1.5490545352274445,-1.2896637612054083,-0.5783752699926767,-0.22879427862113927,1.5287632646689593,0.2962559601190185,-0.3831358962143808,1.4750593517356991,-0.09020076431869783,0.4344854018503883,1.5537013986843133,0.7165734564063987,0.44243238505916965,0.5812382702840442,-0.0652722576312489,0.04159115933907728,-1.5845145128269058,-0.7088041004991854,-0.04855191586552595,0.46348462659452255,-0.4341137709827844,2.3893748492749425,0.7861101843998148,0.2470507909001598,-1.4450832029309213,-0.0574928834083299,0.5109449585084268,-0.09338182621508313,-0.13344968926011655,-0.15736133679920597,-0.7030402403563949,-1.2502150349262047,2.1843835678518437,1
-1.0028219460654013,-0.46747135362697273,0.25360388590633987,-2.0559319520002592,1.5534149431673567,1.1696730070776966,-1.5034121735675279,-0.32317348882052416,0.9562735139095426,-0.022632655594882495,0.9996344566911749,1.5272835469507875,-0.8293038618640901,0.4673018547148148,-1.2038221023786295,-0.4645701955778883,0.06915001359619427,0.1463874385447438,-0.849510571283314,0.5962777123468948,-1.4683147066311977,-0.8811679636302563,1.0722951960686926,-0.7987649322877968,0.27162518846015843,1.6346822087851491,-0.018151814242996465,1.3438079695886478,-1.3544552495297943,-0.5899137125115196,0.2210235821479965,-1.0314761342464203,-0.46292357606235457,0.14449935841875927,0.16761678381263126,-0.31326354296021064,-1.8318349464844228,-0.6467167804614877,-1.4019472205975725,-0.07547529262351933,-0.040642839172956115,-0.12673653759009237,-0.943318402516158,-1.67329884866076,1.428831276863446,0.019416385090860314,-0.3129352517570614,-0.06726933751527285,-1.3412652257414155,1.2883309798022713,-0.7148616143365586,-0.11293399727377477,0.48583076711188083,0.7173864411714167,-0.023657175071402994,-1.030859091951454,0.5985472202026224,0.8500308676549992,1.1727376274571648,0.5428205229588694,2.095262294201051,0.14883115487562967,0.19972690672286542,1.2294601968120633,1.6109728877565355,1.3885900667626174,-0.08023546882766301,0.7633839648841102,1.0627732016749265,0.06156677432961214,-0.8483577798351627,-1.0030885480842129,0.37683706631207115,0.876569487512789,-0.45815431723905287,-0.7652703652247727,-0.5155180274181339,0.1499076964970161,0.7793401329151651,0.3728317915689632,0.006601922199092109,1.3898755110874084,2.723184822141856,0.011827228418578811,1.6073867122942622,-0.6872376609142588,1.1431221011149448,-0.8225136514075861,-0.354057804238153,-0.04035434912393446,-1.9226728327252456,-1.8225381642853706,-0.8507088787477458,1.3238150278805987,-0.23941707170139007,0.9152907453036947,-1.6449245114869375,0.35988104363826273,0.4399837523473782,-0.9598886908444549,1.8618963552625902,-1.256691754525769,-0.24285329093948677,2.4551751338288827,-0.9514610397436916,-0.621285128784743,0.15550117456182452,-1.3275677772203263,0.5166696568788708,-1.780709395449025,0.0009648713711614863,1.446553497929635,0.6405780762373872,-0.04099781579887837,-0.32166566858665097,-0.08485622617769564,-0.287267913827325,0.3979213890760275,0.6448005020609782,0.14353402567377177,0.700920334690633,0.5138875277046638,-1.2461223537594468,-2.3353961788147597,0.17240458423883517,-0.45026569368760033,0.2028263924743269,1.671852038951708,-0.26810960327961353,0.31073266799038035,-0.8454377062082344,0.49175477276984403,-0.7812941526300039,1.0008242751238345,0.12283346257351609,-0.14573448619914023,-1.6376903641086016,-1.3729861225244986,0.5800172578713388,1.1630894467287147,0
0.24149229938904504,-0.22781146042823594,0.048328919354542865,-0.14323560051064116,-0.7033192506460132,-1.351120126241263,-1.3414342075882737,-0.6871695834859474,0.09249955300958,-1.3287033615036394,-0.07323657453931105,-0.7510752727847169,-1.6713524306801473,-0.6423112671626192,0.2367198817787302,-0.6309223602950259,1.4774155931433368,0.6236321135044257,1.054492228373496,3.1064696214705885,-0.5721416437656761,-1.43333423146035,-0.7848896357897539,0.06639194101505931,0.39225894811658074,0.18536035425246714,-0.44729941845581656,0.4132816228103325,1.1418510435265383,-0.7526725216893844,-0.9301067216419906,1.9642247969057107,-1.1255760244021127,0.8469361417150829,-0.19668060096696935,1.4859216971171683,-0.2894638094733988,0.39750157386195845,-1.3133982683964622,-0.6781218440157866,0.24628814192929324,-0.6663570688960283,-1.285924686927261,2.124359644540493,-0.02018437210408708,1.1459661253764366,1.9068064122086559,-0.5227160876119697,-0.08531728710952079,0.0769085986027839,0.4712842676419645,1.1170159479517867,0.9760467409907707,0.7195878949730695,-0.32132866391767423,-0.00802128683827206,-1.2532698836076461,0.7125551072713279,2.311131489789284,0.26224228019805645,1.3969967467459543,0.8381821811702898,-0.5448504199695343,-0.8849099900527171,-1.1380421707763502,0.12086078698674245,0.5564957479950653,0.6087845120103068,-1.1361539618759298,1.2332223855590587,-0.5542823443475858,0.12310403482348664,-0.6425209011292897,-1.1830325287266195,-1.260513993712348,0.71088262841001,-0.010644654957315643,-1.1000382314044002,-0.6207717589530547,1.4232457000710734,0.8817560497166439,0.6137321104212845,2.1101717862244636,1.5028692376019457,0.03612122141378506,-0.5427688459730771,2.5851243361613805,1.2058028696955194,-0.5450446586433304,-1.3313315397285073,-2.2465964363005537,-1.2795609448520313,-0.4812026554722719,1.339004932293335,0.9896661423904072,0.2684559785926618,0.6153701480945222,-0.7812941068204419,-1.3076371423713822,-0.23118145492613543,0.9875811356088503,0.04532735056980058,0.7092751684690025,0.03672670367474108,-1.2980119334727849,0.28786833623087316,-0.3841740779919751,1.084504855954845,-1.5805698015956047,1.5323040578194458,-1.232523709166438,-0.283119038493139,-1.4844789272120553,1.0144678478612277,-1.1144929187014574,-0.54397282651154,1.0389397909406384,-0.5088716499212343,-0.07758578757381365,0.5842314872585841,0.35208877939759214,0.2139617907304659,-0.5842168997552838,-0.39322830882291937,0.43532182486913895,-0.2862600601204373,0.2549048718112315,-1.9203372717647904,-0.027318532972977972,0.5333378334295115,0.6628427297291398,-0.20988536156520482,0.3191739579792628,-0.6037641205260535,1.4139194659855818,-0.34074974642560074,1.2752575596231879,-0.11003128219064852,-1.1631471188519464,-0.23338981917907295,0
-0.9975670272694467,-0.2734673828136764,-1.0285037498223673,-0.2281607506689155,0.9836440674480253,1.4315540325033527,-0.6142330014545803,0.724336714802687,1.5194629700989892,-1.1635654607140389,-1.7128335245775335,-1.381997746074505,-0.047675904451936875,-2.1751622460285542,1.147743206181524,-2.233695773976838,-0.00959521390001284,0.32052868296950177,0.6917817235675556,1.1292010125303251,1.6407810802890184,0.3926025231430797,-0.5938021716834458,0.18856585022640437,0.3967181336467912,0.24060450966837288,-0.4775585342366648,1.2079575879634603,-0.38850763027488505,-0.11895524982747663,-0.8406772007768069,0.9274363517000432,2.1945444117498822,1.200468705580091,-1.0735297242379205,-0.8080465499644962,-1.5608784881189826,0.30522819457234573,0.4813459015674801,-0.6751042817166049,-0.553043145610742,-1.9024747691713622,-0.11231706080772111,-0.6965547550965364,-0.6874914148132193,2.2887410822019634,0.6676188254677923,-0.02840970930728558,0.22379989484393323,-0.5037431760489728,0.9688848453767078,-0.2733491771120541,-1.085861869784322,1.6307041709701657,-0.7870979165521903,2.0516397916438263,0.9073677789535958,0.6798440806085704,-0.9606805304235235,1.470618104805596,2.3914059426535914,-1.014075854224495,-0.08168103872134178,-0.8967834800293222,-0.34464297615372724,-0.17070046945334166,1.295106440591631,-1.4241661942745414,0.7196902604750948,0.7592348889243553,-0.9165559142987204,0.023916892043071056,-0.5735500582615062,0.12224835154544111,1.8498000890621644,-0.872126066027456,0.29705107887153864,-0.9206266326350173,0.7259620854845592,0.3215786446324221,0.5951503323091902,-0.5279080213156367,-1.1410714454568438,-1.5892659304036274,0.00942592023664546,0.5371283889693399,0.3951522106477481,0.7360467519826167,-0.5389375967920798,-0.09554026356059449,-2.345772429500132,-0.13649600945984175,1.740718981986888,0.18565645838316927,2.001779509520167,0.43486552250740373,0.9980952490787777,0.7123946030373601,0.8336059816241687,0.3279163530612889,0.8528320507997589,-0.5079850288714364,1.3412298310734687,1.5586991385338032,0.3949060907953799,-0.3599719746050557,-1.2063297492213583,0.383935983927919,-0.019282869578716492,-0.6460002583264206,-0.9840068693093699,-1.0519143078782507,0.06185569903285423,0.4832846033957862,0.5232021082241964,3.208728197384001,0.7282203536693775,1.1125393139209183,0.0057191457096292505,-1.3907267013155244,-0.4218968652601136,1.7901070562450454,-0.825936692235596,0.0828893867153345,0.048828410903883866,1.5447525119805825,0.5455758153852298,0.6103985265579548,-0.14572949882430547,-2.2356941732324827,-0.3915831362576562,-0.020922154208156157,0.17265358699698546,-0.6806147095845756,-1.407182975972489,0.7673193092819618,-0.31949087295938117,-0.008284284981156555,-1.733194770877819,-0.2393797881764845,0
0.7164968030956756,0.31582112600138784,-0.41055170830558935,-0.5378875349869636,-0.18556848813773416,0.3617218085701954,0.35216279378478615,0.5585015343414665,0.8214406821029286,0.11360389601146856,1.7260917511395755,0.661708574135996,-0.7434836919537046,0.33477837691981505,0.5351858766725827,0.7598398055313851,-0.4272302399867796,-1.9526617350233049,1.4496512561814032,-0.09879651043908184,-2.097536777783394,-0.2759224521590806,0.7418629503353564,-1.0701041181041848,-1.0833935939060708,-0.24962523246917287,0.10595751219279294,-0.5811116302310511,-0.36785889265350413,0.8115416925969691,0.014405519980264011,-1.4826790168677835,1.1869951344315024,-0.18477684584064838,-0.908486843970102,-0.18788064398476018,-1.3245099943508345,0.009640600539426355,0.5484246020946543,-0.5731569726944973,-0.30734593740822747,-0.5920427593780241,0.7258381172558172,-0.24425576105635502,-0.5831520876275766,0.1447028251835301,-0.2784648643430933,-0.13977307048848903,-0.8047175138766706,0.621024234172593,-0.40420265442494274,-0.2952087595421564,0.18714849746078774,1.961531275351688,0.8346241144181931,-0.6709177409620707,-1.2537852648535535,0.32337377802273337,-0.5861341961953691,-0.23005627608410767,-0.18320254704799668,-0.11109079928582088,-0.21554306592078593,-0.4782092146709345,-2.1433033890323294,0.18575388842718524,0.6190534495026606,-0.9425564528797197,0.7203834501285766,0.307360892247874,0.12115008358249008,0.1837110623064406,0.7397011400486311,0.5435890948240208,-1.578973708350294,1.2952437568027177,0.5547067941899202,-0.9929983488768702,-1.7882845767005386,-1.2099828090137776,1.2479566326749456,-0.11169116655951745,0.7870367651544139,2.0288009272111838,-1.154388016896965,-1.1940401192366321,-0.017263286729713646,0.2981983235869337,0.7664985704052766,-0.9285340817457848,-0.6635160870313129,1.3810173949922766,0.40515999627962374,0.31430114314148355,-0.44477466357249157,1.3162620764448347,1.0614570644481875,-0.030058395150066895,-1.664638686391303,0.9399081808888067,0.5344853597913485,0.09097598232802462,1.170623035378788,0.45519827623407455,-0.2982173118089611,1.0010238205291586,0.22010472121835947,0.9216460388421915,0.1410984623658371,0.5607510301227273,1.4783609075233535,1.3970135120882694,-0.5342653498799079,0.9284040287774886,-0.6091957558930674,0.7948688506266611,-0.1325644575192179,-1.5083878445731913,0.28955730022733445,1.0505906313989994,0.6031062822234551,-0.8631765898097616,0.26936650001492246,-0.13284885995366977,0.811747308472895,1.0341638277946525,-1.2948882276439075,0.09799489964139609,-0.9019283212309376,0.19858259345070678,-1.3866688206885682,-0.06122749308486871,0.283382041996364,-2.287844453662775,-0.2680527542724873,-1.4970505049170335,0.8300715210789013,-1.942362368753525,-0.3534390909554385,1.3139728424431574,0
-1.046581298342232,-0.734031222953888,-0.07510170893561845,0.053072415022225185,-2.3235155313719758,-0.2618462568491465,0.6936357546027764,2.1513143440067473,-0.7618694057466735,-0.29621934893968627,0.40635879504243383,-0.8151489613400568,1.481797103199086,-0.0357473603338137,0.2202990792357502,0.5364013932690016,-1.711153655540945,0.27489160694787823,-0.6308072039898432,-0.8708327689099408,0.45913964441434085,1.1291509313391366,-0.0009447439779851765,1.5364130397621447,-0.23540309606534005,-1.7221029726185135,-1.1652039711816502,1.5256130936814618,1.7821970021143099,0.36294723922463323,-0.6167384045169604,-0.30656354002005454,-0.04313224566022418,0.014272524029492669,0.5579681772707547,0.34314355960063203,-1.1918916690887738,-1.1279971628200356,0.5436330035985121,-0.39980932313553214,-0.08060254473602209,0.016814030212643966,-0.5418676382117488,0.1319722290770083,0.6897810937467684,-0.12941145120193132,1.371721201157168,1.5626920507751725,-0.8452504320754933,0.40869224695013007,-0.23931037163613825,-0.7627657546730661,-0.03710399098316601,-2.1355106342372947,0.7777403602739971,0.8675774395805899,0.2295456896832946,0.9663460570588416,-0.6986365771914482,-2.7841865998412176,-0.48149192315075046,-1.2172572452720047,0.01061944625289055,1.440197971949075,0.2953862453214401,-0.2580605686870028,1.110988692544878,1.692092568093686,0.4439854124824655,-0.6475410181756838,0.12319937857551266,0.1564733891351777,-0.18868422071762497,1.289136247091278,0.845047129568932,-1.1535108413944761,-1.2634293083755181,-0.5339534180649336,-0.9940466910031922,-0.4676382603460503,-0.0013201248496785068,-0.17843886480164642,0.17125066998256883,-0.33382172987917336,-1.395950620642266,-0.9663851018676675,-1.0545157991021605,-0.7943011475743896,0.40593853357594706,-0.39771311544286875,-0.9296848127470977,-0.08991561493872359,0.2907413724497214,0.2569284034238556,2.4061813560493395,-0.5942980388132538,0.37443769917568875,1.0674440487628396,1.564639112257832,-0.25071016144407454,-1.7984642599187999,-0.3078256687518211,0.3549835229043807,2.6433081790910444,-1.3883725171537686,-0.05469837322363206,-0.6786437228546683,0.915192569087252,-0.6174126186792452,-1.5323330939033148,-2.0577494870827366,0.2587627170499222,0.0784444021645315,0.5209752383860541,0.1347640528338285,0.30649774187023043,0.46258393692683053,-0.832999442362574,-1.9526471168033845e-05,0.508416425165775,-0.9534349718452109,-1.759813198708318,0.3474917941983925,-0.18397931290731248,1.3387944901019637,0.658197444389356,-0.3173735100672739,-1.350921349244472,1.3462900742399373,0.7818508568677749,1.287868754502511,0.9638542585065608,-1.2188347984319277,0.4613356563260269,0.9531480620942596,0.11069335195149113,-0.3236880111499849,-0.4652776656197605,-0.7642835995117458,-0.10660941944595503,0
-1.2522734638069317,-1.8262720206100285,-0.5502156925393205,-0.5851471928702412,2.2379749243925042,1.3642650352122687,-0.20396340162455387,-0.030293461071846335,1.051748022381691,-0.01392942002220653,-0.18840859717327627,-0.2531613344975931,-0.14458662872391081,-1.1169633892568562,1.1470343745219216,-0.2629482462157804,1.2585749457571884,1.0801903919838762,0.47027567029030454,1.2336377289730376,-0.206984959673353,-0.5559343642168986,-0.6476997086027421,0.07165296584143087,0.6973309579582312,0.383534570764353,1.9173483493798225,0.5062085102400523,-0.5505348412240615,0.16134359580825552,0.9010254124503305,-0.4732416293862678,-0.6328766332612018,1.1479961322763237,0.7751435727620134,0.03751990947741675,-0.5162336934529268,-0.288023860746783,0.29718687032469576,0.73246504864415,1.0368740113099464,0.17483175833412826,-1.2062128152298903,1.4472847625967686,1.1824454795206025,0.9756413027575084,1.3682532894397714,0.8220819926212699,0.11605739670969802,-1.0967948375574843,-0.7776460994766939,-0.3862590165119631,0.7792096563111638,1.5884946759224627,1.3844836665446976,-0.4535230700014517,-0.12760970829951954,-1.3516710698290597,1.668020588950733,-1.4551951989960015,-0.1741863124151967,1.3852318530830543,0.39292418247332533,0.5662770245264929,0.24777236856264268,-1.7341907214617693,0.44621501306472705,0.6172574323911189,-0.5628615324034489,0.746686156185104,-0.46301968713828046,1.3749636791467517,-0.04200913240202386,0.5663081893832829,0.29712623648771497,0.7230735100146869,0.10896665689570782,0.7174866761036524,0.7086333395277237,-1.222524533295672,0.6536827516540772,-0.4534547563528181,-0.15703705834386222,-0.25006952002155586,-0.4052002846650465,1.3937773002460079,-1.373543111752671,-2.725390841233679,-0.5593580911161281,-0.1897295455830891,-0.8084000033988376,-0.949414798122752,0.6932961170856611,0.11304873365236826,2.5246404635696624,-0.788838364817791,0.383575944249926,0.5559378796141906,-0.2885104501052381,-1.0723831618144586,-0.09472674038263698,0.5536186748105962,-0.6648271456741711,-0.24274285980939997,-0.12701106752059482,-0.7921568153513684,1.2919139363129986,0.1607246825851463,-0.20059289478292444,0.8147537063903256,0.15298701861377,1.2028039989766628,-0.8770634114327105,0.6015262713027428,-0.02411949061569406,1.3433239385174929,0.9662764218426695,0.2901217430346243,0.299390099211571,-0.08271769296046086,1.1329808947774949,-0.534288389076002,-0.06011544277475798,0.6336130506284933,-0.7411057940085181,-1.014017580376099,0.9081153753499842,-1.435711388401661,0.9306837758869206,-0.33630435607213366,-1.211132967696593,1.3655499280699024,-1.7990999302810764,1.1178917155345167,2.887915877567503,1.7035109866589802,-0.30819283253786134,1.5366836768894574,1.1383840533450422,-0.8250583757624066,0
-0.9749457848009665,0.249643700168961,0.5444590267168228,1.0410478839307586,0.9961553364063664,0.22237123390313254,-0.501215196913273,0.9111080448985263,1.1276339559287272,0.1406201957337765,-0.18924889134889578,-0.4804546128707452,-1.480681678746488,-0.7246679046092681,1.4460471214277493,0.04104304290816603,-0.5934745755527192,-0.026495293874979464,-0.36664075359371706,0.4398546309628873,-0.3537958969807002,-0.05057957007479148,-2.0369242912926877,-0.9833741488884554,0.3094954470732676,-0.14925800440119874,0.5832870177401338,0.25031104001329196,1.4038029701711463,-2.905274983240706,-0.06027771920948436,0.640579216373928,0.08032743104082458,-0.25946056280319824,-0.4388100643760126,-0.6435471691120643,-0.44006456887088935,-0.9179889325197453,-0.2662885718972421,-0.8335956409683548,1.0970387146815983,-0.8607021937964117,1.5730365909485622,0.954081161467631,1.1787874573501917,-0.031293477313747556,-1.1350047190009667,-1.7002680669549168,0.8385855049096078,-0.09656052278058598,-0.44794974563538287,0.6564816739458477,2.634415990852832,0.03861584210376195,1.107290801472209,-0.15640216833737822,0.9657270579089468,0.10082228020384468,0.9067235565865874,0.621282093294988,-0.64206343200694,-1.3845047584937142,-2.2533671893736495,0.4146306739325158,1.3506247595439898,0.5887047221228383,1.3813906616868954,1.6710119884571568,0.5105286684120525,-2.23015143485269,-1.1669898095982811,-0.6777282299913159,-1.3853197147505276,-1.6510544853717801,-0.03752721145612651,-1.165544384467399,-0.7949349895010577,0.27499273810764396,-0.8702377850029659,0.06570198135559467,-0.2752693865625333,1.0743464371147824,-0.6464922035603962,-1.3550740487250874,-0.31634350484153734,2.1503392061783093,1.5362100415722555,1.6468147980119612,0.41971111500643465,0.1898588760980733,-1.0058428742755636,0.45893134233704996,-1.3576058174527086,-0.19169389130385578,0.4060552872261274,-0.6035298785808851,0.4326475460203542,-0.5310273571757583,-2.603229661981401,0.7669417794643758,0.6322660951800085,-0.599687890215893,-0.08763710414864252,2.489326197870689,0.7126259027639485,-0.6174499101982657,0.3514136611783997,0.5830509522008674,-0.3199257613032892,-0.16708974229660198,-1.742334015706848,-0.15802515502553072,-1.2849333628038866,-1.1928799334462352,-0.43261993496633133,0.471238192729269,-1.9712821858652354,-0.33811326852624557,-1.4603090730125976,2.126081265379371,-1.470400488720789,-0.09332021652428739,-1.2314830002815351,0.3713356840048635,-2.280568944613514,1.4162768230161542,2.439428222020234,1.1439481307645867,0.12002949566238133,-0.4007851668381517,-1.0204747464477657,-1.2744694581756213,-0.6333596549798243,0.5440858095068215,-0.5318653990377934,-0.19914007429452601,0.261640084167678,0.9605724682862868,1.8748341633911834,-1.6251202993200977,0
1.9717826668933982,1.3723828046273134,0.7831541210960766,-0.32789319998032035,-0.43351150532522315,1.0549812060071995,-0.35891749871731554,-1.9614159683687462,-0.1480317593412082,-0.6108926281905831,1.0610113563737333,-1.3761090844685602,2.443724751321406,-0.06664488290671214,-1.7111602171101212,0.0353257407104659,0.43503581272409225,1.2451416586748003,0.06881821594060719,0.15878130073990016,0.0784753097691072,-1.2058999527536096,0.02984157295481584,-0.028591352470723187,-0.6998804100235637,-1.8931642531502884,-0.38490917773376915,0.6067758910800669,1.4719111286620337,-0.2073264876657259,-0.14495717420793464,-0.28273162393182194,0.3071830275070056,-0.488124039229968,0.5612907481473359,-2.3008402221347906,0.54872825046168,-0.443227263957705,-0.12251829330854583,-1.6039878344309724,-0.030802599608605555,0.5246330833174971,1.129867565391252,0.011174342361068741,0.32400684053768064,0.6193557220233932,-0.7570098170502135,1.2892773202510004,-1.3571640958547975,0.811858127300096,-1.1320454642945872,-1.386227326881464,-0.8390197533897785,0.5949279392126544,-1.04217104471346,0.8600529566382858,0.03395942039731261,-1.1578196101922,-0.2513090191536374,0.7764555389411197,1.2913967807742113,0.7362316247459217,0.9577803838342758,0.010805629472329523,-0.42281619989014196,-0.20522983954197163,1.4267423388005374,-0.850752382716683,0.05180792876436407,0.3902127561312119,-0.230233813787004,1.3174540077554382,0.36978096109347464,0.20325876274136664,0.20773493827640657,1.1413926542962523,-0.39275248806496377,-0.6689620645104697,0.46977431337124054,0.6045965760512039,0.5540755147545994,-2.3259660262840405,-0.01648103887765778,0.06869547356555737,0.6960521807490425,-1.0833354005301055,0.6147997515943289,-0.6158569056578709,-0.06846262183584802,1.393665332979782,0.20797393879576326,0.19840985471420305,0.5770018300861002,0.7054749493289972,-2.7267240527423207,0.8669779261877508,1.260212261571268,0.12736565208362832,-1.8095828992898317,-0.7084982726334611,-1.1678358253296544,0.054678250251574065,0.137435769810122,1.1331363154804215,1.4048091057708256,2.540102595404796,-0.6915851799940276,0.004298023347621292,-0.015867001365723686,-0.6742947817561744,0.2792523185019128,0.7455010053041549,2.308834867337041,0.6300895251502998,-1.0765545479300014,-1.3345872760408313,-0.81758301562129,0.6744027343327935,0.07416047474772305,-1.2896479916339911,-0.8674640361931105,1.0817201883888672,1.2861480140828276,-2.2029376637867903,0.27791180657619285,0.8573151701870717,-0.3315917188698391,1.0359306937620758,1.7742741300742821,1.0323626328509614,0.42864781090566473,-0.8799154393645893,1.7243440366995078,-0.9325290144863839,0.5568773118245234,-0.6170934834843386,-1.0257041775007845,1.3358976121684236,1.398456975760022,-1.0809794594097637,1
0.4885334452381979,-0.14317086655718783,-1.1737745124365009,-0.8827285874709263,-0.386145210410241,0.2545443114995418,2.0190991676251313,1.028256092962905,0.25898518352902267,-0.11025890930928463,-1.6218117887179457,-0.6190231698363537,1.1411893165233227,0.9510663199069287,-1.2706362764044012,-0.29138541538195606,-1.333048726625294,0.6993131976648979,0.4013021341149082,-1.429362843745497,0.6035183950326646,0.8787264870591927,0.7618797615438324,-0.23879690807381396,0.59556953562402,0.9626528774912864,-2.1360943252978295,0.6388151724663792,-1.8699461893575782,-0.4974275483037272,-0.2353442354933697,0.5770624292931276,-0.09113638385244782,0.7011885168712595,-0.4982489150371745,0.67648746136658,0.4917992289188012,0.23377612111145515,-0.3455376846881623,-0.2092211943626124,-0.05023097849850962,-0.7427499960633432,-0.06575001886564966,0.29553989531230385,0.04523954186708461,-1.0452954605176303,-0.26296152660829253,0.06851205397064443,-0.4309296991290817,0.20581777417230981,-0.5085729585704231,0.17348725225588207,0.6706709847424233,-0.3506352903674155,0.37153256967039,1.1923098276525301,-0.16441919059653576,0.6373277444540403,-0.5611098587178263,0.2505575922698915,-0.3391749749714771,-1.8826036158503643,1.462373682377456,-0.35810903668027183,0.47990840240412735,-0.23598620636725276,-1.0512300945308808,1.2576144617715674,0.6646652982363428,-0.8602960138326189,0.8269920688315737,1.6123996589170622,0.28816502121577725,0.9547420799577443,1.3451791538338111,-0.7837945666175253,0.5990448225456122,-1.3642877277092564,-0.07999414778698646,-0.5073147682666656,-0.4585457918186769,-0.8177362372989544,-0.8805500449854907,-1.12238506887833,-1.6578737050859516,-0.39779122978212533,-1.4133481847950538,-0.7475114660045539,-0.9527876798991228,-1.4482868234117812,0.30549125686208456,0.08409904272697655,0.24407330920762946,0.04444286707322131,0.6247410704299928,-0.22862520906726944,1.5740581958340818,-1.3565005727062196,-1.4872217608898848,-2.12405595893663,-1.8696757056364564,-0.4601838558470017,-0.2599770138191661,0.9567869991884203,-0.29712045382075863,1.5390519377767717,0.2544755266921105,0.5198558684430441,0.8844461651468103,-0.38752440875501143,1.6780143494994209,0.397879636389108,1.664967952956322,1.0333782182585034,0.5635210188865196,-0.3569305762273613,-0.08099194264039333,0.34219348972425073,-1.1406577465290049,-2.247574850023463,-0.396436173591443,-0.3312287724568133,0.5180132709496743,1.349108339112141,-0.013701495765273295,-1.1957500031200092,0.008623625226078414,0.16088301850767317,-0.22356209474703534,-0.9126326993728325,1.977841707479516,0.7911533550396916,0.6286739772120982,-1.7991907662946456,-1.2232817022055973,-1.5327140078518398,-0.28981849260166925,1.1745820486923157,-0.19769260604032665,-0.3250465027186163,0
-1.6614508386933446,0.30155912525411677,-0.4885149830425717,1.1002037270569682,-0.7896902318749188,-0.1838175292101494,-0.5926721042118295,-0.35831829571874596,0.7033150348124356,-1.1859748133800379,-0.19061778880249824,-0.04688113947083708,0.61525257132677,-0.38523427014422845,1.0403779775926074,-2.021499073707921,0.460509914575463,-0.02066117550552533,0.967254279948157,-1.0333401135517977,1.6915642618056002,1.3642513263939273,-0.4641965626264574,0.42698942970346604,-1.0991851924601375,0.6182245165659844,-0.8354658412596142,0.3087418032018769,-1.001268763959106,1.1781983060210293,0.5704642494461643,1.9867785843903971,0.17553383775957587,-1.526222556260747,0.28153217596836067,2.546148578474425,-0.23623795016862786,0.49496001586811267,0.6329050474904354,-1.2600050403004945,0.25928349061276545,0.7050765200393951,0.7266150629041006,-0.39885786185758976,-0.928588672542236,-0.7429030496070197,-0.24689482754469486,0.11315171394036226,-1.3357375602057362,1.0515015228079567,0.8769635332173644,2.4965990895247954,0.2998104897567329,-0.18172180798851886,-1.5182240014971764,-1.5220062262689456,-1.0431010798730687,-1.284944813604718,-0.48315108281594277,-0.7534511267125127,1.1053617381946568,0.5305002237121685,0.6428467201839723,-1.6083235695575315,0.03438198805052006,-1.6443541563417396,0.5928216594166256,-0.7339793225860937,-1.3281710416213592,-0.43429938761264303,-0.6395606351809717,0.7320275518683124,-0.5472011728528837,0.022986417942989716,-0.915624308294722,-0.5310125007187424,-1.009690627409261,-0.3736962007148547,0.521433496721276,0.32731013020275695,1.3169952121691986,-1.3393133179555887,-0.1347058713933819,-0.5654032107141723,0.08739932049479496,0.11477403216747875,-0.9106221073585447,0.2844465961979821,-0.14435550753774198,1.3452397798813198,-1.4420088264155457,-0.5854104228661537,1.303033266476485,0.20051946460085632,-0.9219452563386419,-0.06477576723333556,-1.9072678140213053,0.6296971198775971,-0.8664568835754604,0.03438422072921933,0.1614144265169683,-0.2921167904611066,-2.57242020131235,-0.3163502707184244,-2.500211006042279,1.564197559001395,-0.3124675940636674,-0.908223092539373,-2.097253001576875,0.5886678281528891,0.4220237580400762,-0.19444090802125108,-0.06805608184664547,-0.8341900474919539,-0.7912257440089501,1.2123476802955946,-0.3878295470067779,0.34166521708966674,-0.3944231343955001,-0.18919968481019503,2.096038654418696,1.355689879118124,0.696793310949303,-0.09206264285356226,0.793300857845073,-1.7727106877966694,-0.07422783835013928,-0.7505095375230527,0.6950097140062429,0.8007612901976583,1.1552295719187509,-0.07164062865847193,-0.08936408246361645,0.610069251554739,1.2727113023894954,-1.426312517443118,-0.16161911904695692,-2.290285069718135,0.9782863215065266,-0.7014079617771279,1
0.41488730630107395,-1.3422241224371072,-0.08583208576855562,-0.5221389655661384,-0.7720990432669018,0.964779655082849,-0.8988449000200855,1.1911839986519237,1.5687220312324814,-0.5220047791681246,1.6942030419559087,0.9153120216182937,2.26803640712312,1.800782522884616,0.19211335392984777,1.0641751702735303,-0.23117156151759088,1.34712292885884,-1.1464456955241802,-0.4319737614187003,-0.6884936170794348,-0.3693796553322931,-0.32883218044861845,-0.0005984469844536383,0.6573378709868779,0.12659512496497682,0.4580638062506193,-0.9804279271114792,-0.6499524224900302,-0.44126260103813464,-0.10014272306267645,1.243949344538252,0.07200315106187989,-0.7409453548640509,0.6140308805997436,0.07666308909821952,-0.23899506166277404,1.377502704624533,0.7856619904073158,-0.05479073561783341,-0.11866942141609843,-0.3144475162917216,-1.3796214221329006,-0.28283746503436263,0.006158339252582187,-1.3246575892751355,-1.1015815449063728,2.326892005666641,1.6245258364152695,-0.7348066269648496,-0.7364148539348899,0.5445047947986142,-0.4154303263606117,0.0860860820516856,-0.045891306198795376,-0.49420309212607777,-1.4963790370486345,-0.8281543617864164,-0.3904944617741684,-0.6364300356818996,-1.2540349239896562,1.6641974429947135,0.49681878435926446,-0.21975032016584078,0.6395051288230872,-0.2615487108100087,2.368023971242024,2.9008625457323145,1.6945459913303467,1.0012376763181885,-0.37865031594543686,-1.927338336451379,1.3334644468386547,-0.49578388808164997,0.024237613005637412,0.42473531187313895,0.5895474936955896,0.35294519556449083,-0.7750919057410637,-0.15851242191890552,-0.3145507308298321,1.075587170120202,-0.3292381937844612,-0.2701791173696621,0.09380808079100386,-0.29618551186513753,-0.006363664366648197,-1.0645450716914064,-1.1276024145815153,-0.5804444343762662,0.32806921873591954,-0.8858271731480891,0.2612852510994709,0.967899925439761,-1.484661359794673,-0.9515606698916648,-1.3670974423556659,-1.4033203907947858,-2.2966031193233003,0.18399668577931264,-0.8976544972065488,0.19607473196752737,0.951416880224989,-0.9657202812920065,0.7730015498509023,1.1330023954422428,-0.6693566098000364,-1.979294044874825,-1.2080039122484736,2.4490333087371927,-0.2526677084429798,1.0163564691239775,0.01849440228964834,-1.7532837767663105,0.5050853373478346,-0.6200649704729077,1.9665680713067069,-0.7433268360667447,1.7009963711584521,1.6826418061908108,-1.4445528338427294,0.6913778209394469,-0.3567759223985032,1.1637038474473453,0.40501452463142895,0.18638872732505096,-0.42589455403010085,0.5859910904933746,-1.4109521007197912,0.9455181084318665,0.8386093168370097,0.5126701492998939,-0.9423572948171233,-0.9679953841926111,-0.6586899541989071,-0.9049097978474849,0.30297179537284263,-0.5134547696149602,-0.38264432714097946,-0.4676718996630203,1
-1.1639514890269065,-0.5406939606113206,1.1049597576130212,0.833955908083207,0.4869009224552804,1.494328223090304,-0.5321789724039621,-0.34565848810286776,1.0005362748542626,-0.03081595511342671,-0.9157937605416995,-1.1893982885361205,-0.9243711562175808,1.2773126457083288,0.21113313411297704,0.3125106531260605,0.04869281200527306,-0.7005821599251165,-2.6338490212566343,-1.6455754962233167,1.2339836332706458,0.7593174926105271,1.6088149336317414,0.26207202530332746,0.7015039853776898,-1.2829081608126562,-1.5885892114083824,1.0728340848545468,0.28929262578172776,0.002319109542863467,-0.5014008277492996,1.8086064321194844,-0.8437017527710472,1.499081733771906,0.024950037980237608,-2.0070463122323594,0.622153197011353,-0.07066154228497691,-0.4323471768745209,0.11044179664015444,-2.5839705479219477,0.1934550075334979,0.09845843532078775,1.8557180818142671,2.335104426582638,-0.2795975360113232,0.9866694265109227,1.3440273974072718,0.0961136711525703,0.24813766704593768,-0.3751227180483334,-1.3097845605175735,1.111555408511603,-0.9784861393267357,-0.25630160819002334,1.0542719752847427,-1.382408084097116,-0.29894413273174586,1.4242854075577025,-1.4189681761745174,-0.4357074057364389,-1.279535636390476,0.9784124566970042,1.939864938990336,1.205294904388509,0.3668604301048796,-0.1861435916657658,0.7740164059603044,0.6540964607046286,-1.2551578388511204,-1.1046624450525784,-1.5625823615168712,0.24225736367379472,-0.27441649155575465,0.6054999690646011,1.2321568683569741,0.34308660239286515,-0.0871676482831348,1.2874076232917335,-1.5272243466819189,0.0626063103991067,-0.21418124616046605,-0.1549492716475552,-0.5224262335386275,1.3033669210358745,-1.7412422022203256,0.6752358758629581,-1.006789482430925,-2.03740566779631,0.44211204706706375,0.5178212099494137,1.3709719638993123,0.04718766244738162,0.9517982113636219,0.884478555013053,0.15549070893885117,-1.279046666930777,0.7199483748390689,0.8954850459692201,-0.8995324466814322,-0.3610827435276696,-1.7575487841660056,0.927761267910103,-0.9691218132969573,0.630236461367017,0.8262689918833945,0.6225820662251109,0.10894211477265452,0.9925185292045989,-0.09271962751554862,1.039424079312734,-0.4294458903771224,1.2409002669098184,0.23995075998446172,-0.025138246383227474,0.024465634590540818,1.209073672840536,-0.43451829237294015,0.26857404524835576,-0.987843604075448,-0.47115160223499103,0.530319339680202,-0.6203002896774122,0.9684745818511153,1.464923731103157,-0.5707494804144213,-0.5496213055987634,0.8987067078086324,0.3099013879774987,-1.4631944800188725,-0.8283505563563947,0.1529780833782349,1.9559799015120356,0.9686416419837756,2.5290997852676376,0.027150818479126978,-2.3710370414651525,2.492100345195316,-0.9458820733302508,-1.4181248098164816,0
0.8808056285360901,1.4175479974714282,1.2539617823325249,0.44080569194851305,-1.8705459620166016,0.35210181858685063,1.380775611812652,0.46594478375390275,-0.017734674228310644,1.0365625805810372,0.9821321678208867,-0.4005720316927043,0.4814722123470576,-0.08056611151364441,0.2646081668411641,-0.03702140163967642,-0.27829893002545886,-0.7212152209616384,0.42785455183154014,0.6441769222203494,-0.5773222389301064,-1.0961578221704076,-0.10705484266331228,-0.2526105161097375,1.0032358720048844,1.006781911524695,-1.2445742399957425,-0.20758311382441633,0.3204524415290292,-0.36292391230978693,1.402551082934196,-1.4983638859274409,-0.6777837848134091,0.05738154160264074,-0.7388351631594102,-0.4070669605797494,-1.8229091853990935,1.2130022219502354,0.5881035683715115,-2.0175510899504077,0.9945943045814635,-0.22470941143776738,-0.3869183051335014,0.1412365996626987,-0.4039445735686936,-0.02819876233169379,-1.0168866188270271,-0.3681061436777492,-0.7190822544852374,0.47261676558358773,-0.11432121514815047,-0.07712514523619259,-0.9723080931689052,0.6819855222696771,0.44507893740512255,1.1705016653447355,0.3419662771870939,-0.08007337934362184,0.6176576823915607,-0.7144736411848893,-0.43069316820089293,-0.5391798049547334,1.2455477331617681,-0.09356948934978511,0.11865210659159307,-0.6264539270610815,0.2847807682534966,-0.02889041074863931,1.3695764913920943,-0.1127863537629106,0.6651829800112381,-0.963238188270095,0.08467213849805055,0.35996907875376477,-0.9373435035352915,0.23475325577315978,-1.1004625617111106,-2.202968015183197,0.18569946760313633,1.000456543196383,-2.110412326339415,0.7458227842905529,1.1057582533413985,-2.024512980351431,-0.11625890429506902,-1.2462938604322178,1.9825080377261661,0.07844893785798003,-1.6913443610139156,0.9276117464527028,-0.38816741227865076,0.02480303802649622,-1.068934313058629,0.7479029106049092,0.524325472995207,0.7809743412444765,-0.4763979998324012,-0.9106136602439143,0.8477220907725439,1.0245465498876891,-1.8369214279915462,0.34361311418393664,0.25383219424361775,0.011563195136639878,0.6332966661071142,-2.456038569843078,1.7035078201905172,2.355424484053648,0.2539452501480032,0.5104388117210351,-0.7508489249651101,0.7380057859169219,-0.027208286433345285,-0.21998706660439626,-0.19910128444829475,-0.9194212615967536,1.3031429854176568,1.6293126067124688,-0.8092331291340662,0.4279921342044073,0.8043133924303831,-1.0479073623086688,-0.5388992802570383,-0.5986341139024238,1.1815822562432932,0.9099291554270862,0.6981677795991005,-0.3906602229339167,0.34186641632118836,1.1483568802494486,1.45043379729049,-0.7811215880494763,-2.0794434883705013,-1.1432117544153484,-0.5184160263951375,0.263359481590376,0.5253417356673646,-0.06561300754597753,0.37118509977891967,0.6528126276051327,0
-0.6024049664339973,-0.41722963280690273,0.5518610293888321,0.4064886379951156,-1.31481389951807,0.7673143681052217,0.12313878580991111,-1.0412975985949877,-0.216754182693512,-0.22551552759614849,-0.898318172264488,0.12849767840972076,0.28164202873005845,1.2339725934589574,-1.6353134546512504,0.12615221093910212,-0.4640563498731262,-0.3422004286969488,2.0436715250568818,1.0348609228849037,1.158073934940313,0.2723930408947644,0.12412645449871933,-1.1516885011235098,1.7120868204069926,-0.9587382369616416,0.42505360190294716,-0.3866212778443416,-0.34530369216039863,-1.4302986710212404,0.28514429772809424,-1.8305723007601507,-2.463590422582695,-0.5693414451585016,0.4337765844697264,-1.1602850031702385,-1.9722792532957085,1.831630940371371,2.0379871198284434,0.6691639728859491,-0.38692021100408547,0.5154377958226806,0.6513645651815209,0.5587226329341695,0.7437009672629117,0.5716111750031106,-0.35129896549507156,0.057448090399196135,0.7761606150056661,0.4194744543214263,0.8930869429378481,-0.8636935969268692,0.3047155500147423,-0.8091299036241149,0.07244823465440829,-0.6762785474997203,-0.2956005752559202,0.919677978853514,0.5666565534738621,-0.994356541178979,-0.474109674336528,0.8295762317258708,1.86229309574021,0.8460746893313338,-0.6538710278528763,-0.16575098991861675,0.34132258422168565,0.3335979529356895,0.19552709259482925,-0.8832238284052539,-0.4418630931155532,0.2519008686200559,-0.41449007383342185,0.9853464945436947,-1.7747955711014824,1.2712818897898315,2.0982423306222784,0.37635287561265196,-0.7481443074650852,1.5960927769160644,-0.3143109545995529,-0.7792695165018872,0.31399213790132846,1.169554029284475,1.9428207492067517,-0.5980030522185784,0.1290069680604367,0.10732203657187445,-0.466302076488886,0.25221510384382534,0.5581225734600941,0.31832167151062724,-0.9373328118021045,0.07164167099417948,-1.1276122410044314,-1.5852586319408657,-0.022571296414152106,0.45383937736603586,0.028972297448913886,-0.3055037898154863,0.3093793818934872,1.7148015906855074,0.22954574349919682,2.1921604599826305,-0.16877146593181078,-0.11261588266501472,0.2550181465700661,-2.426230736949067,0.1435636472796376,-1.0040471373890496,0.7216602156922108,-0.577410659102256,-0.6473699778941232,0.1439571749148489,-0.6807350703747334,-0.7304227469763221,-0.052261999034029935,1.412091362280755,-0.19821085450928583,2.221056900043606,1.2075939249285395,-0.35004515806959224,0.3627316698044212,0.34273202597152946,-0.11152561672776559,0.3012716752338128,-0.9909926845642474,1.263004356356184,0.07149420414787519,0.975013565809359,-0.5038600227390798,1.9560812988135698,-0.2327467982054348,-0.7935472099636716,-2.0770306000910552,0.1623058589323861,0.7591360430418015,0.8693218896224879,0.036704959490243785,-1.0275146029580315,0
1.6151595755709118,-0.25775091563545943,-2.0008042366676992,-0.1495211985790312,-1.9864971235095654,-2.4914649560527016,-0.49116674273111705,-1.0965287276566407,-0.617160763630085,-0.11949240678244609,-1.2332420620374862,0.553085038398234,-1.0319155094235577,-0.5169211996467187,0.35566452164880547,1.6331947846245078,-0.5614410674327482,-0.5593049054738373,0.7745121701538501,-0.04617275083895113,0.0052770512524989086,0.26089151656109977,-0.6889847298151018,0.17847244371463675,2.114035260003086,-0.138531779604342,2.0712413809537513,-1.5279253479421289,-0.25626877407641435,-0.008152020274250606,-1.398669649073908,-0.3015120063335911,-0.7242567427989822,-0.7349446113486823,0.05021556036085083,1.6188798622817384,0.6143651032774856,0.8318860195277303,0.2898050895725543,-0.9122976266159879,-0.17540649817868126,0.025296204191976118,-0.2418781927556627,-0.29135316684882584,0.537040998183923,0.9673705774984291,1.3748452870672763,-0.07468279674783988,1.345546737796115,-0.11074488974524817,0.12366457632952106,0.41014245482627143,0.96427400521354,1.9784260403629583,-1.270036864239949,-0.26577990107182425,0.545618017930801,-1.0997934067403405,-1.5295886387636806,-0.18296417432893713,-0.9699128099646114,0.591017400655924,-0.6917703708001266,0.5218711531351088,1.4736572085111344,1.955220548442524,0.3120703071250172,-0.7459232773005932,1.370397739565942,0.2598938062500271,0.268874387356451,0.5294975524474481,-1.0622218427085082,-1.209026637918484,0.7943947598280111,-0.41087173384886033,0.5856106634782983,-0.021470559462447754,1.0999604982417595,1.6567815724204251,0.19670593603966785,0.8754971143323012,-0.0048320146771082305,1.3227738059574332,-1.4956965221763416,0.6127241339459594,-0.37316439459258827,0.6325707241292456,-0.10327399138593855,0.41862690879679637,-0.35097875034427334,-2.8326056943250606,1.226791537355566,-1.90436446520032,-1.0403409997445647,0.4759699103219436,0.48564574875179856,0.9966134245174951,0.4545288277418887,1.2020682869813386,0.804069290837712,-1.6294861002941163,0.15958955003187159,-0.5815207163057331,1.779748929901308,-0.6238719473318509,0.8043188536189305,-1.4680546275518147,-0.15530884473741643,0.11639724838153823,-1.555216280206648,-0.3151038208753958,0.4760872703437144,1.0129294286279924,0.9013148849308183,0.1316110335957332,0.448775868596052,-1.1077265382345622,-1.6992127161370871,-0.004054949470060653,-1.334112714156151,-2.2325204671788725,-0.29400344916612364,-0.3163014603838401,-0.8091301044721284,0.3714562212225511,0.5235112212682473,0.4227146704465212,-0.24336520984646223,-0.43151830266772284,-1.226056330548201,-0.09190894831982502,0.7286883943078041,-0.14422603801887096,0.11093539040136172,0.2336742137279409,-0.13308919701225225,-0.682128361138504,-0.024519425384188828,0.2700049916852146,0
0.5523694119333308,2.1246932178571383,0.10600568791271826,0.4449114780235829,-0.7031742506933107,0.09882747163714727,-1.0198264798403864,-1.3926853172525382,-1.0626347457218104,0.010957255316980937,-1.6981748842092599,0.25842016012843577,0.05750409660940462,-1.3054717253773502,-0.3360104898498589,-0.32261827089386713,0.7528329690872863,-0.8084704036016371,1.2968719400110575,-0.31345694036641486,-0.3617531178471291,-2.0198411253421362,-3.2368997998190805,-0.4383569826784154,-1.6671427849114984,-1.1321081853824526,-0.2974664179795063,1.1132217765189376,-0.26513549589827784,-0.3190331728187259,-0.5851193351187178,0.2528319443451025,2.388578453330604,0.5052863263883361,-1.1905768011801867,0.2541794083868914,-0.8081843995023595,0.883599981212612,-0.10422535303278807,0.3973920509565655,0.9444363149938924,1.9872284282261756,-0.6694020511383292,-2.0773690179248696,-1.6876606561208694,-0.3981345018444867,0.5038514556601187,-0.17873037857529878,-0.025531018394925886,-1.2929895422559077,0.18865811132777535,0.2846319778721146,-1.9807812838070313,1.9828299305476156,0.8041110710235948,0.24965087947297845,2.1724198899478315,-0.5048731609952641,0.28776464712682337,-1.5183772766879353,1.7334783518392014,0.6656385258864521,-0.7003447312550443,-0.6252749356212692,0.9679589947039101,1.5507969565566149,-0.563742782529734,0.7894574555717131,-0.9199295390519356,0.599173019279666,0.036669774791995256,-1.655429589289647,-0.5184470755658824,0.833780183677275,0.4758958430038838,-1.2158861529902798,-1.0555966399375987,-1.6967397166784894,-0.8208017889405373,0.18171331153383777,0.7479396691290052,-1.721660130379279,0.1358398913722197,-1.1152107452823201,0.0037127182426709916,1.823521560063128,-1.214387306652513,0.015252271250827669,-2.958574467637372,0.5451259771261966,-0.45995534787096903,1.173903243559279,-0.19852734678413586,0.5246348532446315,1.9160355615694835,0.625359268341854,0.6873129919556662,1.202688716866876,0.377422125613578,-0.7551228313881964,-2.541400762508866,-0.6215774756712669,0.6490114580673573,-0.42803634552329795,-0.1865729970470096,-0.2237288260925491,-0.5483976268917078,0.6626325536987775,0.5627039393968438,-0.12001684036982255,0.7065583282561178,0.049852550228205054,0.13599972476098834,-0.3518370354862155,-0.4169197273470538,-0.4737316904803977,-0.13374056533749148,0.5180210632722559,-0.5085189484812518,0.04665213807637741,1.1322850466271306,1.0911996965161006,-1.024273985942861,2.3832375422233394,0.6355289718685827,-0.4895054326769402,-1.8677728171436523,0.8744000136242454,0.4191677196406335,-0.9254334393084317,0.10902845861188169,-1.3998460606814431,-1.3674108552777324,-0.2968341249858981,-0.22292282315160164,1.4927043033277927,0.0033151425333040226,-0.45618168998445824,-0.7333632409451947,0.26818986562045266,0
-2.4975741857267204,0.11118533093532838,1.7275367735032487,1.0015635490412407,2.102647803207401,-0.6979665255896915,0.4601433712526769,-0.16477917488942626,1.2188696369754521,-0.0975705363653579,1.0695739682795262,-0.9748176581116509,-0.14818806072220062,-0.307770510825996,1.2216943229723458,-0.992484342801334,-0.4681671042616876,-0.19262749169594212,-1.8764816412441143,-0.3030339363444389,0.0856907001941139,1.5592960251992076,-0.32121914346629665,-0.1385189398385601,-0.5697790329380331,-0.4875366153569357,-0.3052778503174508,-0.09974993017582774,0.3233956581182312,0.6038461683140267,-0.39245885189769125,0.20574332809315177,-0.45756654313072487,-0.7328847620783027,1.2044545945434595,0.001012792842935391,-0.5635285352720153,0.26339143433277884,1.0868290720027167,-0.5710425945077114,0.369361532081881,0.5535997312593929,0.17006443766168608,-0.006358047460638869,1.8168141314511799,-0.3400948923440308,-0.06308064923514627,-0.41665505133239816,0.38515991933142674,-1.590332027341473,1.0870667503495866,-1.316113833619069,0.4297390900134971,-0.5834940918330728,1.6116078618750198,0.2926990309528162,-2.3736318960737184,-0.226712934375885,0.43449921154669496,-0.29601661792854417,-1.0199139725206534,-2.6361802489880684,1.9352622390383118,2.658831231741802,-1.041168709485311,0.24822323231072504,-0.46774085672225946,1.0027015973263018,-0.2899283296983485,-0.3068267809135987,-1.3256225722151982,-0.7597536868596987,0.8790336376901834,0.5973794386454491,-0.13226792679565075,1.3695761113643743,-1.265706980489826,-1.143348617733682,-0.1690697470711852,0.9926573795920943,1.6316474282057711,-2.390003007129027,-0.6549234364607968,1.269826128370605,-1.3476380584643426,-2.1812124311034844,-0.28662168533275145,1.1686289123414424,0.20047055954242063,1.240212436813569,1.6798841477075936,1.2137728981100966,1.4482828961076262,-1.5811301755998124,-0.5416444472132559,-0.9509541514245192,-0.3821608348602704,0.9885007063336576,0.83237237523396,-0.23129754215446882,1.2439349903556152,-1.335399259449655,2.2934514200198843,0.766112838437103,1.5720897103028584,-0.41214547283204284,-0.796568462632753,1.4631171886930234,0.15491945125247053,-0.5451217394516021,0.09468810827314264,-0.31882676610100125,0.3119651326392768,1.2824193280530052,0.04388923211816576,-2.0937963855230497,-0.8175716091986995,-0.29605291410966655,-0.1381845997231974,-1.9995411393480311,-0.46464147891678154,-0.08501006722216602,-0.7236021067100694,-0.0354174869981591,1.28778618138118,-0.5488097663324383,-1.748268035392991,2.140921250214624,-0.6064534304788594,-0.2572442117116056,0.03233670712770251,-1.36927392009615,0.24089802791904777,-0.4888653357780756,0.23580427855889152,0.5544122216086679,1.1874811129399798,1.7530564328376224,-0.21298664500197242,-0.5642671198133506,0
-1.2262636539744016,0.55907950792906,0.010479821887083482,-0.1691162107256401,-1.2347884484301623,-0.6718600565005995,0.6083228892068416,0.924171500093319,0.2444551447163554,0.07697017751111888,1.2752701631505166,0.8575766357202234,0.8523669071434209,-0.7847931860486622,2.209736490313391,1.5513169596453944,0.4245405592600584,-0.6501450605517971,-0.9134817206244019,0.4346165928066789,0.26670893461086725,-0.2352600478601041,-1.0509692183456922,0.35885995259310677,-0.16413390379499102,-1.4855290422295886,0.011139571498988813,0.9381095856888262,0.3539697292512509,-0.3246204576875368,1.7069186298397883,-0.7232696787863552,0.3745771544188305,-0.515990851286356,0.07886473656290648,-0.42355342580591276,1.2721722369662063,0.313191783140937,0.24636405513489168,-0.3755800295310884,-0.1537702380774316,0.711867169184262,0.7289921336712432,0.2508531076496588,0.7296621987252591,1.384145560964068,0.5748357229381279,-1.8462549820027212,0.23318576824006035,1.998807809277805,0.9725235943578547,0.0032826686411295642,0.7429657225635263,-0.29458541363832014,0.5566274686904179,0.7453592295240365,1.4917101312211358,-1.603091686196365,-1.1473503688318532,-0.3971291648562755,0.7225699697951597,1.0019818348554437,0.1023660985497348,-1.9206155019097375,1.2715888582022494,0.40108736632389635,0.4417173383353535,-2.3421198474574454,1.4607220899660702,-0.17596916737255092,1.2152804669805775,0.8008440746487108,-0.6356784448514445,0.41068998891705955,1.1026236080946354,-1.7260041627753095,0.9860956094587562,-1.307725028027784,-0.8727502891673484,-1.1366769232769338,2.28110803646968,0.19731486144312846,-1.9504159450297505,-0.7162185732055641,-0.6948798768171454,0.10326293481896662,-0.7392609905712704,-1.4712338947308132,1.3892577667491304,-0.09079791296869401,-0.17772657873112727,1.6318592203328917,1.899951931555498,-0.0732419518372957,-1.1086532839200267,0.005590717613447413,2.3063019409454646,-0.8697223517449174,-1.0114793011356413,0.23360757309164182,-0.08195114290404303,0.2909190727699547,0.21444753546923312,-0.13295309977749423,-0.5158725362597053,-0.38227512767500654,-1.0880986488214472,-0.23237904543642993,-0.1269514406085406,-0.3278688387670964,0.447118900199584,-0.21512456858193857,0.16272880394944494,-0.025377247248720095,0.08782454640296128,-1.052639043874003,-0.9645107736706267,1.1119398885171632,0.33450725191507424,-1.0332291251947305,-1.7901279507239067,0.8933709766520095,0.6605648172672046,-0.45227896457760125,0.08640648628893158,0.19550165640747372,-0.8997131502179531,0.0018466716845855623,-0.0950557867108746,-0.9570459353430903,0.20339840425641253,0.3005923847394256,-1.0855175268253814,0.8685886269828709,-0.5744816466944882,-0.6736407179234928,0.7422990315817904,0.7040886174451313,-0.8318940799619996,0.4367452369751358,0
0.42796055328078214,-0.3988046005379969,0.5809837278838387,-1.8951142296127268,-0.6155217105386988,0.8621382974533792,-0.47787590807266356,-1.0666128043159615,-2.6757413370120826,1.0246739681883223,-0.692993477972253,-1.5410254541557993,0.36604289695639186,1.5950897727263713,0.07702838981477995,-1.974097578094841,-0.7744924936909854,0.9919001740999662,0.21403373192905198,-1.3269386924455295,2.5418675196003266,-0.5725583205652005,-0.23572754324902925,-0.3261918873824155,0.8798503165148593,-0.2306712418483735,-1.8669799910731217,-1.8592107957304302,-0.589278471690936,0.2036922482949074,-0.5165870699971531,0.6058888078643864,1.4385440568749037,-1.253227710109158,0.20423935771736598,-0.5030042888233299,-0.770867454521222,-0.538960993758439,0.7057851775465638,0.08411638190077719,-0.5192772284224176,1.9085556002922193,-0.3592758133454642,0.34665340519665316,-0.09509711635471733,-1.5359328812063595,-0.3048790394173855,-0.5784090925379667,-0.4370886765169474,2.006237999691367,-0.6212948873221602,0.08812982055562259,0.8190274205958201,-0.7663167894153049,-1.0061204827843602,0.27893144689514987,0.02942369471083436,0.50482695182352,-1.6530009175969322,1.6252696395530266,0.060527322901578015,1.0257368419407786,2.4218799739963477,-0.13866576818215764,-0.874281647128915,-0.37521834706725266,-0.1773569077627093,0.17015663067083503,1.2842993249264083,0.00872161427312893,1.2726532606990641,1.1689552775996703,0.14872069978678656,-1.5595380795644624,0.8935550987773586,0.6963441389963075,-0.22401676388580063,-1.0342960938660173,-0.0650260552384107,0.49443625585702905,-1.214088845163842,-1.1980297648314853,3.111167654271674,-1.1417149224230694,-0.7073696155317053,1.6147676685115218,-0.9701381640933091,-1.032837190424025,0.9368955218744917,-1.8540005652629803,-0.5162851840016353,0.6635933290228028,1.5141866445441796,0.5074108606909302,0.46800300043846227,0.15420833068425396,1.306027625922381,1.302142559758192,0.43909298662160695,0.1768381133305928,-0.9708029972735508,-0.7835057948379858,-1.9182045012765252,-0.1992815697105662,-1.123980382713312,-0.805032753708183,1.1912841714308144,0.8706001612898036,-0.6317470875762516,-0.3983412627132983,2.2232110311197335,-0.8431408414442241,0.7007693666465706,1.5461691611475545,0.23238898297123575,0.4097254867868508,-1.6977381128123556,-0.4067494510496785,0.18233519693769368,1.4432007965809432,-0.5492680947008893,0.14811473714241366,1.248619468616642,1.0783571108941044,0.40881406006335125,-0.6061386717064062,0.5355417750271668,0.15249235873368203,-1.2074502658888986,-0.20666347798894857,0.5525096852529598,1.5127992058671396,-0.7650532986188278,0.8593923970288424,-0.5949631337826202,-0.056956133334118565,-0.40150515572929707,1.9371086075829926,0.6486721486124466,0.8034595095596015,0
-0.7029199244502659,0.5311384941803415,-1.1935948384091348,-2.534499232682212,-0.4493861427544221,1.356660363281587,-0.41015109361124263,0.6662674670458866,2.6270981940024165,-0.08695657493893336,1.772489342380647,-2.1071094730224056,-0.5858243871386947,0.49492273706172923,-0.133994328605119,0.5579485629961247,-0.98663150189189,2.0599789927897056,1.5408697421873008,0.6811332625118701,-1.0042930603234128,0.01852220552599344,1.0583338905907695,-0.5790723422905129,1.5261069824356575,0.411629815268406,-0.15321594017466303,0.9695343219394563,-0.8051218677848133,-0.304709838010463,-0.5507585748965871,-1.610657977670876,-2.0802683231175645,-0.8926680545369561,-0.729445871231227,0.6584694923399574,-0.3638638119413703,0.6377704465649809,-1.6244599435336566,0.33392706657758464,-1.4603264571617844,-0.4911656199812858,0.9594829307140329,-0.33373497959236154,-1.0609626302498818,1.249821640091085,0.8964421239370935,1.4544679898744404,-1.2444827702350758,-1.7859793339975425,1.510758329383278,-1.2954112535631237,-0.008073888345873128,-0.1176190041132176,-0.660762950494535,-1.2289477602957477,-0.36450192390152475,0.9269839663148421,-0.5730131366757379,-1.230650605172849,0.08865883082425546,-2.018395333328,0.2995064998436095,0.6101520255356014,-0.4595522036427584,0.8092863799871309,-0.07898676242941642,-0.2689809485793378,-1.0325001045253013,0.9539934211253105,-0.47676365100282503,-0.26171570875073613,0.6737891792014145,-0.844313291334115,-0.7588950461215381,0.013531326149864794,-1.603744032388398,0.3742942877125103,-0.0326384123537584,-1.668491277163866,-2.15820398096377,-0.5503316714257882,-0.4043349897236685,1.2495267686642983,2.103703153069103,-0.8472464577094508,-0.8533480756977433,1.4285457192887623,0.37599661253988237,3.5486823975964072,-0.21464521328472752,0.9845504969738152,2.3570168370267273,-1.2295681061931638,-0.9627547000083324,0.42017707968593365,-0.04671875243396621,0.1565008427895788,-0.7634133903808885,-0.0321589201533704,-0.3655877601647103,0.5389869632831525,0.9381212230608752,-1.5031257861715475,1.267361217497383,0.028119438711816734,0.9482755943781451,-0.17468926980879168,1.0878595719221902,0.8755130884758273,0.41253804101868013,0.04460144668269284,0.5186369619027824,1.9310126995001982,1.1058318023873974,0.6576816004731262,-0.5511727595382822,-0.6210775388410809,-0.7424095142801661,-1.2345418909185926,0.8454132585127764,0.1357084436379778,0.35187997826731904,-1.6197612035350653,-0.7567452331838852,-0.12644415155488348,-1.1816592303527655,-1.167000167475401,-0.9615731468117881,0.5082305664389787,-2.5264743345653806,-0.1688697707245168,1.52003444151267,1.0619465183832983,1.1244758090679752,-0.34875314303846067,1.9476586716176383,-0.5700509671526571,0.4511079626102366,0.5275843507201375,0
-1.0969137435583285,-1.966226299461714,0.8815441156537523,-0.9221647757623296,-0.0924941814704472,0.3990873925879329,-0.022225780650540112,0.6768824186388153,0.46616584698755326,0.5397588129057589,0.37325796305669645,-1.4548381572285698,0.027107450611175553,0.4795589892676389,2.2927221633033814,0.40528104778722257,-0.17551302597795376,0.6712861218352516,-0.6764608243304332,1.4162204665155353,-0.08501808552065655,-0.23236230261312849,-1.4388761280277356,-0.46744824468949464,-0.0823368314834354,1.7271340155776744,-0.39979973073314556,-0.074989395812173,0.6956882681342361,-0.8308384892461423,-0.48011618695354014,1.293537954194974,-1.5095961312093402,-0.6910324690697723,0.3673305803167548,0.3935831526885313,2.63196134346774,0.1675275280117785,-0.5956583478534899,-0.4256368922322262,1.128454619197915,-0.6844968802134702,-0.1938141064280804,0.9167125277698747,-0.30693676666224057,0.5930071900593038,-1.5257207488245743,-0.999885000682736,-0.5501469352333398,-1.4371130636781535,-1.1285906306163747,-0.6448486924352693,2.1180004867111113,0.3955714970423685,0.8262907397242922,0.6767367412154035,-2.2743946963232102,0.1273094620913782,-0.5226823939298489,-1.582056401026928,0.45555154685547455,-1.8381627091180917,-0.016351231694402696,-0.30288704076987755,-0.8860270887437021,0.9633204364125882,-0.19211200568725137,0.2241135734604701,0.6783567018194764,0.8155742085568288,0.11314745834106753,-0.8982671811237183,-0.09894373341733642,0.75846261710708,-0.6106037779949843,0.46666367707483836,-0.6446825166139281,0.8157936050465969,-0.08315357895831138,-1.0594029557209954,2.605768812854697,0.13890383327425299,-2.5136663384687314,-0.9254309431677502,1.3624802224031478,0.8295838544350381,1.2168461143605698,-0.3401143587531476,0.7965013729865953,-0.2723413317786016,0.3505378883200303,-1.288378273612342,-0.26825246962715604,-2.5588133734285567,-0.11041052427420922,-0.868649993287873,0.19594251896631582,-1.1132662175334092,-0.09279196914295669,3.1250312650489844,-0.18955773452972371,-0.608767466183874,0.11143509084483784,-3.0290710067965594,-0.39585762754669174,-0.06538226979984464,0.1959000923041028,1.0603071980766803,0.3945845148266895,-1.1472885543296134,-1.8822622596204466,1.0044645785579631,-0.61305787054353,0.2896928527945969,1.5022600292313548,0.27519660730031287,-1.549896342412836,0.3266977539190194,-0.24545064455855248,-1.4021159899472908,0.9672821070356521,0.3456975189154404,1.9082637234120003,0.0327289459195235,-0.7142870380687297,0.35563506400930184,-0.28615155530105,1.2916149460927193,0.10197671893359284,-0.651424992631644,0.20141301934016226,0.3162023292593599,0.22381788752811518,-0.28368116462242643,0.09335191134049434,-0.5649246097484799,0.2448749012662327,-0.921616406860848,-0.7816751420304795,1.9636810958621886,1
-0.5211920393557211,0.39711936718750923,-1.6244079002924445,-0.34572783159538406,0.8897407460013428,0.3903181709581495,-1.6390315757370635,-0.6458614325610462,0.9381738940503459,-1.1487668255352679,0.5008682366423289,0.25071568026335017,-1.639696735039285,0.7119152449658995,0.7712942969323355,-0.09025491634416882,0.26845604309649695,-0.7302838683519803,-0.2595929627845823,0.20803571919472594,1.036940718748204,0.45839618289282336,-0.39906559387309537,-0.3205488525339344,0.12253926590740906,-0.23287237184975748,-0.018804250268212027,-2.6530378148920954,-0.8731599392471293,1.7343665751370785,0.4390215149212864,0.5205057541354782,0.452298659367544,0.35819664650151195,0.14689937593219168,1.1851005417644407,0.5117777565492567,-1.7293242912266407,-0.6964658909921297,-0.5952602757145549,2.365120858518148,0.11829184593256976,1.364408401258493,-0.21831169626242208,0.34046178077216505,0.05996859298597858,-0.5191621107583597,-0.9121754648305732,-0.0013871679152469916,-0.7807445985392016,0.1449517499473653,-0.4314991542652115,0.8270639369210868,-0.8111178572669209,-0.10290196514922736,-0.29014908605934897,-0.36219702689591665,0.8027286822678444,-1.7402435127947478,-1.8836985251970821,-0.3218623227391268,1.9328169751292736,0.3548776149117807,1.4568663774177932,1.0720217583237615,-1.4056557341555895,-0.01668563560673307,-0.8769386863301701,-1.0369768769226553,-1.6920462689619098,-0.929580935297372,0.47967317118163505,0.6422452536089358,0.350174706634459,-0.8790371136807885,-0.4441199921709531,-1.0211557723569773,1.3491850523175877,0.6363509074521564,-1.5653569776566734,0.2809611766795389,-1.0756201362785671,0.3801562458038934,0.7537164410218334,-2.9227158644950118,2.2370607712284465,1.107668385545214,-0.7760194023973318,-0.043608674730858124,0.7407161608373214,-2.0150871243597823,0.4130636037351415,0.4736157157480165,0.8903027659690511,-0.9348855826603492,0.2974518022780548,0.963889541187167,-0.9491295491827243,0.6406338525487513,-0.9582141131807096,-0.5405896660535469,-1.7378289547048074,-2.441762803443338,0.8358204479453061,1.0751383789395998,0.41387836008741713,-1.0443589133762416,0.7835914599312516,0.23728997427190054,0.5110301010260137,0.41469533285294363,-0.6558726696696502,0.0981357237263756,-0.36634695759589814,0.13361557232520826,0.7577469036113476,-0.6029840105112421,0.7379195925492376,0.05405309250681578,-0.142343919483703,-0.1378999915110028,0.7447039650785225,-0.17635833497888695,-0.11151838005180865,1.609203901568548,0.8326763917894904,1.1859826962614048,1.6407654537304497,0.2524050373868527,2.3628511266730996,0.4873967216299872,-1.319855248657763,-0.5217676694034319,-1.604830189772214,1.165788418325991,0.21951607823885158,-0.49323649166844047,0.18015980632819248,-0.18338571828160066,-0.8708425829840982,0
2.1937662783047744,0.1507263827503201,0.08763059111563967,-0.09767072743252331,-1.1680782793603706,-1.737549036118919,1.2633022301828847,-0.4629436451242079,-2.2262321056780774,-1.4715922128652459,0.5960007031269067,0.6937547560226873,-0.4584094163286195,1.1295643434543507,-1.399660137823388,1.6014582067749805,-1.6623672425969425,0.5372799801820579,0.24512470087186922,0.8242428422963843,-1.76307399789932,-0.27429832756697514,1.0488142143992485,-1.0883522821078664,1.4337080936327447,-1.9923972155508853,-1.7072843542193878,-0.8659470558736018,0.6385905162153671,1.409438795127513,-0.6746394298530681,0.22167680923717117,1.252329775833563,0.610662583568708,2.132438561872279,-0.6438679508991061,1.2815145694335515,-0.7570614057149967,0.350676577447018,0.08121583395291374,0.3547757783669673,-1.1090475801590671,-0.54260188864151,-0.9399451032385987,-0.6351860049763483,-0.09441929646128061,-0.9928233134957191,-0.7358089904797113,0.5841310070192289,0.3224380154205373,1.704116719846229,0.14382986624510516,1.7560424864616393,-1.512260670905885,-1.871167746948035,-0.3658372975936012,-0.45307409724097375,-0.7677770540415755,-0.42545851772422094,0.739548627620022,-0.435315362631736,0.6920264106526336,1.2408251102667696,0.7553554716000486,-0.213401798272051,-0.42773109732873327,1.3047014135088646,1.6671863069764588,0.31138631505139563,0.8068864380470936,0.6201874809520367,-0.6506846378162655,0.11838384526088408,0.36028672419966723,1.3713397767863595,-0.15158708259838238,-1.179124597727414,-0.14661920418057298,-0.18421688381318857,-0.750899771483153,1.013874257298417,1.0921455059913823,-2.498272411011844,1.2747253536515688,0.3009212108630919,0.10557775939736713,0.5021230387571353,-1.7433706166203842,-0.4758382008107398,0.6831428943976661,0.5397367984964622,-0.3399807386395143,0.05487222480982431,0.13716372776541397,0.39923507941964886,2.1768855870920594,-1.50046043446519,-0.8430881890481517,0.0061809400791933535,0.4676210781244569,0.04424975344006466,-0.9660779790317892,0.4826802187680036,0.32929866160989857,0.24276173556982875,-0.5692008860070784,0.4770234785533148,1.1885919874089346,0.840839207210057,-1.135502030729328,-0.9608903961165252,0.7450044701668874,-0.6036562802210537,-1.24118660350643,-0.5838480417129185,-0.6852655234278724,-0.2711937079665324,-0.189289242457561,-1.7772929367198091,0.232177175965786,0.4763499213004044,0.1438134947846858,0.5619512429440086,0.5293851172120223,-1.2419413878955363,-0.022292865281298223,0.31584209695194726,0.30607312276871634,1.412370121136493,0.40835790255044224,0.06877313779516665,0.8624291103674773,0.9098964948825475,0.06432522064761516,1.3158648354130307,0.18293586639276987,-0.509792830570506,0.9312453318349603,-0.7078029311992717,1.4534969561205417,0
-0.47385860016507475,-0.9928231598908296,-0.7645412884906647,0.7791785974757641,-0.647354406153353,-0.7680780444976406,-0.3616351472438493,-2.6519957826537977,1.2548601508694133,-1.4489858036650085,1.1410617496762998,1.1729760061225663,0.5921206011357959,0.028148775402338684,-0.08216240454252097,1.6279843465002182,2.2827771504457255,-1.945123870046875,0.7279215072057563,-0.28866715211712224,2.193829002892346,0.26834372281819857,-0.7116232510157702,-0.8606517380246118,-0.0579187010413777,-2.139881940128607,-1.1520129533855998,-1.4462438078024815,-2.637297677760047,0.6421808703121882,0.731372203669226,0.910405484863302,-1.0665723735905497,0.47311645155360527,-0.023840007129035508,-1.0409006909253133,-0.4021111295263184,-1.3375083714501919,-1.7603636672763103,-0.8502723853370892,-0.6218085696041514,0.8363810565689859,-0.7020487641528229,1.0133833365606568,1.1424754143033293,0.17073322755475426,-0.4519548357219209,-1.0086512154664378,-0.8779435044064773,0.6801102366594534,0.8322689151121733,-0.33809104486309927,0.16208053935839303,-1.5093576089025558,-0.553353025185267,0.38237417668332957,-0.6541332623938696,-1.2290423208159456,-0.9019234841222922,-1.4554805286887893,-1.054532235797325,0.8039299168419357,1.4193402468377176,1.6918026570495834,-0.20258424446890658,-0.12419667363491044,0.7594422619895289,-1.2619887314427554,-0.8049539135876985,-0.6882222448641798,1.3661588486695415,-0.4955091281003124,1.2068594212317225,-0.6993763758133293,-1.058287000862318,1.6996906746844158,0.1902835261421166,-0.6971565479592501,-1.7117953153080758,-0.5829377600887614,1.8332099050535802,-0.3665289710062478,-2.531045168340391,-0.4128010679131669,0.7987488888626483,-0.27774757302337566,0.561477216408428,0.4074219427542443,-0.25804056689007165,-0.7553727240266218,-0.5384647906076502,-0.4772325415373985,-1.5899140878402813,0.4749953460357402,-0.6895647864952229,1.1152952432765442,1.288430315369914,-0.4167046093502583,-0.036433085139623005,-0.5388112671149939,-1.5384322127590053,-0.5828707598270517,-0.0030939757352997236,0.5513420698101469,1.8079191132925014,-0.623992807709427,-0.8666911398986585,0.8887679923737388,-2.751089654929662,-1.0011021282696084,1.1207039923311197,-0.9505544544204654,-0.5416803709322754,-0.0092679211453858,0.6760125331201446,-0.04607569911713214,-0.058812981627635486,-0.3481498110494856,-0.2813497566193553,-0.8431372335044398,-1.0399520409393745,1.2545826083812497,-0.6719032884516043,-0.215785849490504,0.9598212837016392,-2.072072821628982,-1.5029652878489852,-0.03633122534162146,-0.003298892667069695,-1.5723292514515623,-1.8475548729824607,-1.5010623345060283,0.2894895481703405,0.7733516526090511,0.18135250016160578,-1.8176421660757118,-1.2838394242616686,-0.21395900719176472,-0.014760420442179194,-0.5894869263848356,1
-0.37481708194546853,0.2916867678151298,2.0122312111470038,1.022151063369612,-0.36836073464544755,-0.17322898073085666,-0.1159366029967428,-0.5755871499524946,1.2703675577976865,1.2438568372186465,0.21695210556716482,1.5093980732716328,-0.5553011310985337,0.5096126531969305,1.2501106486284377,0.6026039035787566,1.6575060900538428,0.5256603457095744,-0.1777935445604668,-1.1182533017511131,-0.4451194142678063,0.85875472880535,1.014034617720715,-2.0151452474209735,-0.5543381421510509,0.4639021427199917,0.1903440734051558,-0.7684182878916767,1.5126128666691847,0.8952846121370817,2.192964795339368,-0.35106502329005984,-1.5660943147019806,0.14222509553913926,2.0131820192820298,0.18917178716272326,0.6023104803785017,0.4834188606006177,-1.310363672974406,-0.9543681186353713,-0.5623207041678788,-0.2730123163229654,0.9874844053726649,-0.7672739000192973,-2.4502317272147485,-0.8671891563897148,-0.4581102569865484,1.3426047886643115,-0.8168095729584408,-3.3141744328820977,-0.9525867094178307,0.01454551233222483,-2.3428472416389883,0.583105990348988,0.4545982147543951,0.01572790929328064,0.49978750777994885,-0.4665999285840255,-0.6627088224250024,-0.6278815378524134,-0.3228123679700691,2.0131792979348417,-0.7577173350310057,0.7620296918338381,-0.9728556328632204,-0.022521805588483473,-0.07291983587123364,-3.397310147546991,0.11764394437250936,-0.7096671204794505,-1.7431618676115488,0.22461827227717013,1.066502356412613,0.014851786884726064,1.0316880744549801,2.138474591608392,-0.05162478013323401,0.22570620983382805,0.3211601173697428,0.8358884758974348,-0.7185638997175398,1.0518912664032707,1.0664609536963594,0.33861264508824074,1.490401533906612,1.0639484034524824,-1.0817039670546078,0.032061363362220256,0.8326931043660595,1.0656923947441137,-2.5595852833465926,-0.10738431028811832,1.2400063201984128,1.034148444431136,-1.5233489465905974,-0.9241550755177855,0.41206244733630376,-0.11259841673262191,-0.2295869636285936,0.04001169209018658,-0.2399226256361786,-0.3337134432460969,0.5912211179777735,0.7950623551942069,0.08035403785030551,1.3030591899722086,-0.5812237668355793,0.07897747359610907,-0.20234894980033352,-1.4671273601199013,0.5600838608840881,1.1480117416153757,0.8418943657148338,0.25945278014278145,-1.5274758339874817,0.687674686935288,1.8348103353894412,-0.11035449390045025,0.11892338802310784,1.2699811629027,0.09348070197481112,-0.17756921610690488,0.00038766908911250204,0.7938740282320458,0.9239447582228967,-2.131107723446547,0.6761216248939781,0.1568646366572434,-0.7899719990407488,1.4309798069601376,0.6542974033936263,-1.3078788315894663,0.7394640351146933,1.1700182548960196,-0.7731340289340971,0.21599897044131897,-0.08269454643824484,0.016521791399525088,-0.31890459235974206,-0.44206894271950925,0
0.6201496187338652,0.11365998565216107,0.7736002567693177,1.0744117561237032,1.6093584777276846,-0.7601151405162595,1.3081053422182216,0.46105269525869735,0.1863538652978619,0.3277859669462331,-0.1322581407987992,-1.5978645359590606,0.828988960837901,0.5825213614985699,0.3109693689902387,-1.4684840756633928,0.17568463268320708,0.450387681181177,1.8600825101757141,0.3841502280089752,-1.744587893269897,0.5175803875727084,1.1759490341245347,-0.32917827064864624,-1.5418582415146234,1.8746942754692988,0.12148296194095899,-0.5366926175122895,0.798234588921502,-0.9324542642646128,-0.937811645056347,-0.380568868748862,0.23935478840042626,-0.6081317589213631,0.5596548488952751,0.6910951291195698,-0.026362358818762283,-0.19819822069525092,0.846798860364746,0.5955709770951516,-1.0711266440082186,1.222161927235394,0.7709652256087418,-0.5370075849838788,-1.6422360234802476,0.28971928085259735,0.2279351281822061,0.2643452831387911,1.3804418547274224,-0.029058670996290833,0.38651132857909914,0.5626339739884155,-0.4449266088782581,0.7775718612203631,1.3607202513243488,-0.41426399873801023,-1.8259547782518286,-0.7927878167045243,0.06556808054436176,-1.5748274379670504,-0.5217104308663436,0.031834924149558345,0.6416931175589587,0.9837463687555569,0.35173793247822,-0.17095336399958241,-0.40339408555492273,-0.05483962925700369,0.8017700711808663,0.530952649418297,0.028959043511995537,1.3197356564424465,-0.32797202987590923,1.089618769772264,-0.43988180050065856,-1.1093919834407884,0.07514047165768213,-1.8059079727157237,-0.2938500723596332,0.806034733255621,0.7909757577220679,1.3387946037288017,-0.7040418018437178,-1.0683819573011595,0.6552802044392271,-0.7447206260110891,0.21660316852140488,-1.0253459390457027,-0.45433083867991625,-0.49356857800484355,-0.013667479008047457,-0.11424289427649333,0.22180992563354068,0.22360210592781182,0.4729367464269975,-0.33938079957762335,0.48747696576685307,1.0310993019075514,-1.1633171678219567,-0.9957891436055765,0.7058092567509479,0.789635581689355,-0.326294600285234,0.6031745452373631,-0.38291009720603864,-0.020825040397321803,-0.021680174462353114,0.11944896477245852,1.3888027972320927,2.4795301656482507,-1.3673589378774442,-0.5670212698147175,-0.6941404836222642,1.3787854131289863,1.189730363205,0.8909343986039545,-0.3937817760616893,0.21264303907673712,-1.5882811962410472,0.7304954484108658,0.3911155264516613,-0.4631685679274582,0.7803736345035823,-0.20016824473789918,-1.8494843456335437,1.2779150413051927,1.7334801073546062,-1.3660434603729068,0.2670481835484034,1.4909665241305392,-1.3224496085629294,-2.1212770973306636,-0.23650790570832247,0.08902839982173472,1.2875139324049738,2.2830246007947212,0.6744573280782648,-1.7472854545416734,0.4527303337236682,-0.14096365671390212,0
0.957173313702671,-1.890448604438206,0.9262284199980726,1.582671421531288,0.22099281363127793,1.1680272940400507,0.7844151563103101,-2.1608840689842626,0.16311573319940548,0.33719848361364585,-1.0629904133896853,0.31483367492082953,-1.6445306447694457,0.023186087833330597,0.4456228262401382,2.4427317495300733,-0.9037235449752146,0.7398226825895357,-1.2175171208755287,1.1486104009617237,-0.051421444652756915,0.5725129340046095,-0.905336648278961,0.538357377228015,-0.5909912381015352,-0.1263986610708775,-1.11053846594393,-0.3547136084496648,0.2748208925585545,-0.01812909233250527,1.2370987057064764,-0.5769389774949529,1.5969991344628385,-0.3411667339285114,1.6317246089411213,0.3321060627978012,2.0647674279917543,0.1587720766858582,-1.563820235373445,-0.2375929687850984,-0.006950341844306646,1.630336599913425,-1.760661515479984,-0.9038228711707367,0.21937932945568295,0.3142403217752681,1.2505335752473117,-1.9644114045552628,-0.7137360849493614,0.8432724210340965,-0.06220011615396654,0.708902847044545,-0.1306088776100313,1.0372468093358045,-0.6617417408982565,-0.25052328127503054,-0.05432428150821989,-0.7248577378914278,0.11579689820946977,-0.4363378567474843,0.3157218476118877,0.2650738256490666,-0.7438305863030666,0.5498263512004301,0.2434342649703479,-0.589436211831866,0.8758150579092053,0.1141224136425355,1.0731741187176382,1.4188603788197263,-1.0952776325950309,1.6859811037574852,0.5518541010289354,0.3103631622589199,-0.686015911850683,0.3396196059085065,-2.2206609986936767,-1.1028281230396322,-1.8623710656868424,-0.13895651270201795,1.3586406637458603,0.26026957307879417,0.592909614405368,-0.23206255927935437,0.011411350966637125,-1.7929512940286547,1.0532641973620689,0.5103128776452726,0.782851513667835,0.3443308721618613,-0.4585385140951824,0.5128691113455154,-0.29734786340770214,-0.081619823885595,1.1341236475422958,1.0087016087307754,-0.47758772140450406,0.3769627252887456,1.0771646274662916,-1.4729272721870734,0.11476319330437805,0.1161170099254219,-1.6862090538758536,-0.96056804581942,-1.224689937585733,-0.12886459819884533,0.21376777884944514,-1.4177740556187828,-0.7161135355388495,-0.19144945396532237,1.8383842461831705,-0.5643585934844173,-0.05717600267544413,0.3168417512596188,1.7371260561226367,0.15397909808188803,1.7811896957947466,-1.5115436184304907,0.7230564888202243,-0.8069252137430297,-0.24869675422330537,-0.4445933163209766,-1.0711764864719757,1.1003746521381332,-0.9930393393161372,-0.6525262131024498,-0.2355784629623156,-0.6747485346531212,0.29147313584224394,-1.8896235446225986,-0.9050879188177404,-0.76032509720063,-0.8667355379893205,1.374574740775381,-0.4368999988471776,-0.48808313659193575,0.17608745653275193,1.017950343579973,-0.648227501979685,0.2527774312322607,1
-1.2806175189127478,0.3199777466440691,-0.040962809501355786,-1.053210382780842,-1.7219011783075657,1.1932008798620999,0.9134133483865788,0.5280740417149451,1.293360656829869,0.5369066887311484,-0.9380585305348964,0.19886817976449928,1.524080388646182,-0.5397434315588582,-0.299807471058104,0.3833952549442461,1.5133547892383143,0.6731118529030502,-0.854454418991009,0.10703477113316606,0.10280771778150924,0.6511599435952469,-1.376787331490351,-1.3468900264972026,-0.10769500584058385,-0.0200474433089332,-0.8487325900302578,0.07295830586953765,0.02372167741918775,1.834389920130172,-0.396341374518585,-1.1650169193549693,1.4566495008880462,-0.5510560735390484,0.41842306112933375,1.129368141771923,1.6898578646575753,0.15298457606179267,-1.1661395659613043,0.41039256080063563,-0.11875737816915198,-1.059653066172424,0.9550157749018758,0.8584531597142097,1.3678365658274287,0.2162366095092257,-1.6557075689574827,1.8739422559724908,-1.4063261482230893,-0.8914657095632703,-0.524110492665658,0.5988917945110054,-0.30064096537346097,0.6265143558000588,-1.127257272303948,-0.23601368019165184,0.9047834443645479,1.1193525907425594,0.7992011380910832,0.46178006577071073,-0.6565740282517263,-0.8045461935228403,0.7690822304309715,0.08525955838414864,-0.886383812267462,0.8882391578787484,-0.5844679310644331,1.4008327192204588,-0.4859514854547102,-0.6544359448711757,-0.5889558363863914,-0.3070197475905039,0.6134445561261169,-0.13544998647226142,1.620847055748016,-0.08516900329156887,-1.0332246893031762,0.21782866051363178,2.0270896018630666,-0.013748771805465751,-1.7327368209522844,-0.8627649191425947,0.32861317325139416,-1.8882859586403506,1.6195985763300047,-0.408072909455267,-2.9003344511042237,2.4599076876576857,1.4716673411659071,-0.5909398875662809,-0.8954975492358962,-0.0943524544593521,1.6440487677212,0.013695426033598527,-1.4188940555899092,1.2950739812443066,0.5003403896279348,-1.3908852988562816,-0.6928952403206919,-0.17108921804038468,-0.1564978408433412,0.9244947126505083,1.1000614570582674,0.37667064450681526,1.0853552472143981,0.46835489036165395,-1.0114267095250322,0.04626066250918836,-0.5180034576122742,1.1558109404461478,-0.6878394251017494,0.34361667803057633,-0.6350562164010438,-1.621024930353131,0.08758004439449056,0.2980689639112556,1.0262485314303957,0.7140970108869065,-1.2196625043823233,-0.025437837970711925,-1.0677233052228097,-0.8147937177389967,0.2961856877561545,0.5146288346124819,-1.5761977109775696,0.3233351140873784,0.2989372677695197,-1.1267209797989268,-0.13596730578735805,-1.0680270718512703,-1.8316344245277918,1.0341109484798439,0.9042938452111707,-0.17705753254165696,0.4440337186328346,-1.1206445908285791,0.8598528558104229,0.17261742898679783,-1.2447295832790877,0.31313299466403455,0
0.3759719044803532,-0.5049795060721959,-1.5190235462755506,-0.48639556507725495,1.1314971967707792,0.6912876845422923,0.31611585126866737,-0.692294787174939,-0.5782488862135623,-0.9083781249164731,0.1707005375339652,0.21757043345975202,1.1354333257295652,-1.4923566415985345,-0.22363613572555424,-0.6665872135031295,0.04803628304124362,0.6665654743601159,-0.6828819641312494,0.7172534476099728,0.5752000153900334,-0.3132043640285682,0.9438485505873222,0.4870665747627714,-0.6839825373724044,-0.7557500942419917,0.8594087825938231,-0.5475537109820959,0.6650348126360474,-1.105085906632332,0.995861763573889,-1.5873694337146573,-1.5888833754475666,-0.47166879460694083,1.2645089827442983,1.0589607765647369,0.6871225232359742,0.5476807666835867,-0.7143291430413887,-1.4713271886131545,1.3254362358413432,1.1429445006491648,-0.9731953465472204,0.20422170614924423,-0.19456942305125002,-1.0235361063206105,-1.4111423072356395,0.27626400531743156,-0.16195953951842143,-0.4527220136191888,-0.1047386925597453,-0.07149675029509418,0.31790290277913963,1.2192997912683239,0.934332618372185,0.7941048359676612,-0.4637135490077378,-0.7024448268603616,-0.6792087773918655,0.8835389287533907,0.7664647917044581,-1.7088953939736067,1.0000928572762902,0.26043352360283273,0.021191701716070044,1.103797924859372,0.2781378629579834,-0.8875585983181612,-0.7569801624398952,0.2217977798208382,0.18189136064358136,0.6162249038718165,2.307654587377991,1.2544084296308817,-0.8932601207772374,0.06223969255493235,-0.29046806475298637,0.2653346167476204,-0.9951896663377198,-1.4404613769573564,-1.3493430498436707,-2.474956744564243,-0.7335515260902632,2.1193607831672345,-0.4628739793836515,0.30300489389629226,-1.093477475724014,-0.8060436792631193,-0.9995699149761906,-0.6238189796355951,-0.025443388044760852,1.09282759446559,1.3606145108152004,0.6632797624930172,0.7354951074044149,-0.3832536427212855,2.07636517756502,-0.7615290229483855,-0.06606696882070416,-0.4015405636038819,1.0050221191912785,-0.44287174596856843,0.1674595878665465,0.9370073685277894,-1.0639986869883904,0.6039285450324016,0.3435953399515169,-0.8134705319626132,-0.5616849184066378,-0.11544415425344115,0.21418737418391984,1.4389213234997489,1.7962005758145398,-0.7482276561006268,2.553533868370908,-0.4566895411835822,1.8345299366073762,1.4372251849643203,-1.0067698747147513,-1.405473329933199,0.12040180001895763,0.9050898268565416,0.027169489445466943,0.04517278372483909,0.4441426245598338,-1.5620330217613008,0.11323234758647698,-0.8083574656800662,-0.36644300090065585,-1.2771008405466977,-1.310513592767397,0.3253167857052066,-0.13502903801045837,1.6443072432688455,-0.38069724772284325,0.7485394807313872,1.180717548017175,0.1790449802943555,0.2448570315861664,1.2298736820893417,1
1.332392785466334,0.6046915434013939,1.3946901342848623,0.19743759130578178,-1.0843106941963119,0.31630523189939064,-0.6658485144468032,1.2518825668440723,-0.2693203499031464,0.9001877212373337,-0.80229153639394,-1.0460645239005468,-0.21276941536918006,-1.3108919853473924,0.7868163802433819,1.2191211349350441,0.5840294927429441,1.3984994773274582,0.6901131139156181,-0.4156193574506371,0.1120948313437027,0.12960974317279925,1.189443219395425,0.08732983628113011,-1.0895105574606982,-1.3303388845905684,-0.18425642424026256,0.057747912461046505,-1.3310777657357273,1.120123350300449,-0.19661644370212747,0.8954036708614231,-0.8482082161745598,0.927361704416788,-1.0164625030048982,-0.5518315929996673,-0.4166720511868031,-0.27523095013232235,1.0851030707208893,0.3730413916452484,-0.9873276673721906,-1.0776280136358802,0.1579766795836897,-0.2383678629171406,0.20519477992813967,-1.6464983545589196,2.2323496764113115,-1.7081939963258561,-0.2137145380966253,-0.7361294421891765,-1.2337325120620155,0.6267699462672388,-0.20110040818573102,-1.1529701237724261,-0.45671065813393735,0.6595074824872434,0.9775840086507377,1.5784287524344665,0.32958931171351846,-0.5082285872774621,-0.6301860685510928,0.5128478593958218,1.320199854369248,-1.9740992937648725,-0.019102657053795043,-1.2665431622236865,0.07491826059078233,1.7224455450095886,-1.7754228651353003,-1.659944764982515,1.5208568161622005,0.3277907215480305,-0.018762876677477145,0.9072122756551054,1.7575347998888164,0.2723316337969426,-0.010691827497160935,-1.8863763582420483,-0.8913875471259057,-1.8567219649967313,0.031585512061688956,1.4191349179883581,-0.4181925628069544,0.4553309993130506,0.8751204108403796,0.3952518410618303,-0.08879587730145576,-1.3616556617897368,0.7142571906913574,1.1940399974236602,0.027641356477752992,-0.33690000523331914,0.8133570970103295,0.34676448970660384,1.6150498098038086,-0.45592634104533764,0.7491369488269496,0.4230498318376219,0.04887079994360129,-0.5921057973809716,0.7557393943260391,1.5976706480491911,-1.9964784364493842,0.16111308511628594,0.5865484123520658,-0.8459396896381953,0.44576425970017863,0.35977800367085494,0.7248791973969972,-0.33971165374531487,-1.3184808883991677,0.026663650285304142,1.3022380967423235,0.884509995705051,-1.3110835616926095,-0.16242986265338588,-0.10987345242793012,0.5923292388455932,-0.10135021979361561,-0.16651790976373687,-0.5816150745546842,2.4187753820202893,-1.773788631845799,0.028895865124939957,0.130588806656044,0.6506731790665274,-0.4027355948254891,-0.4313724701600428,0.532507369499645,-0.3696280877300588,-0.6715624605015749,1.1066458867001794,-1.0207749968648823,-0.7152694771685822,0.35435410500284575,0.7330632579685215,-0.23927770814831897,0.46987033247729,0.20606970956833037,-0.2900399463985459,0
-0.9762003558091423,0.9873975636205755,-0.9903981827723952,2.683111537647832,-0.5194340993356308,1.6022365716220297,1.0931357502148302,-0.2911857640335722,1.0335494966305458,0.9756077143264729,-0.33440138685473153,-1.7182608305077025,-1.5113418030211347,0.5934260814234857,-0.019258066590248438,0.1843104857818612,1.0054504071846027,-0.3744783608034453,0.7500736341188079,-0.6260782492552076,0.09170620912183172,0.18428040802485784,-1.067667111514443,-0.006448662753124756,0.8537933042072905,0.5113777886433198,1.4556741751499764,-0.46794397424606515,1.5116864914752526,0.21943544056762268,-0.47617320254904305,0.1634848796453668,-0.7177100157861424,0.31100250736288554,-1.6418195088461638,1.2409275056170324,-0.6432656374507806,0.036244368249927064,1.1994231914530393,-0.6275804757743085,0.6766307307925776,1.1574901487914488,0.14155496457650854,0.39102913059352873,1.3067868057067018,-1.1556266224436638,1.1954862251405207,-1.6446267073810104,-0.5203104855647183,1.9818012524231536,0.9659881930240528,0.016734718427604992,2.058448621710895,-1.0991027785016514,0.5263663714918627,-0.1031013345453785,0.02325112933955993,0.7533740668487223,0.6420220162567531,0.107147301037188,0.7561078249163983,1.3770482126147312,0.3437322018382465,0.8221877230520596,0.21992646931268073,-0.47549529024989834,0.050232776381228125,0.6894852664256368,-1.7583243779075233,0.3065457912284993,0.6937014822486418,0.09907630857592291,-0.9576490893726232,0.7107196843862261,-0.6376839074769385,1.7052026236616473,1.0604756872537482,0.2543346467237822,-0.2654582552342954,-1.4542005191678253,1.8225601820771264,-0.5935922625940898,1.6572896641856676,-2.208116228644202,-0.07095014594366576,-0.572205218332274,-0.976524757266416,0.3238294065832886,1.6349920309463268,-0.39827490635834073,0.22210971092353132,-0.7595409339175956,-0.911954210863657,-2.158695801424927,-0.6857764664707398,-0.2301257943351973,-1.4343289298004271,1.8792097211463705,0.4968113434759339,0.7270956324541787,-1.4803040448386569,0.4484897786049518,1.529700801211414,-0.08035214125982233,0.3460750109809236,-0.25156031688828967,0.44214881879023055,0.00827069711778305,-0.28236768962646436,0.4042751469269224,-0.0067250226830775275,0.33704848669331533,-0.07121530347873778,1.089668040184491,1.887048953870351,0.26239019088238896,0.5256902112754328,-0.40466772382452465,0.6435872528721137,-1.5597104703861513,0.5273882268037883,-0.9236089658442138,1.369778172461086,0.8357574362268518,-0.13871804667865975,0.618014033418791,1.9086017536558477,-0.09353501303846519,0.3318409751908019,0.49806249087034754,0.5742891156904358,-0.3098231906070889,0.8438650451290568,0.0164941856431896,0.1888478628091137,-0.5568995758880204,1.0676877695562856,-0.8785927009223374,-1.4690046617404213,-2.0823939420808033,0
0.8130285905293612,-0.48444760926316455,-0.6035124872957828,0.028877925778243912,-1.2167810504532242,0.36918178540843083,2.269065072946928,0.7245199207211311,0.4046116044539804,0.90222163971659,2.4731136070766566,-0.3911050150250001,-0.3850283442534986,-0.5515091856222202,-1.479160165893375,0.1518695697939809,0.03135460190098017,0.31249540466186854,-1.0314312511133898,-1.8999814947362266,-1.9621539400177992,0.3132160850667616,0.3624809879206561,1.742469282836453,1.1730225343963576,-1.32625350183853,-1.094635819590915,0.5178248048848948,0.035216387257004156,0.9810715810106172,1.3757536940560513,0.3824560883258202,0.06328753781253353,-1.016697224269155,-0.9789099917819021,0.6470630959993681,-1.2273664247950624,-0.37777850453494977,-1.149781854625973,-0.9909836345611981,-0.1815163440997409,-0.2875619179977765,0.5947741526166506,1.2495232276185342,-0.2414506272528837,-1.2096034446457786,-0.3344796988617165,0.956229826555287,-0.9889399705174785,-1.0665964560203962,-1.4324131976083725,1.4036238486846302,-2.2752224469159,-1.0848199176517004,-1.1067548228532647,-0.38136318615836723,-0.6364537736238224,0.13201382012519192,-0.5399689239130321,-0.9970353080986932,-0.46939983742791624,-1.225555683516109,1.0284122939402338,1.3493637003260568,-1.8425266114406849,0.4643846218873988,0.09562690385926992,0.0920026927806777,-0.5082418453484288,-0.7071740810097557,0.9406088352764399,0.959985616475321,0.11415376842727237,-1.5917848229884677,0.06479421530074578,-0.4080642800357763,-0.06371543292533345,0.12619967179794453,-0.11314029985042116,0.9860604833380472,-0.6650856513807218,0.9771591860790889,-0.35088450484858735,0.8046889974106032,0.9028802181383404,0.41856745849313387,-0.5869521178216752,-1.8185173621711896,0.47394859385238136,-0.42532112525586946,0.09462724445362466,0.9715863361096454,-0.6963275052605289,0.1319891291663682,-1.6244742501699738,0.36837945928247,-0.6112801762085869,-2.2932123939796707,0.42634675578209097,2.6277020275957677,-0.03341252415265411,-1.0664549635684093,0.6338834846234462,-0.3760255841820839,0.45053917960848666,-0.9936034292264975,-1.5352652328219698,0.3304696379267577,-0.5710115652407398,-0.6875755545822138,0.9646733325112803,-0.4681125356476493,0.43638702825792713,-0.5608249224336586,1.2034175583878586,1.7484354979178216,0.6794536775240043,-0.9540719491365277,0.8215672944560788,-0.0057824757613824706,0.43584158378873467,-0.3380199081521002,-0.4086622886399976,0.2448412708071674,1.8892178758699476,0.2946441203287521,-0.21659397352756304,-0.6817206595957725,-0.3470295401238854,1.5539521282387332,-0.496361318127254,-0.4183229619046504,-1.1405585186033242,0.7388585646170102,0.5794835893261333,1.3517262734721562,0.7545567715619759,-0.13032967291223194,1.5015667424457078,1.3132621766360622,0
0.13308653841962084,0.39951593437123495,-1.639511955088321,0.29045448628513987,0.10360883726427594,-0.06858400324154058,0.46758890297729,-0.9244499921490495,2.316338599528326,0.7556513201339526,0.7097253323013586,0.7082782502746525,0.9928334934706325,0.12899391573701682,-0.5740280648873713,-1.5542148344776787,1.067718786201495,0.5714706932677337,-1.2312584219360543,-1.298117025768832,-1.8136194594058475,-0.2987136416379073,1.1583205353826176,-1.4703587563371483,0.0813193541932231,-1.5163417762345606,-1.453179031561574,-0.6856700848332512,1.8088544745456496,-0.801885029993382,-1.402765718641083,-0.5447103248394459,-0.5291738417526431,-0.24939352618342472,-0.6680902388264537,-0.5658202384107016,0.4001677026702761,-0.031562563130674764,-1.0012955343611718,0.5762142802978474,2.211116929384609,0.412644808343625,1.1785311652983117,-0.5476959888100899,0.08009048667303606,-1.1118991313059094,-2.3919649001892047,-0.7299613003985023,-0.43324784788220194,-1.1552953586517483,-0.21927222120714557,-1.2351282885263482,1.8824224469123199,-1.2728776258195094,-0.8580112742976871,-0.6371877670262527,0.9266795236278197,0.6954401402961444,0.0327641780615089,-0.6535350870686073,-2.71793002150728,-0.8765725002783515,0.036751453956679295,-0.4114620615786767,1.0991107383282233,0.47447816888520133,-0.690124598187917,0.6713828796508957,-1.4890789114430818,0.27190159186263657,0.9813365990459325,0.569925686616005,-0.5923338152102063,0.7977175322413572,-1.7525982618620155,-1.1583630268765843,-0.9552467237254487,-1.8249424557051885,1.0459027117779873,1.4788137026848103,-0.21476093699469162,1.2141785137292287,-1.018332423257343,-0.44617999010509507,-0.3834474863557125,-1.126158513516433,0.48682921184129346,-0.09121390254042216,-0.4947439325644586,0.08145180826750666,0.8821127872042108,-0.39862706154492583,2.242589715991901,0.6965794108985651,0.30313762974613534,0.07477683367230607,1.871112479351981,0.3212734305960469,-0.11995767037332715,-0.9030619309241198,0.32312022847766425,0.5731680750393738,1.7171334150800583,-0.20537113916059294,0.2331040059834368,-0.2867361702039147,0.5857744822224551,0.6381716300032473,-0.5290875702022878,0.05491785989343866,0.10018614274498008,0.3252053293323823,1.0413371665280482,1.5188183149627525,-1.4330636054732095,0.943146112313056,-0.9430868910869942,0.5705931235342905,0.30678238294280996,-0.6277662701571847,1.531819920777756,-0.4586900239728265,0.982893686293327,0.036142159196086175,-1.63715386649502,-0.12238062026767917,0.6756774358343053,-0.3026747998048462,-0.9280261395379827,0.6035959739553202,-0.2659764307238269,-0.08485693512061109,-1.314329468854256,1.460453127069065,1.5761921991155536,-0.43174688363278174,-0.7092090816296637,2.3963963760536973,0.26668855202275915,-0.8146395359145551,0
0.2599559664711988,0.030174295245810483,1.182334920160485,2.3092954969299746,-0.032848814707099154,0.7055355907074511,-0.44611572888511225,-1.2583637832950327,0.0654794178626283,-1.8651804538132888,2.542053534923131,1.0453064563202816,0.3192685779233132,-1.7742098040803511,0.10412200226662385,-1.415204323608496,0.7773639102684935,1.210345068352628,0.04449274719200368,-1.6369100906251326,-1.5380368354185583,-1.6437760962705832,-0.7995821919007038,-1.1942254531741876,-0.6139292442868387,1.472899898771016,-0.6215291796541204,-0.670670314300962,0.11725117269975964,0.6472493916294708,1.107359738470418,1.8642146772440762,-0.7012771306421154,-0.19109040423691134,-2.005367986477103,-1.1935691605424616,-0.2749992836460007,-0.7450551417038539,-0.8401474229636055,-0.9771757710266071,0.8470061195810713,-1.4388514008858946,1.4913406690386326,-1.1044143106948152,1.535498780958618,-1.3857837791651708,-1.2865812218269337,0.20241288184281941,-0.036523351773808,0.7948788837779285,-0.9613053149529133,-0.3735765967732951,-0.04195992453595574,0.5374073434251283,0.4550586561326819,0.7904062954663851,1.2776633987127555,-0.12325871252746033,1.4754936164473662,-0.1551021703136366,0.12941922637546044,0.361176974450346,0.057688271634607845,0.7360980611725779,0.35162031950500644,-1.4834149233943454,-1.6725808046984147,0.3278819960383369,-0.8698940151961395,0.4692725846371954,-1.6449464451309987,-0.08848852019441804,-0.726779650450578,0.4884542047416472,-1.166658280948811,0.5360692292364114,1.0657243016865368,0.4549119968398894,0.3086130170922352,0.9568127409102876,0.8294185085753175,-1.8611818197040095,1.077532127344254,1.5352464668927148,0.5818217490294026,-1.37868023003922,-1.2368633970439988,-2.2335669847991673,1.0446488461789794,1.2981943993633487,0.4441429509293205,0.790420747422713,-0.3111099567848777,0.5291605382769718,-0.036194016694994946,0.26236824518815777,0.2313199146595235,0.6763107600392354,-0.9091612539702194,-1.2304996297938835,1.4377218696378173,1.0707417060602453,0.6391711880443102,0.07227263430626463,-1.003460203014042,0.4613696158202885,-0.9122681321111408,1.0348378658839443,-1.2570942344879246,0.0003914282918802458,0.6465691264863778,0.4172301041739236,0.9609940545574714,-0.9326554233939307,0.6024502164788149,-0.31929128204556795,0.1456695143352018,-1.8673329514297143,1.0548586899175925,-0.9998981104125514,0.3167220471240355,1.3494864834701654,2.209782681292089,0.7723034587473592,0.5601317028908395,0.8667128767333714,-0.48841308693967017,0.0038823344432748546,0.8626798709561704,-0.21259989107724778,-1.881345768839652,1.239235598784614,0.7111197720592105,-1.1548412900744474,-1.1670878995550673,0.32562745682214805,3.5998117023435463,0.05938761610745997,-0.5679735364795364,-1.8082954436417764,0
0.3590450296950462,0.6757574965974728,-0.34855301384310317,-0.16302624050005005,-0.2999217222708173,-1.000382177341859,-0.9665785215353555,-2.7520286622342645,-1.077678763505884,0.39355507792271366,-0.9436913719967165,0.4204090638458788,-1.7168211596490432,0.37291917412886644,-0.6132718574189363,-0.6559413504520041,1.3078669723033243,-2.341137703240653,0.5523193432780015,0.7897750356968762,-0.3205216130015946,-1.414992087051507,0.06912905589837119,-0.46179171581232736,1.0338863115327805,0.8695916080935673,-2.215196319748721e-06,-1.0688014073701846,-0.1207153936251573,0.1468442810363074,-0.13527083147694907,-0.24072529847140342,-0.6078286925677006,-1.2658525943603658,-0.2364056480630974,0.13520247924106968,0.07736356493765013,-0.04435697482786395,-1.9078893065803826,-0.793939053114166,1.1928626425797275,0.70030636469579,-0.160672696478594,0.07011261140185518,-1.1165415002677235,-1.0722699814042698,-0.6947502411924553,-0.31535038756694433,-0.538541065252266,0.1367039661553492,0.05203020252951669,0.20982959020500075,-1.928375210804301,2.561431083045649,0.2908973856633201,-0.360509282440608,-0.4031049664904002,-0.003707354717765753,-0.4729472029744728,-0.7688005679370501,-0.0830254529954448,0.8511758789261099,-0.09243072328831028,0.18091558870257127,0.9842839170307617,0.8121171294990679,1.6955407649827943,-1.5214142850063082,-0.9176898608638018,-0.8611205576349235,-1.751828763154093,-0.7785651517897659,0.6664944467539979,1.3714572082933898,0.3877175295852168,1.8863674114324145,-0.8247823044504192,0.7924731907027212,0.6672884955095179,0.1930056480643091,-0.10223359618948734,-0.27328251952454713,0.8302287970216968,0.47849437717131293,0.3328404511491937,0.5385551595216396,-0.06746817729676825,0.7911000194977145,-0.685584860617543,0.11033247128089091,-0.034591796681542976,-0.20459639627303175,0.08006051525637872,-0.5840781724567281,2.569178797943379,1.1794816355662676,1.1719052468626703,0.6320045645708459,0.9609281435363142,0.9448066392115574,-0.26302884801305965,-0.2790156633400566,-0.7851172392943802,0.7103473019204181,-1.695407360819842,0.3925500696352288,-0.32875400641209607,-1.6349492852664669,0.27940327264945797,-0.27034908473644775,0.4076041638107748,-0.5151443859853275,-1.4444990129613078,-0.152552858968461,-0.8692984136813342,-1.8630637428684196,0.8496354966149392,-0.6070862911972515,-0.14031039636878212,-2.2084364249867714,-0.4254473855175812,0.7012281336043451,-2.040382425259685,-0.14146071289000747,-0.7107064784356288,0.7343397809185354,-0.4789190750073355,0.4669703080970952,0.6246916966252715,-0.3350706583533571,0.49005378011533557,-0.25535429489903877,0.34283916420185956,-0.9488199842416161,-0.9439986457207189,-1.166138748362547,0.2634205903739466,1.206899502742792,0.9611707837869747,-0.2409003501729826,0
-0.16249308557707445,0.8197398484206121,1.3179380528215046,-2.156667051308966,-0.5069810941789271,0.15580149621946093,-0.041551418807836735,-0.07200985683891306,1.9059509471614369,-0.8379960705645114,-0.6164872877163189,-0.9615890088497988,-1.5845914934380587,-0.6636758525292853,-0.9542754097811716,-0.29397025496094153,0.8691921066454485,-0.6822101024536517,0.8355607036770001,0.9290582982592175,-0.09728098778154767,0.4944279243619715,0.8332394153473222,-0.3575650162158221,-0.21163299871788052,0.36648419810919497,0.4575731737217114,-0.05695718136068388,0.7528201200865886,-0.182193090381571,0.5480682663236124,0.3840439935297695,-0.6295693770820824,1.3700078116672878,0.9377440196364315,-1.0484283496756792,0.6687432679112475,-0.3190082726950447,0.7720558774643594,1.0855746023736603,0.5483287392938975,1.1799759188990973,0.5686136056784852,-0.4162615590705776,-2.1033618996935295,-1.1563162627050259,-0.6003504990842591,0.48674777870918595,-1.2747682945490528,-1.3870176048856766,-0.44337297741493215,-0.32865909000259297,0.07565574461239982,1.2464868339021684,-0.5305901051484031,-0.17507959675764465,0.8523316570994286,-0.939204880751941,1.1320202910640955,-1.0159162680267808,-0.4548433887221673,-0.744199395431755,1.5378962751634235,0.08903282426641952,-0.208822522251214,-1.212477431088342,1.14367290285764,0.7956030191768083,-0.6956805242736951,0.007545960753046184,0.37583961915296193,0.31294344349803976,-0.4988890415818742,1.501088071773611,-0.2343786731066914,-0.20374156387286183,0.9644550954934052,0.7218308090784757,0.9000538548712742,1.880983287288338,-0.6770793204324421,0.13968238859037596,-0.8104570895182003,-0.5352473437493785,-0.8016293774230951,-0.08635671898039686,0.8025016569853647,-0.3614906756221884,0.1454481836313283,-0.8945897916278989,-0.747426873235427,-1.3772480102966862,-0.35415450800484594,-0.16207440679204732,-0.053561906473399146,-0.7632780313828976,0.310279716091717,-0.21362609312220432,-0.84787772270887,0.1019234244545273,0.06558317752607261,-0.14328032087363293,1.092373834316382,0.37555012053464204,2.6305700912897416,-0.4436306781196057,0.06843522720679632,-1.1593396835614822,-0.4990369618073328,-1.8964174340670181,0.48065654226232835,0.9423463911279067,-0.27910307850660127,-1.661328123865666,2.1412772367902564,-0.44057424622622166,-0.4821345321658659,0.763687176974514,-0.9798180169879434,-0.724649753249289,0.6777607741183569,1.2930470708054373,-0.2616328191174799,-1.4289091993670664,0.9335652010445455,-2.3494716128298023,0.48846108945133015,-1.3396097804631133,-0.36659404933300827,0.3056348259355576,-0.9759402318703506,-0.4570998660586649,-0.4423107998720764,-0.11882785756372642,0.16623101082284522,-0.0019991132982236813,0.02516893230566646,1.071636623403489,1.4401574835979232,0.4676436094946936,1
0.2838170870007605,-1.5317837606375317,-2.3870369996175502,-0.34733846552700837,1.5347229358108256,-0.2519189864942282,0.7117202852272764,-0.20299804587250808,0.15729192359730276,-0.639316596999902,0.7550225528592321,0.02426976501079552,-0.7832864134212647,-1.58352313758011,0.7652329643990132,0.37254159739830645,0.20603391879454103,-0.8731929052828323,0.7603623027107014,-0.7167633113561896,0.9078621504472633,-0.9362456637573814,-1.2401041976063196,-0.020294370894423475,0.6643931053765043,0.7874245512506889,0.192123839993097,1.1508468354553913,0.27029372524288464,0.09274689867532912,-2.3371730615259536,-1.0417508259014734,1.058252924054298,-0.9428442393978358,-0.2834813775980298,-0.402967103092686,-1.0362740083126032,-0.6229287907201378,-0.048009342150337524,-1.172362151746955,-0.35645282833820985,-0.7045320972181083,0.10061557798396636,0.885240499314574,1.3735370353879637,0.08564344952492402,-1.010991730382794,1.415360580327509,0.3906882871570824,-0.5657347508556236,-0.33347899966324335,-0.6675120317243819,0.7236292300816284,0.980927717521114,0.3323010866245176,1.0933598126325665,-0.06404284966566022,2.3503407208791134,-0.12743865833327625,-1.9338850879817393,0.9141174644337726,-0.4023951782488111,1.073653485602585,0.2928639643283459,-0.6842211461125329,-0.09740980500636019,-1.4628663596698108,-0.7629499157285877,0.32644280140134,0.7606806927658312,0.7916008366745967,-0.621589329897254,1.0698046611922634,0.024856824213459656,0.5892326550200012,1.0740779810014387,0.24593017498652675,-0.922512154270219,1.180722530105697,0.43506559141534584,0.4162527508404443,-1.19707511139037,1.1944962460132205,0.4276900081311864,-1.3527368258871353,-0.21565762172079037,-0.07803492397011134,0.054025735751001336,-0.20350546244923276,0.013788676631821652,0.9538280038849122,-0.06823097703804833,-0.5544064367049844,0.14974858779657574,1.0979988409122563,0.7430210674304637,-2.316126628112653,-1.3020884197685825,-1.7991103532577302,0.4293545330926248,1.0908481462301622,-0.055447544433281926,0.1261473296987606,-0.9796370435796484,1.099289960147286,-0.7704047759477209,1.0961274281519344,-0.6053702925983832,1.623393402340532,-1.4105369813652993,-1.0507840814439928,1.175459736773949,1.151355384441258,-0.2707132182339388,-1.3583888786984923,-2.498627619548826,1.396546577664623,0.4181941224121842,0.1587208750160191,-0.6930880650737188,-0.3863955662330598,0.865283334388961,-1.12247790742362,0.8523964677514694,0.6474952630487543,1.588748974474134,0.5362422664055421,0.8747823486942726,-1.4205793577186632,-0.2348134764434931,-0.09891053399029148,0.37591358128732355,0.11366925790356704,1.0036963828639187,0.13836887003749324,-0.8703586773892655,-1.0170927782390633,1.5164518121564439,0.2853352630723503,0.12655967893696776,0
0.2596865558959355,0.19920195223867068,-0.30564752854928046,0.6054723657639124,1.0149499786252718,0.8499709476406947,-0.043288512698665745,-1.0532318518200867,-1.2925681225679464,0.9623698805473442,-0.48462280198998564,0.15031536933241388,-0.8738451418991542,0.1983010242163771,1.1151609426636644,1.2988839471942717,-1.3905981319399556,0.705477841369644,-0.8907087140737721,1.7590953284829307,1.9428414441901574,0.381728785015494,0.09946870376646696,-0.18920474679366261,1.4836323593476037,0.1595184039040998,0.2962104812053039,-0.23136615090572346,0.04428829337577232,0.5281809461172101,0.43411812061406785,0.8979132961345448,0.23701853250150798,-0.14500772927760758,0.32274703177261704,0.23034415474651357,-0.713138151066126,-2.1092276942192925,-0.9686929630238402,-1.2484527970158437,0.888893187223302,-0.934948566732842,1.4274880920220234,-0.7461989135337683,0.6047305667255523,1.9120857055557388,0.6025079955756079,1.9300819404498077,-0.9449346175301051,1.1954611370007506,-0.7065277171476978,0.9865505315931099,-0.057259917473026424,0.24111240911676432,-0.021841633311504308,-0.30800911505399486,0.1275266781967388,0.43480023634922704,-1.5010129358368454,-0.27920491778760764,0.6547158975423497,0.15779865220124156,0.9679182626881397,-1.4747539180285107,0.3109913665254952,0.7653463836340162,-0.2828392166657935,-0.3848396389051495,1.348433107152562,-2.9208162416993324,-0.4940368141274266,-0.5654547571198111,0.6198069586507521,1.0153750889902995,1.0702458441948763,-0.618401779095565,0.25914757894912266,-0.5240707160317782,1.0405064344451425,0.2757289888077218,-0.06537397055490934,0.19269289106982504,0.931055705193699,0.323641494093782,-0.2965153104082153,-0.19562232989892372,0.7317013882011107,-1.0238786756488756,0.9527893563908595,-1.9366491663385488,0.07282897046804694,-0.6651946736929224,2.850634147330672,-2.3243850322927457,-0.32433345331815777,-0.6888190157199171,0.8365087885396651,1.252186678221265,-0.10026009032755172,-2.657733179789086,1.912184163779846,0.9975436427124308,1.8120202575483655,-0.15047448864534899,0.33616906815085107,-0.5321342586031602,-2.14865285893831,-0.41107829961995546,-0.8975149180880744,-0.09242933584376735,-1.585528856072822,0.6387049629843693,0.3431254666976072,-2.127227349608134,-2.4376714851623364,-0.8510771866251464,0.8172154394635499,2.1350117977980116,-1.0318791680221018,-0.5596606866169835,-1.2718581024700317,-0.21490128201236003,-0.19816236093541234,0.9772356254702872,-1.4758562369294301,0.9920007284450358,0.7626598972521724,-0.5804121615763693,-0.7660407369100347,-0.24737150240469968,-0.7583095054517506,-0.3513291275625757,-1.8313066900480839,-0.32411557136442753,-0.40724143563903464,0.1516599386279,1.2647315782852133,-0.18646592550007798,-0.9811637926264558,-1.7315944358221174,1
0.5629868345003168,0.22912605727996663,-0.10121610933471964,0.16091002601437385,0.8370083838044633,0.3092156202370438,0.310893016026711,1.4289801476715658,0.05307599017364797,-0.6812330213390948,1.3052735096782493,-0.5676721923493397,-1.2190354269248052,0.41469513603070113,0.6465793374087413,-0.7949228402427868,0.8416507952861824,-0.009602491108530337,-0.46876180612031776,0.03227456943338009,-0.6148845490604246,-0.014441528799529329,1.67158672640517,-0.33250574289249296,-0.37012640632418,-0.8589396541606444,-0.44664365789930893,-1.2628641297569914,-0.46136158679010414,-0.7087402859929683,-0.24900913196357222,-1.0392632880941337,2.476894942773091,-0.8089212362309439,-0.40349069923717296,0.2613749024006147,0.3978933461880538,0.7357408598652078,-0.26145751854697263,-0.8508967196955033,1.4805395083790465,-0.8839964442532788,-0.2147951743560367,0.05323326500154738,0.6202751621368114,0.43490318155173435,-0.5834605649749118,0.20366789515506495,-1.5518562236199167,2.199440595117157,-0.8044409649462488,0.900979582531235,-0.9746430327942236,0.6405722927772829,-1.016815098765644,0.8930803178228712,1.904041774756769,0.07253871017913384,0.5658955425157347,0.9743481700849689,-0.5783732166935657,0.9476108971070475,-0.45415117851416825,2.163453336360169,-1.21133047117762,0.16136041424209613,-1.0239638766630257,1.1919009760567967,2.4925316791458263,0.2836698095462783,1.930393986648948,0.8304249819673837,1.6749872805728787,0.8191824466203294,1.7593549468387384,1.6154867611778925,-0.4864030006611408,-0.4599490190276552,-0.20176684910516499,-0.6156162490615315,0.5568579953173777,1.470375636432808,0.5253970686248489,-0.31170892892415974,0.2427995572079363,-1.9574282012358906,-1.1307443172845446,-0.3011830608276324,0.5174097870732868,-0.24532638258337616,0.20381539260884252,-0.23341907258469793,-0.393903799259856,-1.1421323616538135,0.44427386878736236,-0.45347949211162536,0.13739131821028203,-0.630624872394501,0.5897267330467968,0.11070866724115148,0.27034215538405987,-0.762482079925141,-0.8187990111259467,0.31375750657913903,-1.4219452517447326,0.868134285688852,-0.11044695395851362,-0.9754194290718748,-1.5002471494032004,1.0103390760066546,-2.2495699358616497,0.4709649271415263,0.13890274073040187,0.6362650229118526,-1.0850408618242082,-0.6721250503888416,0.3249112750133629,0.05241134253874637,0.8775580413876369,-0.044522241532002446,1.3966991353609246,0.13873855453312078,1.6240625294593112,1.720231790644746,1.751606583437895,-0.736809797357193,1.2180267344982396,-0.02134345221295469,-0.016845890286683558,0.8207570473188377,-0.35360795749875135,-1.6657738841746657,0.024871069594487913,1.8923388288226786,-0.3487004675032373,-0.07643170391518536,0.3947800447490477,-0.36628403877743243,-0.1994917497898611,0.12664500902347894,0
-0.4135349532289211,1.310042802457899,2.117590223088089,0.46044243691548975,-0.4887077792060389,0.5090974522356638,-1.1408336431700785,-1.3823077263837,-0.08389464011820544,1.2610339990661228,1.4085494795409848,0.3937711380987887,0.7021670542469342,0.23310162001766,-0.0988398528333669,-1.2027362524192093,1.1918187115209036,-0.42299306657707375,0.8252735259625428,-0.03452705346830369,-0.9556400154689252,-0.8270974304778532,-0.5777212183034749,0.11093180771045631,1.1817773296427685,0.7090438065955837,-0.7935293116730915,-1.314069026955042,0.6725706490487516,1.9365992158517564,0.9588919247392353,2.034162631779415,-0.49893885394333115,-0.002444859006362739,1.3294536258738436,-1.6361824011342816,0.38214775775110266,0.31550478710133334,1.3975426164537392,-0.9686956313745211,-0.2247416683415063,-0.680851073703356,-0.10794833781837833,-1.2272743281941474,0.5293543372949473,0.16844261420659584,-0.27454366411512643,0.28166878045407834,0.4399836169789585,1.4858970551521402,-0.09658409667775593,1.3318133597759128,-0.8128047589842755,-0.6210235658472213,1.6009132382401738,1.2185744387961481,-1.6955848005327274,-2.1895619610627355,1.5081160811948988,-0.12981149116972768,-0.6289555011458516,0.25910299500965733,-0.5843250024377962,0.005340366313860615,-0.29161286349292304,-0.373717025182399,-1.9262112783712089,-1.0305243683311465,1.1076211906965452,0.7685819994243825,0.21096548016705063,0.8014564010791526,0.07464702526261584,-1.7092273349753477,-1.1124690433308762,0.4899617640280797,-1.7432947429365864,-0.8035945505271594,-0.7132181362257105,0.2548032594763262,-0.20307196680449457,0.186498509772073,0.4768962103673477,0.35774182399416116,0.8617065502059638,0.16630009761520914,-0.991463187331816,-1.2484931613000008,0.4016495526996973,-0.10787946467805191,-0.01583923822229381,-0.661594167450072,-0.0701716078829528,-1.5217854735141787,-1.4065750512421031,2.9290618413704617,-2.158999705789139,-1.0447450856446048,-1.176510594887872,-1.1770816681750622,-0.4684170209886901,-1.3170011015198526,0.6966194366032147,0.07722625903489855,0.4483172911696437,0.24572231216691287,-0.7062780325508823,-0.7902688188402459,1.3149077273133813,0.11328407626519411,0.1208240198609365,0.09831132186478572,0.08724191029702348,-1.451285473552159,0.37381930427446036,2.562566954452621,0.06981949012532619,1.73163907109571,0.14441759548216296,0.30272001977211727,0.3230135747903169,-1.9395317314526228,-1.5118349831397742,-0.1782842574595236,1.7306123003104714,-0.4624119598286514,0.5200600976550517,-0.934504936673654,0.9481084098139633,-1.471670957205118,1.0808961973578093,-0.039940022636219624,-0.18714960612943332,0.6908765398370366,1.3495286850099453,-1.5600261066430936,0.6871346583155022,-1.6560769258118644,-0.6696218091652932,-2.519887074983584,0
-0.2688665756385912,0.2010319139350533,0.9594940243790486,0.31792831850083253,0.05346551339747813,0.9290690044507829,1.346288697208533,1.049229566821493,2.083930179616698,-0.5336905491622307,1.278935500588742,-1.46713309669093,-1.2460282850020714,-0.013558611224717286,-0.4786731342545138,0.7053835759986324,0.45723131877286227,1.5763706192014517,0.5430950680188945,0.47005210616015325,-1.13633919048728,-0.2536804567926193,0.9271193770977917,2.9379996324981215,-0.8418647967429052,1.1774327876154689,0.016436102029666676,0.11910974568150393,-0.8193973269612729,-0.47811251103653835,-0.09102484770632416,0.883950822357114,1.508536247750646,-0.4826189902828493,-0.5519107018513171,0.7528044132030647,-0.24728716214665697,1.0704821306054144,0.6367071966678323,-0.5913522895293332,0.9237224780136436,0.4984726654357955,-0.22576443155519335,0.4645420320922257,-0.9904242886549941,-0.40516444377494504,0.7873179031122229,-0.2701135869402206,0.4508943570506098,-1.4550133348444068,-0.06138226704547789,0.24374836171234918,-0.6215750705991807,0.11215560261588199,0.2237576394426006,-1.0260431910812287,-2.8351905197235885,-0.9082995801248708,-2.1054301410282292,0.7260556908333378,1.1324292687019546,-1.1731375447063066,-1.0630285197786586,-0.37449461487255886,-0.6677150820823103,-0.7516441692400864,-1.7222439938098402,-0.054396636124578415,-0.9206126300966117,-1.5751411842671468,-0.48977170312048735,0.13266888961096673,-0.2250737004566889,0.5027125657957247,1.9395754521531854,-0.05034060883737619,1.4024904383582333,-1.4194226468865139,-3.3212986818549237,-0.849195263934,-0.40890357244020026,-1.2022982059797351,0.6164962389262278,-0.6212358579569667,-0.17598254810227965,-0.03874851091581622,1.2146548881700023,-0.6160441705042494,-0.4945757080040427,1.227717471389726,1.4694962408298498,1.4650905915061592,1.4150957136397082,-2.3343967112217725,-0.983051503381834,2.0504815723354737,0.5663555372812258,1.7623394482783246,0.8996169622257425,0.5217482687122719,0.5563643922455582,-0.1527707115016806,0.039490031632160444,-1.1260519310726336,-0.5509155678800797,-0.4363117095096437,0.3735302575501287,0.7265844242393354,0.9438306234811077,1.9059795370109318,0.9458081946479563,0.7909249934652399,-1.3283722165332748,-1.6111717993770442,0.362688597293604,-0.3032071054044582,0.14650654909349323,-1.0947826865039985,0.00915556814409101,-0.49521286429820904,0.4618705070191621,0.6015468999281646,0.320686958900349,-1.125273346423954,-0.1379925027520711,1.6917444659705325,-0.5074186979041647,-0.6736927744352061,0.7733932122137535,-0.559626691257612,-0.8989601149557773,-0.6884390161139021,0.969948130757751,-0.19140046531356927,0.8103049528931151,1.1823616835725808,-0.4335614973608765,-0.15934954328502043,-0.23476620083197805,-0.7969385374948013,0
1.0029904757059347,-0.4227454010938881,-1.0375800842863176,1.7083538647081575,-0.2275850054696628,-0.06194336237218491,-0.5755547355955789,-1.149558805178693,-1.4929206794809793,0.8649602114587217,-0.5655065591364777,-2.111120771229476,-0.8175185222902849,-0.2853575540529656,-0.7424952631453094,0.4969193607457515,-0.42168587950256264,0.8580564875235691,0.8645002032081921,-1.003687127857351,-0.7297528160713972,1.055792914646795,0.28438895878469284,0.6961356872261575,0.6993116153956298,-0.6805306843701004,2.4959563217625984,0.985130181695761,-0.42394058473879787,1.0346970298728515,-0.11415794519544503,0.12110879491646633,-0.6199324461472644,-0.886933599385637,0.7740598416592984,-0.697414906538218,-0.7760426054720062,-0.3191696701445162,-1.0771724772208968,0.05103622095992922,-0.5175291436512262,0.9988425846847241,1.0281447035018578,-0.015262959708772547,-0.8356485751610668,-0.20401950702763844,-0.36924122570551116,1.581631584710257,-0.3341498279648816,0.22777649870622493,0.6458196292993096,1.4519594908592772,-0.3528171081453765,-1.4679346779587694,0.12306310366164547,1.1342253608054296,0.3832784060418004,-0.5492814544150706,-0.33740562787840434,-0.8579295068010466,-0.228133149794832,-0.8697551874302575,0.3902331661017608,0.5000752118391592,0.0854441935753559,0.8767657521062382,1.2273755937911788,1.4412854003053017,0.12813385402684896,-0.5432778740847195,-2.193575253443306,-0.4552905615293432,-1.2753900383917753,0.02761853993841146,0.8121574769333951,0.7423638993753555,0.8258385969607915,-1.4895929070924838,-1.4733063611628419,1.285536849930972,-2.02362169182974,0.6977511940173655,-0.19014670485008936,-0.33507345701713065,0.19644025044118832,1.8095832073626432,-0.7942133976905555,-0.4014565375176584,1.1233939623158709,-0.8781755995597663,0.8479117550147508,-0.04490944812610241,-2.241320388655638,0.11513537582362822,0.08933695624103047,0.21524028466616235,0.6923430169135758,0.5938691172150207,0.004615074397510618,1.1438904372365497,-0.37257725961837207,0.2904281449795788,-0.8739591906138108,-2.0599839945309846,-0.7823141553138746,0.09962402450164445,-1.605314853974392,-0.8914302864483629,1.7241741072893457,-0.2856044413364959,0.4537164655636994,-0.8668276151084541,-1.3754801607220815,-1.0161080862876009,1.0622798051518751,-0.29166456647740324,0.12232115517023684,-0.7107732153205573,0.7435033916317149,1.4060110856860073,2.2476904282963783,0.6509268281709913,-0.9677682886289263,-1.8758721871031545,1.3203460077112386,-1.8484171832110317,-0.07206953914669766,1.0165513056315676,1.6824957877710254,-0.8986182060028812,0.15869046682543955,-0.12208411671090749,-0.7270854651832964,1.2437343610062528,0.57005659293203,-1.1911682309255636,-0.1989881413727231,-0.378452588409802,0.434678674242908,1.9069477822044492,0
0.33561068350625883,-0.27993414232102826,-0.09690538491824528,0.40255035388414634,-1.7321997852892543,1.1121876406250686,0.16802810795219347,-0.12382932289836446,-0.40891767995912226,-0.06784804463493227,-0.9543086979633805,-1.62863543103136,0.5316050068517513,-0.7462608603333084,0.2248353069527327,-0.19787802450411623,1.2925567610252595,0.4745678184166393,1.1026598582470708,0.7604911047614121,1.7618701369501903,-1.5650464074885608,1.4666880313492603,-0.7900292136987196,-1.0900598736083986,-1.2500909499485426,-0.4138497857158276,0.42410691908400777,1.383621967391165,-1.9074692870643208,0.30302975397461607,-0.9847310702320277,-1.2547145019839863,-0.5540593534716456,0.09430082250860869,-0.6599361334418173,-1.2346698587669216,-0.41302460422311627,0.5795235178532251,0.3994738710446035,-0.5124596137435451,-0.18124915729239255,-0.7719416263884836,0.2254220714167921,0.8658284327155958,-0.7907920741053204,-0.5054789110935373,0.5651253438902739,2.528385005378439,0.6839635719280435,-0.18058911334176664,-1.041986328413231,1.0619888443309677,-0.817664609604845,-0.20715420792180186,-0.38842609440535697,-0.08868903596907927,-0.9509932330480009,0.9533618655199261,0.437653240034357,-0.3045296049303696,-0.24058191505305795,-0.3397173379226467,0.11926728752160284,-0.7806891198115439,-1.0473950294963743,-0.22786274359436678,0.6419961051657637,1.5358425943549834,0.18307841280727014,0.8127966904060129,0.8142196324211475,0.3220755242696486,0.45871159746511764,-0.3931828524036694,-0.731450277365776,-0.9562311132622336,-0.18943726257433402,0.26532940610421624,-0.3487318591865519,-0.04740040068168217,-1.4865593836252404,2.264910887639998,1.602053789397232,-0.17071052862400493,0.28893824187146483,1.6619151914688548,0.7917983833122523,-0.5707943723600243,0.5117328223301848,-1.3774784427358033,0.2733024648201313,0.29313682508375083,-1.8669570909647606,1.0256888821802954,0.4409944936060386,-0.32649619884019215,-0.26772808851298374,0.8437455108312395,-0.5896300169642245,-0.627641087663226,-0.7440651259541232,0.78804529867961,0.6366743746898058,-1.141121743435699,0.15221000081686098,0.29062042921199704,1.1847991855190965,-0.40729249124986444,-0.525444664608585,0.5234358060787236,-0.5307808609484024,0.6648106447544204,0.2324554677442816,-1.7315828336865675,-0.2533014746659353,0.21118542820017502,0.7076834075842005,-0.5021337451538276,-0.8211738953858475,-0.8540716708881603,0.19095870581768995,0.02964830814423322,-0.6952315088958955,0.44667036453467623,0.20567965857035797,-0.5817643660069018,-0.5790092965130224,1.7342550215227912,-2.149761703761782,-1.5302752173651182,-0.2086169297183459,0.983896180327149,-0.868528948725647,0.5789316925914507,-1.7631459782126457,-0.25695538206352536,0.3005712373034698,0.8605001416115201,0.6003057561012805,0
-1.8830342926247785,0.01023511049695595,-0.7183796196079331,-0.1066338260119841,-0.31495700570121726,0.6922015155137522,-0.029641543456270108,0.2433116038178133,0.06118833615932274,-2.218365477263717,0.037656949016763815,-0.039153374943847914,0.4871866394817788,0.4639630884761278,-1.8035192698836617,-1.0876136167353456,0.08015507498337775,0.5424119935752199,-0.3147714542545727,0.5091715070308828,1.9584098253084854,0.5008420654682155,1.3914306044470461,-0.27348066758397116,0.6206346237740348,1.0226980488292952,1.0431624331134122,-2.0374245871490504,-0.5769995270098575,0.859778311635752,-1.4568641449118267,-0.8204516025770655,0.5783204351781673,-0.7386532402774189,-1.1519728797455933,1.3711146937368137,-0.4971554787832505,-1.1137358991781394,-1.1009973036655671,1.2528728340199724,0.32735758488556854,1.3189897121986742,-0.2533388882589084,0.09103547774533227,-0.9021379536422541,0.9204631536128731,-1.0322533247305739,1.8356282032609956,-1.1165666325692354,-1.3414971485248641,0.3462006220162881,-0.7599640998943231,-0.5069142066854865,1.0498559173194604,1.4953170172249328,0.08322728533750587,-0.3006750659728413,-0.3351404653345962,0.4297175702827016,-2.326663909386944,-0.09594237054740018,-1.0712016367457462,0.26490181179755834,-0.21232556962357277,0.09662485003161264,0.1784784672998266,0.41263601314420345,-0.7982110730381656,1.1788212710758639,0.13300572403355998,0.19453438976331675,-0.04798345841053895,-0.573236965307179,0.579704320059772,0.22758308654750167,2.0611919569212493,-0.7417821376817916,1.4035179908216748,-0.01678679880372849,-0.07263149267949671,-0.8741896436539253,0.37811790809270024,-0.17953453621773316,0.48220293823622734,-0.9227836886006489,0.21335714231156316,0.02204453885486752,-0.4460375963711834,0.10829391047732213,-0.00596967106624899,0.5482643519090155,0.876715535037468,0.5011399798416352,0.15823128213675453,-1.0399037275291325,-0.6748852814227216,0.8867085936242378,0.42538376167006753,-0.388415922788204,0.8829567959846198,-0.6495547939889991,-0.853501126841291,1.0025541573469483,1.3465784451143805,-0.4975611410251881,0.7269350828782337,0.8705647965981775,0.13851894463761497,-0.19546373569072809,-0.6029440624990955,0.15303897643831532,-0.25593266037545115,1.0602516891888711,1.0907482170605713,-0.048820445601059206,0.5286081947525068,0.41152664644227194,1.5647044049575007,0.0020986714306572164,0.3994677597373092,-0.1331141042754675,0.6314670598953127,-0.4638245474444255,-1.1772965083535631,1.994201754596973,-0.6733099017917441,-1.1871930428834454,0.4429397522980881,0.054215380711584826,-1.0758192952453869,0.15517210062467776,-0.5866379726530873,-1.2448045342828435,0.4710307159334619,0.10575097258613773,0.6340168425129447,-0.8067472178736608,0.8523545193623903,-0.9673745079700992,0.045368411742303244,0
-0.4490277961160596,-0.8649241656684319,0.599022141420414,0.5153555006655712,-0.2283447478022915,-0.19804895582128337,0.041010785085273144,0.08286530392896589,-0.8861287848213958,-0.2608635444853092,-0.8666439406072982,0.573670134525798,-2.292914162057198,-0.11877235619822676,0.665979620021475,0.19025073407196472,-0.6925771023714956,-2.586398975597419,0.3421682174328036,0.9435579751929,-0.1320019541161539,0.8440752786550456,0.21681637551514915,-0.01857629462390163,0.4658552816976939,0.01460941705082297,1.2569169960496085,0.6405092916793211,0.05456167784385283,1.8083559688363433,-0.5293274552864747,0.4925396119285032,0.5373379244435903,1.0319462013448377,0.35994271821939644,-0.21555184350815806,-0.041466769012383484,0.48379234640614105,2.1890158637521258,-1.4932786482180298,0.9913707294329712,1.0633906668771522,0.8343973939603898,0.06387630816807381,-0.42387194520251437,-0.4747214031378892,0.9572313391184403,0.8782755240583933,-1.5683854097428478,-0.8299914695458298,-0.12466770136020114,-0.5000338532244898,0.6728379390609857,-0.5080577870064,2.8105602749202045,-0.45323338414845193,-0.8661900592864529,1.042635160771648,-0.244424729775288,0.8993079900068428,1.3229862891623139,1.0712277451458339,-0.43158657228549263,-1.533769981551472,1.648530321425025,-1.3211887110930263,2.0372772174038385,-0.12990809758105426,-0.2658074879530771,-0.5141110512005644,0.07626781540995058,-0.6402558602770223,0.44744495404896806,-0.07613253127722765,-1.08532027961749,-0.950397211135419,-0.29552118755709983,-2.1901883572629477,-1.5784999450271173,1.254396444669719,1.2137947733752408,0.937467983203011,0.6768715575423943,0.47378265556282245,0.46537979569792226,-0.6544961948723674,1.043905538274096,-0.9418088359092849,2.5324068763728955,-0.5067570282725288,-0.9418080195884638,3.2844108479713445,-1.065319598213899,0.800039159789786,0.34875130984841396,0.6552231894242179,1.1587446818922795,0.8027786008632702,-1.529155213665506,0.34309125972519616,0.31163787384473207,0.7747081645092521,-0.005699255069488515,-0.8289746742322739,-0.8921504831857741,-0.11485254170162136,-1.2072073139738615,-0.5550915179216048,-0.47777292211845296,-0.25887288595310487,2.376911632352087,-0.9563013721586192,-2.7369495319739725,0.34167873561924866,-0.8250077280781155,1.1438064279877376,-0.16289416946603175,0.0951317526590099,-1.3382250238673596,0.061554016882989525,1.2799747780506627,0.8832291809420902,0.18199415467542063,-1.2275370903160072,0.49287731593295664,0.38429065414558045,1.287281269194913,0.30106779237645775,0.5756300285849654,-0.373813771521374,-0.5648084117048432,0.4772895576267132,0.25805792660686483,0.27398367534819407,0.13742747145719592,-2.061914840375966,0.5979625999722842,0.6781066797546064,-0.5950405435497664,0.684182049510575,0
-0.16284263121268655,0.12002222252241611,-0.6868992429227749,-0.025169477275689144,-1.5953979878306388,-0.2935279589875388,1.8357765832928121,0.16449057198627745,-0.3217062830559161,-0.356175094173994,-0.6796950443853496,0.12777023666633017,-0.9937853238751572,0.7667891650759759,0.8568309338588325,0.6911938550574667,0.976502646778413,0.9450229577610619,0.32441603135923885,1.34304690525979,0.48279465583213776,-0.5839298774858628,-0.06126832416255904,0.891836962267719,0.4701493723944628,-0.5260062165888415,0.05019096046730284,-0.7664597618202273,0.818042911009501,1.338592955840565,-1.5722302261965924,0.41424992365167507,-1.0684696874547719,-1.3893669709855916,1.3040306915835378,1.128153560991304,0.216171594842019,-0.5026933321873106,-0.28286071258035733,-0.6110259856915955,1.9845484809348837,1.9492216466608132,0.8238605514301331,0.07386484142324168,-1.2306529357793292,-0.20762888815150007,0.020990729569849487,-0.6778074961970345,1.3693259757805665,1.8660072956388045,-0.1508907123027855,1.0330514622989084,0.30320853769775163,-0.7451937780580731,1.1696215202570437,1.5823030430152387,0.564304001496467,-0.43158639839941637,0.8250567762635886,-0.2376433316419938,0.9013890442668229,1.4876692702228467,-0.6353642725316966,0.6004807568023942,-0.27435965837754683,1.179347403166375,0.05498840177849355,1.5299775698942224,2.494996288858987,-0.7842959110628993,0.3389569142623934,1.2194126216444618,-0.17914585065358662,0.6575529299895757,-0.3662991630479748,-1.5421108659091327,0.7507340028265383,0.76488098350579,-0.780991512010074,-0.34043746069633657,-0.16059997413173907,0.7088474731298936,1.0050002452874962,0.5302534863813354,-1.0851335293144415,-0.2892433314262075,-0.18142618649354222,-0.2663680672998816,0.9819541075525359,1.3174639737283076,0.9810384911580324,1.4158737953734148,0.07979183387157157,-0.4869475575508333,-1.1446418030659344,-0.2914203089092568,-0.8029479750267096,1.8488291824457952,0.8700359646601344,-0.9113738441969735,-0.16924369262618852,-0.5541519688210741,-0.6246267769882305,-0.36676708474033237,-0.31977820744598345,-0.4155969110679295,0.05802815760194848,-0.28886308350890044,1.1598125152470475,0.036200260542344855,0.0006107248005958049,-0.43023674599483097,-0.11677711265809153,-1.2697713976291525,-0.2541189834334795,1.230198561908487,-0.7001759073293632,0.33384598981771846,1.2244646524447778,0.2815052741551489,-0.3264995094759336,0.6479984505043497,-0.027094572760406953,0.8813761497225172,0.3187670945615103,-1.5938928224178983,-0.539492938475882,0.24311166680583254,1.0604801045524574,0.7980860577713688,0.9203099094777822,-0.16042748295812442,-0.6378634727423025,-0.5726177575019261,-0.7001325410273217,2.194071337584485,1.8342267434678268,-1.1917463849177687,0.4115779803202439,-0.12100036343791327,0
-0.2947318598453744,0.6229362243328674,-0.4908229995212179,-0.46855188196627306,0.5063591696127012,1.34772027570477,2.0572652886885967,0.5402070864615398,-0.8533797147350076,0.7423179372716635,-0.3710776552913436,0.023991539822497195,1.5813575548418382,1.4215387191915705,0.9185752968713207,1.6817098172690288,-2.318470839979528,-0.6718291237415149,0.6692788978842286,-0.01790400752105735,1.1584742410546076,-1.165661955790715,1.226875099833196,0.5504929040143779,0.14935126025469772,-1.6156944011360697,2.2428311086918002,-1.1558602921202918,-1.3620002931342403,0.6517934466736727,1.141227293194158,-0.09330141282503533,-0.8240100526093359,-0.4394239838819226,0.442409431493195,-0.5610429326027628,1.254340964857308,-0.7877660338582042,-1.5698061457359036,1.5952359331822317,-0.6735982669872884,0.5101311506835449,0.5537105520338227,-0.6424842315555688,0.6321495189966367,-0.41813759982686893,-0.6872981932334375,-0.04395996372120232,1.7567202443425045,0.3178585203275143,0.9304586648773553,0.08180250762165904,-0.5200759949183329,0.3499258381676395,-0.1333526042486583,-0.4376714900986215,0.7675591515092404,0.4386363917581633,-0.6213268368174499,0.8941087208641257,-0.007221898170667149,0.8442042323498188,-0.6603206869610915,-0.8626672667862973,-0.4580890395868297,0.027588089056310747,-0.18784809417365894,1.2764240907790494,-0.7962991442739658,-1.9773273781538467,-0.00802985072518685,0.5036744257301379,-0.350300690705931,0.22092071248005613,-0.7760964143032432,-0.9265994727964421,0.5688401446289316,0.6154802517940493,0.5836757659085647,0.5552343996164703,0.41786406326909764,-0.14354427163965075,0.6975107771358602,-0.8249804258598371,1.245224632610653,0.8983612807951485,-1.4835272938227129,0.8179647258306136,0.8177802468599398,2.407710674762293,-1.0390679241583674,-1.3246853536596714,1.0204289378480265,0.4472891830900304,-1.345248425848685,2.0338749653911594,-0.356384395515892,-0.40570970154077557,0.7806780614661702,2.2635604785260206,-0.48080026179143986,0.5983769907545827,-0.9895857309566839,-0.04204671731186634,1.7446001563654538,1.486922370024189,-0.444038460190615,0.9098985056523433,0.17555785110600494,-0.0784387741585784,-1.7800686701687964,-0.42146596928738894,-1.0412006661312592,0.3096446811757569,-0.8078631102298228,-2.241508735145608,0.3462320423151136,0.5853996506734,-0.740213788766494,-2.314542170268808,-0.31287556604694994,-0.847307296388607,-1.4164308203349192,-0.17568919538635722,-0.3843508443252371,-0.7818378975469427,0.3127339624070995,0.11024084762580681,-0.40972927938252596,0.2031616711681074,-0.08472346548012072,-0.9316315076386382,0.0812121169080759,0.6012482730812867,-0.22103404063041673,2.479172621265806,-0.030222600490537366,0.43588840071952756,0.20809242169995443,0.6293580534643713,0
0.5901856180753761,-0.5928929972268748,0.2512273957088935,-0.29561168636760365,-0.5694899422699223,-0.18447888596517156,-0.19986542364393056,1.311322938797433,-0.8212176493634713,0.2448682412205712,0.23527677280518142,-0.2536396632812406,1.1440571445486671,0.5267355890843398,-1.6085635361373085,1.4844231734378233,2.3805731752032173,1.9928275150056007,0.47349157078494114,-1.0942733702456415,0.16507828973076635,-1.289255470520738,1.0205224679004874,0.5640039819791866,2.2184833114664406,0.8404800494249095,-0.8218449602743144,1.3626846851538807,-0.06295894428499278,-0.1397254531658548,0.31726341760007276,-0.4654816665505156,-0.569479714479108,2.4384667489574143,1.2349940133109534,0.6392107618288793,0.0700519192983434,-1.4200413605113498,1.0255293301009458,-0.5049680503445857,-0.22865242132121769,0.9036138905158897,-1.564783068263536,-0.12314320560629125,0.20464930799889502,0.7288882630502452,-0.4430361482500008,-1.5287675529872147,0.20624033204636394,-0.8699545391701422,0.5458670623954857,1.1022905547858666,0.19192959898750397,-1.232325122278712,0.2362427859259967,0.21473340193097437,-0.7343760138747265,1.335921665517909,0.21102299564456029,0.20561940255534814,0.032339972566338554,1.7515406392754493,1.5531488164853615,-0.32066440563873,0.9413035083095511,-0.03315416871114175,0.7155302830778504,-0.6957861017501948,-0.18797639281968043,-1.5941431530336652,-0.007878838084327707,-0.8652637668587014,-1.3274458444347144,0.11341732087209674,-1.07331450054619,-0.6529202819711739,1.9316261530117538,-0.981044458760821,-0.30578403435329105,-1.03806547682572,1.405920705180279,0.22002778722422922,1.134660711397283,0.4292206762548775,0.21792606215450644,0.5708409835913526,-1.7799463011236705,-1.1439139710707311,0.4886126068887469,0.31268971252802824,-1.0983437203757187,0.10042113679316106,-0.2669657201644205,1.0105444080972448,0.2551195142573741,0.3715831387710942,-0.7300902456178658,-0.32892674904718927,-0.8379679685424152,0.019288414812097164,-0.004582881454473774,0.6978533226284007,1.2257026753510334,-0.06089881222334163,-2.2349813464656503,1.3544975579894614,0.6582643513193552,-0.8488289903287565,4.2020258997659985,0.08303275490319934,-0.6264976946637055,-0.43127066290895794,0.9974546401298183,-0.6002305827160462,-1.474537823249804,1.2633967404657445,-0.020922772831139736,-0.5003791295289058,0.903298427847582,0.12852860468201965,-0.31789866855120663,-0.25034018288494914,0.3716066739273547,1.1316526833689906,0.44338829056704016,1.7798406310850545,-1.3608610012277031,-0.9170077496704505,-1.7942356359583387,-0.431443724829046,1.6797466091989424,0.6362318043882913,0.8102238101330281,0.32685300419543284,-0.6692755985794957,1.486173263640365,-0.5420998735353666,-0.1717986515179963,1.9121503566495281,0.5513478677034243,0
0.8776195372632399,-0.46029838658148586,-1.3786325094371212,-1.3369716426639968,-0.6219519866437936,-0.2800088784848669,-0.007530331031772682,0.22569382900915252,0.11347173521585599,0.6666615840617732,0.2771107896407466,0.9978121508936307,0.43529050487779763,0.14304912264045772,-0.6692265341014019,0.5451317663337998,-1.2728184153194497,1.2513905519092654,1.0141562150497965,-0.256986716773785,-0.3972068294660679,0.9562039651640041,-0.05778283627056943,0.8981035324387261,1.059449227365725,-0.7558199354544525,-1.494653614944043,-0.10211220864616027,0.8914619320174169,-0.05030460883575022,1.0236325433506517,-1.1320463281362718,-1.835381756387451,0.07544410386110026,-1.0372224103201857,-0.4611636184822257,-0.17564705478757667,1.0503373018347906,0.7642245125169286,-0.4428769568952916,1.1489170431097988,2.127123460055917,0.018294241195970395,1.2713216168823565,2.106391827310561,0.735772503667325,-0.28250643797805325,0.5429702899195662,-0.9131155063537839,-0.6551964582707093,-0.39478523956044004,0.03730017236911208,0.2894450762283438,-0.9623686972151819,1.6850737026372424,-0.10246896798824358,-0.4329688531550192,1.6021251481175007,0.8470250624485463,0.4129155467954502,0.4117898748722834,0.08532154330246437,0.005956897808041286,0.22252317763922033,0.8260279741303804,-0.6870620461575414,0.5159943247772155,-0.6139307490197445,1.4728424367136919,-0.29761921073738756,-0.41177421525476576,-1.832179851603797,-0.4676871454310528,0.979738078024293,1.504762073684167,-1.8593663045839257,-1.1212864416593016,0.5112152652010037,-0.394900398706474,2.404508799451617,0.602431110489659,1.1494815057269006,1.1483372035939623,-0.0019205137182818205,-0.7431527731359276,2.385595854984299,-0.5659727837388897,-0.5869558075237583,0.2947607114167385,-0.3216741012063775,-0.9325405448207592,0.21856663135013135,0.23779374103310338,0.19738136586423907,-1.4155611859178103,-1.3655695021985432,-0.051453064974186,1.2081780458970142,0.9900910009287995,0.030755859022330048,-1.1538279862864615,0.9662153830993228,1.9459812924356992,0.8438285848230295,1.7460286704727166,0.8153092517798237,1.6254077063223213,0.38931840870420276,-1.4220060858488357,0.17660779783267075,0.5629930872528318,-1.1258744589002443,-2.240817230739066,0.13381866748750992,0.25690789635567274,0.03553740698211084,1.4473730084443495,0.9747145824644912,1.2290711604257714,1.0645549734160848,-0.32354983534599624,-0.2672548143727476,-0.7057687912888494,0.7619575180929641,-1.721544232555274,-0.266818104349368,-0.22806278363028196,-0.37237726338822097,0.07110999855077653,-0.8259508642770389,1.1409488063543411,0.9923670569978422,0.8603559858132019,0.8527059268959548,2.521052128163032,0.19207737632237767,-0.03443317884823332,2.0394954616197674,-0.3364000992902562,-0.5787032987719016,0
0.7701229791815711,0.13218564722907958,2.0032866498515114,0.38394032894542296,-0.327380009628557,0.9141939213023913,-1.182209417057507,-0.4795144963612529,0.8832022375859158,-1.0110895781632896,-0.3337851425773722,0.9776780290518443,1.2290976587773002,0.8676300335018406,-2.4892539707212595,0.3963570309456552,1.2571410315298026,2.027087944879773,-1.1434156925818673,-1.2579036414425573,0.30630276215192226,-1.3558980948842188,-0.18209018871082774,0.4997853725608059,0.9870260876719167,0.5243380558869899,0.9902353846137001,0.9294774140507583,0.26389225781034786,0.3460324410111077,1.6479929702256118,0.7466430309839991,0.8160763352981223,0.22912946956548216,-1.3082903987411103,-0.20022911789919265,0.3309418133594548,1.2541534332648467,1.6658924103192814,-0.2461784194236906,1.1370508140852613,-0.912422501649356,0.330736178549569,1.0158148566137746,2.0294582805599104,-0.9974915717635958,-1.0455755185657551,1.7607385328913652,1.6748498464288246,0.21935303272208667,0.5020640571340139,-0.38160216917469697,-0.14784270324846602,-1.7002787249637876,0.02793666232599127,0.14025630724389218,2.0713235869863045,1.503882643119314,0.551706420570496,-0.9391848902362071,-0.4809214144441445,-0.21688926440505882,1.0332161452011328,-1.651130049759858,-0.19829195688224457,-0.050899397235082786,-1.4729058608442636,0.9531963281148547,-2.2955509138881514,-0.2167448180469169,-0.03666784861676541,1.4347880937717417,0.6976803114422364,-1.8141315947714916,-0.9163394929238625,-1.525500991431116,-0.10391757958072818,-0.7649433410468313,-0.21426244339782408,-1.1040967975257712,-0.7199806910209922,0.7495881752037922,0.7545162078604186,-0.9677873217281779,-2.3910622348482202,1.1117695031226817,-0.041782873766344424,-0.6336579846632054,-1.1527296394016053,-0.31232955054430894,-0.1507640635715931,0.6955115325948513,2.2558169327728614,-0.6206272572937822,1.2986243337675916,-0.5266994187568136,-0.4626426111689367,-1.8810836679209346,-1.666694034576267,-1.9098853153164719,1.2437289246952503,0.5527488695010715,1.595090414178379,-1.34773545451745,-0.23898386399514668,-0.34593985026953633,-0.08815531152091696,-1.32036829026849,0.897844903986375,-1.1171060916853872,-0.4722473452861643,1.3697976367401588,0.21138546150596735,0.9529137607584295,-0.09684068836260885,1.0527428562776717,0.46503401228299374,-2.077142511218716,-1.5548717886036376,-0.9845378138920731,-0.06930634436525306,-0.9717472707066129,1.1801237770948636,0.5550391468191539,-0.13616797424824506,0.15196471479136392,1.4955157114577842,-1.5302298404137988,0.9153038784613655,0.3356942006294268,2.832133520707956,1.1439518084454745,0.4029464539761956,-0.12420561286371506,0.6959887698941835,-0.8827715554379688,-1.7328504828124096,0.17138962182861833,0.37346305836811194,-1.3126004863436296,0
-1.8227409140251623,0.5711748667422941,0.7390964122524663,-0.7486513496841187,-1.4367134670251727,1.2506233303544443,0.9709853670280758,0.17531450139594448,2.59560351898838,0.4255216140773401,-0.027682946765139115,-0.7393437434084361,-0.3056787723470779,-1.406647084591678,-0.7184600859512205,1.754437196018493,0.20750936624327296,0.6299729688255924,-1.7924549315764988,1.860825208064777,0.7631570024056405,-0.2936842028106959,1.7015552317997793,-1.7336379522179206,2.5101532549639707,-0.18919402933506438,-1.4373509078061248,-0.7264446999574306,-1.3252974526299177,0.9906748100685668,-0.431001676283026,-2.28163853977618,-1.6794631147403098,-1.7997730164608887,1.03290322246429,0.3660521768859742,-1.148102674722396,-0.44067195361750866,-0.0521187094143986,-0.47673369999466253,-0.652022640690801,-0.6583893226671101,1.8833483435888414,-0.5232854507463331,1.7418156358097334,-0.4043963707009749,0.68792189609437,1.1648477742142833,0.04572462663793068,-0.4227197842650717,0.7086316420621969,-0.4100106424018291,-0.168873533714557,0.8622809576663193,-0.6653530317304323,1.3822147026858291,0.3716608333607854,-0.011129926610674943,0.3729691074822443,-1.1670601010659862,1.0138899107877066,0.4061110151138658,2.22048102437081,0.6140732436726853,-0.39471723137288045,-1.2573133165573769,-0.6884228585938407,0.9916473480573487,0.24473814296125868,-1.5366104225421557,-1.6658867520497087,1.4385880240011675,-0.14931169502867767,-0.07928310558328523,-0.2260606388234277,0.24041651589835192,0.6785639674449343,-0.5175463197371927,1.1744674673601045,-1.4008487048673919,1.3704634782750893,0.39597481414242197,-1.209865073469744,1.5729199039441046,0.4152150081279362,1.0004194040260779,-2.102534933293624,-0.777777578009458,-0.24399409839882216,0.054152990792385926,0.8386138985328092,0.8933359523414399,-2.3238589558300053,-0.6190822145220808,-0.44657850542237226,0.3937518427982802,0.9491985405507037,0.8519777337019356,0.8854253844239856,-0.313388663213704,0.6086414391764494,-1.7747111087940817,0.5476634901535298,1.5503594971512549,-1.5633321604695904,-0.037380778372509624,1.2187359714856172,0.7387290049062717,1.2799325696344155,0.2771776989337524,1.4697705148328826,0.5879014477476182,-0.1384487124776639,0.26296899362792325,0.8800288298883194,-0.1119728479709269,-0.23569730380846626,-0.006794828649402586,-1.7283564891528311,-1.3500660672436329,-1.271363064642253,0.5227200622217735,1.7384005233456659,-0.7231040894244904,-0.014262074134420554,0.2750792323348467,-2.182701056778378,0.2979439140177864,1.2282672037487774,-0.8976881223211403,-0.13836192927185165,0.7681644355598368,-0.9259554183834979,-0.043386233529389744,0.8993611911975615,-1.9683845011607075,0.2649699071332116,-0.5454815023849204,0.992837215498699,1.8355220763474396,0
-1.4212784035058352,-1.4837471322591047,-0.7022519458255037,0.5903460201637841,-0.06808352340515805,1.55940660245818,-1.373182764430509,-0.8878057852676761,1.85975092206927,-0.13994568098832733,2.0549446718343756,0.7823138579896227,0.17101362596822273,0.612351621854187,-1.7870879415697547,1.2551839852558135,0.33201748157959543,-2.0045942357701945,0.03797007490792523,-0.242660964686319,1.1352364179369903,-0.6863355494001886,0.41950121454341627,-0.683558867570978,-2.128342962517398,-1.4454456859780065,-0.12883019200759657,-0.3746502315088486,0.3750488875696815,-0.46790350954905513,-1.0853429060200919,-0.2886614778818495,-1.7406415279923582,-0.09258619490343244,-2.285994806995967,0.33665560436433084,0.39082503294214893,1.2273957912491757,-0.5107197431427606,0.638301207660323,-1.6868589312698694,0.29322494544469546,-0.7282536400119898,-0.5654653372994353,1.6196917609032706,-0.8105225314822374,0.4745832872119745,0.007702974335778138,0.8951773910017624,-1.102569272091254,-1.489613990548992,-1.2321119295082725,-1.525171377739264,-0.3987716213015606,-0.17509671697194848,0.6262660848331248,0.5807886115011167,-1.548912332215866,0.5112713224320939,-0.7472853627932412,0.60172047667766,-2.4960097244219703,-0.23514263784208358,0.22032849015184877,-0.45323651132760456,0.08488886870338681,1.0646817647852218,-0.3051847811998651,0.887072613066762,0.6997278648552391,-0.7378072581117736,-2.5743308473374205,0.022553866452736198,1.2404269611023828,1.1295163413526452,0.3073725726008043,-0.5738199027879044,0.7064475054955026,-1.3387212053176563,0.3982764863529744,0.9938939667101734,-0.07962465981187376,-1.073348554055027,-0.064906131204518,0.3393824388406011,-1.0055805984530564,-0.42032580669412367,0.8385213176263023,0.960592624137453,0.1223632268841617,-0.8196864322614369,-2.1622302276847134,0.27892059088092575,-1.5209392389937682,0.1490280409861907,-0.6306604764331446,0.6461108853056684,-1.1220734598472673,-1.456979353324283,0.3614387928446501,-0.04244135845606814,0.7022865461466967,1.2925641764381686,-0.4789145759567734,0.7441851904530999,-1.6400058328235765,-1.2551361584558314,-0.006222799678009508,-0.3785548924202134,-2.216079069034994,1.7605543065712597,-2.1625541390877205,-0.4714362011383683,0.9245535240976056,-0.22755187450040498,0.5870812217710197,-0.7863368961979467,0.12008621121626432,1.3728529949149952,-0.48393528312014766,0.4649488335634608,-0.2700759628386447,0.12435594815790736,0.46069152582316836,-1.2370553622628464,-1.0822060097180721,-0.634290159133028,0.6733572931138019,0.9410197953392776,1.7133999047259714,-0.4058173855835474,-0.5562594123245613,0.11839429791452014,-1.1065817480420235,0.9554773787037449,-0.9604936548170413,-1.136085030715527,-1.3831555570268634,-0.6734765903120115,-0.32469724963417684,0
-0.7727354136007389,-1.0556058055457032,1.4850365033859119,-0.31843956923626704,0.32613386527777527,0.45827498436655634,-0.572675117637915,-1.301651056123812,-0.5713014869688984,0.37091392697940545,-1.0134399998173602,0.5192711857453982,-2.715495152589993,-0.04287329508919899,0.6126498616659805,1.0732073708325516,-1.5016500324526338,0.3216698223870096,1.6619468788650211,2.2788399248532034,0.00303428543651833,-0.9524909036919929,1.5102138237575953,0.6701740377701186,1.9795008108631293,1.8234349302235893,-1.6503193510294316,0.4809232884730106,0.292355523624329,0.9328590027963681,0.02915906566530844,2.0058522056210646,-0.1926609127374825,-0.20026976155753967,1.0751846761905333,-0.11556117169459884,0.007754178522811344,-1.0534347039076428,-0.8029579788980422,-1.288125146911661,-0.4982703357877908,-0.8983638858064711,-1.109091886005399,-0.34912885605606847,0.9661001458078449,-1.1420104610649637,0.361100458215018,0.8959485676360923,-1.4082193531721972,-1.1406285814007613,1.8186022194671638,0.2577256889117268,0.5631841996279006,-0.5003878056067737,-0.47193798326866404,-2.049761796274325,-0.48332686716223694,0.9433521166931299,-0.42942056450267135,2.008998284973431,-0.39245432983053324,-1.70569064526893,0.7549408575094428,1.164461749775159,-0.8010120458353517,1.094844697542951,-0.4951749613032085,1.4061443032659815,1.0407733992831212,0.10148132244834945,0.9849065900251637,0.9952763651221863,2.7089373717862206,-0.01776827903028703,-1.6702915788568007,-0.721707047336324,0.7156648749592984,-0.5316451887310144,-0.643360645170655,-0.03333252631386144,1.9725463475941056,-0.9946728856712633,-1.8509929298206855,1.8379842719055288,0.6248949977757141,-1.7696539631007433,-0.4203358782768115,0.5747249862339548,-0.17977820611121267,-0.5521531160124484,0.13483680607670975,2.1830215317412307,-0.22309368147945943,-0.5946544126258303,-0.11436412776828195,-0.6357171233899668,-1.7829176489308625,-0.07528341044864392,-0.12346473518124575,-0.7281168513238074,-0.8452528350322581,-0.4467550266789088,1.5375721804701756,2.3881070569910094,0.8552884610340746,-0.24698365416673979,-1.0442427635343925,-0.25328173158408085,1.8511292037348253,0.6541586103036336,0.777945850840059,-0.5092420702879018,0.3612051370594874,0.7683021251643272,-0.24891931943247025,-1.5025324762537222,-0.1976099404048515,-1.734104348313748,0.7333529113982684,-0.45322475330859924,0.6858543119267916,0.01781739722711895,1.5891195273372731,0.6458046998240984,1.4304983465828849,0.705684805265325,-0.8769625500598105,-1.2110294059765787,1.0315157835782638,0.2954384683405071,-1.0922645453275028,-0.157081079010175,-0.25478237353276273,1.2668290933519433,-0.1634682399232181,0.4318671840468875,-0.2536859091864061,-0.6676323560446379,1.1787613222892048,-0.5257448610970634,0
0.8245213172204537,1.4639456491249698,0.5441756404442599,-0.557916224416734,-1.3123828332395817,2.672042216053595,1.0032987835995466,0.6522600084328438,2.1373691101904138,1.4167112324797164,0.929364441186508,0.14226636834113807,-0.015199404792396329,1.5584556521905522,-1.1474944701302312,1.0830632270452822,-1.8073369413387224,-1.2076648335101576,0.021201977616246825,1.6235579517969838,0.09911350880895524,-0.16609966188672343,-0.6487793381184093,1.2236096716870635,0.4332360361150344,0.0067623343884110065,1.6956357265345832,-1.3959665362072429,1.5942486244725156,-1.3664647580302263,-0.6479592778912284,0.8298313700682081,0.7254533608280237,0.5929829210042948,-0.21715085760536437,1.1383042441065774,0.7478781452657588,1.382117351554286,-0.06789237019944626,0.6600817932101026,1.50035019467931,1.9317144373775086,-0.49793225757575477,-1.0898849747196417,-0.9263752247998513,-1.17565160483005,3.1830678869916724,2.244238134039513,0.21650755312908776,-0.8266855226233485,-0.06188821368216327,0.2740976440849375,-1.6163378373250816,0.1657342376445487,0.577340598408227,-0.7058400265834164,-0.14284371351857422,0.8402505800141412,0.1861531979009996,-0.640657128420957,0.15759747262183998,1.5810954707244553,1.6019712027259723,-0.9715556120249845,1.5015711256739865,-0.1469537956230071,0.46240533071135176,0.8808625117737665,-1.456666733805943,0.35746732622164207,1.3230446272164498,0.21386864985702578,0.36981644250051193,0.9599764683401135,-0.23490853480270818,0.09444239756228406,0.39995626457619654,0.5105055164121277,-0.4931420760580223,1.1198821548072537,-0.6497237623502465,-0.6458233299708058,0.048876133072497246,0.8965144663182664,-1.0548602740651745,-0.2410420569965523,-0.9135469981180963,-0.3634571593775072,-0.7306868579958283,0.07060387237065521,-1.6942383445468454,0.6409790923681171,0.8889363147265257,-1.2290842661463475,0.0662647202718545,1.1270666354171188,-1.381770693877334,1.8540743382565157,0.33399386914946116,-0.6797207894885622,-0.5708992962257033,0.19376778023683697,-0.12190956550662331,0.6316521553810897,-0.5205759927489885,-0.5501859313044295,0.2597621554418992,-0.674701770136556,-0.28828160407257614,0.9169447937118811,-1.684843296620915,0.21546963731780538,0.6479249317342407,1.1986613378124398,0.09896754594032972,-0.10331734203453188,-1.204194908660057,-0.44681155860472926,0.9979186411633331,-1.0201917331461479,-2.058648247022957,1.240581049483623,-0.2629064181994381,0.9432061356345391,-1.032226066566892,-0.029551992961865853,-0.532091094287083,0.39314366231354037,0.14004656354790262,0.7128224763119566,-0.22402519972882246,1.052922131521703,-0.7121740597774774,0.9061852534774625,1.2448752617029961,0.2704338659491745,-0.8690186203799493,-1.9202516476549454,-0.24400502289156675,-1.095400932230623,1
-0.5327329196260719,2.2092017810832902,-0.21852415443761591,-1.4282594748204516,-0.6022376896673524,0.970010783888008,0.24819014032136968,0.6941498153866891,1.868345237833961,-0.06890898476794292,1.5025951474322312,0.6789743961571403,-0.5907346502144483,1.431046268550106,0.2215908303547458,1.338919809768985,-0.18054222392484984,-1.836473889887686,-2.191012590692567,0.5318708564493052,-0.5271302174061714,-1.8239318277386947,0.5100025116486664,0.8078342377915504,0.09287995961751991,-0.14593535832675336,0.7733084303760223,-0.17375424696651467,-0.3493148112601962,-1.155826914850996,-1.348330811323041,0.028759071114653256,-0.7967678467221102,1.693790310676651,0.07832663522953173,-1.0808096633878364,0.2575636199671549,-0.12452901298116602,0.42831481311965836,0.4386119457019986,-0.7453096791618891,0.2638229494488202,2.0165037492566054,-0.7407697581154988,-0.41640552306503326,-1.284847994964081,1.2652166834761103,-0.06916438042035042,-1.5322855960932706,-1.2144921103702808,-0.888086978081302,1.257438107956648,0.14087296994386825,-0.19760337446115087,-0.7409796437619157,0.011568921672004087,-0.6222361117607916,1.3381323684978847,0.155822398865024,-1.0295491559192973,-0.71080355926386,1.6768174221836414,-0.2054168993321987,1.5448907881687142,0.22017346067776986,0.43677975085286064,-0.5378076643316114,0.810319190615481,-1.1972670564309515,-0.7466780461975897,0.35052349605195576,-0.2911924877835791,0.03583192505397732,0.5314245659533946,-0.03785423036260973,0.0883080760635184,1.8466304231186212,-1.9955250301031642,-0.4852293893195382,-0.18895123280668136,0.943611368481455,0.7594731762223799,-2.503398198881399,1.118890328064055,0.10556529377069218,0.727283992299124,-0.5404405110634545,0.6129452385705902,0.4092248805661277,-0.11301972323711794,1.6290806989186104,2.307589751331293,-0.0446716384631653,-1.6220237259686265,0.5252534334545408,-0.7491952414964071,0.3303133139143252,0.44990503504286034,0.16889025720414985,-1.028747690857889,-1.4386038434661244,-1.0987963714987674,-0.09735209908668956,1.4384369124226704,-0.29921900048577355,1.1039281600703381,-1.9355558748591706,0.47778703192832706,1.6320167313517415,-0.8891276669122908,-0.17164668604380423,0.1428927590393914,0.7192411016813574,-1.1247523041529073,-1.2278393360905702,0.687143675590343,0.5280358337913892,-0.9627234267602669,0.626904746969274,-0.13026779524339205,-0.8970544892055167,-0.8254794995399998,-0.2998866890726296,2.845659424615054,0.2164367988699434,-0.8177137911082077,-0.7928084597212305,0.6266139621256052,-0.07177192678515232,-0.04076889465057975,-0.44561782041204434,-1.200599194472876,0.09310448876822226,2.0767435295007295,-0.11464342711250634,-0.09332883042289657,0.6082370177303825,-0.0064785490561641585,-0.8772953936254214,-0.47256529218149046,1
-0.5418811400057372,0.8313015034345007,-0.6178053418595809,-1.1612322096972312,1.1430689006429988,0.8642936517826371,0.3005613621148165,-0.6943321131732669,-2.4908848678670186,2.2262832014372047,2.319852575947331,0.14614451845967866,0.1645855580349718,-0.7844659287969985,-2.298359912177516,-0.24704536207549627,-2.073913325836753,0.7863713226799957,0.34337092207944936,-0.8327080984247078,0.8098149237075639,1.1653252242541519,0.014265203859049554,-0.23212926735148343,-0.07065411168971188,1.7885537408512777,0.07701531342029877,0.5791442948812201,1.9431387955597126,-0.9725054882437586,-2.9334347244055228,0.09570966808756746,0.6908419572286248,-0.8529258517512395,0.5106023835893607,1.3069483393522203,-1.7567682261582263,-1.0151105600125103,0.3761567359930052,-0.9739184159899267,-0.47198781413231444,0.34206371348764875,-1.1893827826201377,-1.8847839612994903,-0.4991982565345995,0.26196077165750564,0.7573923044194804,-1.2791564761259315,-0.8962921962533146,0.7503054834736272,-1.2012702824252566,-0.9672378725992423,1.4368027687992135,-0.4342319051135621,-1.1515943590858424,0.142769817290217,0.6030464677088937,0.46259154880467074,-0.10670663097552432,-0.7991152325242971,1.632998676056382,1.0332090222091974,-0.6451912168347949,-0.0142294665995325,-0.8246215309395382,0.1839920647129733,0.1417548765531937,0.33424876650405405,1.4376535595280044,0.7224796832469206,-0.7858310491753064,-1.0915261710235786,0.27673558225738365,0.7072364561052739,2.1958561341288045,-1.341991606315189,0.872478292806909,-0.500299739404394,1.757375996699735,-0.36928577651833794,1.177848981445288,2.513556099865903,0.4891662343346764,-0.7506477052375304,-0.5989596743042526,-0.9519056083010713,-0.6598699376299684,-0.7122047562998594,2.414901981479624,-0.7762505170442541,0.14724064594505795,0.43436268716739473,0.39987706182555127,1.8214703872399636,-1.4503379612592329,-1.283343194448379,-0.922076618186253,1.4340003427548984,0.5408367797890721,1.9660312557991635,-1.912221001763679,0.6073188018374951,0.4632393481301757,-1.6339696721062489,0.449236969063696,0.492562298689664,-0.6452568673182584,0.5266834342719016,-1.0902537532613594,0.7332357248381272,1.187694485643077,-0.8360746221371052,0.9261563207627671,-1.460138067708134,0.11831368302270757,0.04481111071560267,-0.35473731558464255,-0.3753431294867217,1.6461523296199372,-2.577934255943906,1.5546951413641457,-1.3063928274827348,1.7072826703590147,1.0110288425732539,0.39802156819872614,1.2156670155778833,-0.4756726126235288,0.5453860213727199,-0.12942795554002953,0.321893120740843,0.8573478574161031,0.6017343596669406,-0.3889585102142836,0.1006628125475929,-0.12456543618986783,-0.643202624240466,1.044204987063657,1.310828561938408,2.366511370024708,-0.7261188243992042,0
1.0821166587568647,0.3818922051310717,-0.2673052093960161,0.8775278764340163,0.06201640915478818,-0.08575618215788675,-0.05191834537352247,-0.7033261646873435,1.2686512810538757,0.1605259839937288,0.789230137889611,1.6090188409750676,-0.8932878409843235,2.5021121362561436,0.09881647745505052,0.4423432582491204,0.7908569364277865,-0.8950213675873857,-0.8031928453064647,-0.2540203444356054,0.12406338747280961,-0.8064236761360164,-1.3773444075325743,1.1550577432702418,-1.0941599037184815,0.9147564101813919,-1.190490312612359,-0.6790924769717784,-0.17620193662607306,2.284283904314413,0.19078162971116353,0.26736920929789537,-0.13899312591368387,-0.8869099634132722,0.6819259961354242,0.029341061309044836,1.406365186308194,-1.149992905401606,1.3420155728798164,0.2323125883580099,-0.787474812263862,0.30617869136001036,-0.8151358796874164,1.1955840850931874,-0.11451727325342625,-0.8012426545283867,-0.5548088720750396,-0.7888503818723078,1.5374611326016856,-1.1283407533448926,-0.06811265119607059,0.25725907276041265,-0.44059783246694356,-1.3486846182742245,2.0932617051984925,-0.3252720713822395,-1.312327657771026,-0.7778292446521701,0.12026157064824576,-0.1740520372237422,-1.4025738222341657,0.3046959655282398,-1.1704882374559704,0.7741957270477018,0.3889553419307649,-0.30082601475412957,3.2587046829700625,-0.5631789735998385,-0.1202426869709029,1.5642538737387424,0.7964277376999757,-0.8979293762831192,0.38669998891588464,1.0048878690341772,-2.638639123683893,-0.39379651271009325,1.823550221696175,-0.6845300541581135,1.4845150353497645,-0.7538141430433114,0.2166749539842846,0.08180599680066361,-0.7290063825980508,-1.7533792200546918,0.8269750974366351,-0.5897227337883824,2.032081102552625,-0.29176254343052815,-0.13855733555640617,0.4717530128371796,-0.7573113394810379,-0.03126714949987537,-1.6436839952891371,0.8907996510708805,-1.5525925445427333,0.8719348998294097,-0.3280146288981752,-0.6633354800753207,-0.4508274333457593,0.4552916114832184,0.42179133469529767,-0.4223519017239894,-0.830199241942612,-1.1958689846756025,-2.3434125498558096,1.240067645741412,0.30224863248842987,1.2512820086237304,0.996939055584936,1.027867866791311,-0.47903632635112087,0.15410046211156897,-0.9877466775333148,0.5704807775110726,0.17190718003496624,0.4890035794607126,-0.10431339307324348,1.14494529659111,-0.5106435936752776,-0.9495738715741313,1.5141044007764477,0.5468766627768763,-0.3430839859317405,-1.6272309959232638,-0.42718124994887874,-2.181910479297845,-0.9314898669136267,-0.461911303108842,0.6489565819024441,-0.019916182589012347,-0.8661566546571577,1.1924550473744642,-1.0824887424773035,-1.9998326828221649,0.8765326093139422,-0.45400385635761337,0.733695540787557,-0.7704768485908347,-0.7577921964709301,-1.214229588107394,0
0.18922038303009844,0.6848400522631674,0.9671188092836338,1.4743762706710224,0.5207284876358342,-1.0115283709412373,1.2816500883755133,0.15276472064960336,0.883335921647585,-0.40861406324326627,0.14106617762057394,0.1369110792609441,-1.097169192926025,-1.7902793778223574,-0.41912098863821073,1.4615761515662853,-0.2782607634337108,-0.005787121217308497,-0.06228093563132357,0.9912593079922835,-1.1859875213392077,0.813628616346442,-0.18495237207752266,-0.02248558365873244,0.43402601956927184,-0.06621530527380143,0.28854814991486033,-0.6214568419614751,1.1841427733325611,0.1117429710039723,0.9989204518756958,0.5433652905091364,0.9193440878087101,0.9215401977620513,0.25856220055972506,0.9254792606975628,0.42907535912099726,2.0167061113637206,0.15300306718769,0.3947995174881914,0.7645004367700337,-0.4832611294970186,0.8794596642773548,-0.3956588946598254,-0.435291990040715,-0.46154980033539134,-2.2528732605652597,0.4239404075154018,0.043318782273883354,0.09130548354845314,0.5121941949141836,-0.011648393925178191,0.7131120226989858,-0.6086443769929964,-1.1448650144210677,-0.22183957989739228,0.18375521226763944,0.3203288371091516,0.2973455553334814,2.37132310368716,-2.123509795403718,0.3128842645245583,-0.38980506114155417,0.6689226803014565,0.46152169687682204,-0.23499378761195513,-1.0836736954492536,-0.49034944481966414,-0.2967099414480471,-1.1633455756768263,0.9828625541717281,1.3525897740516875,-0.7279116747649808,-1.8009105628751678,-0.5695827320176565,-1.5036903164184443,0.6069583433844167,-0.716833950520475,-1.5924900645649203,-1.2193702858523567,-1.397252935496799,0.7348918539085431,-0.7928536979460002,-0.16641276460050708,0.07070919810667146,-1.129727735240402,-1.5424585824899082,-0.24904730976013045,1.2094668609933694,-0.5466747201891171,1.919304520376972,-0.37276374357759284,-1.0610492635833002,-0.5913292719213608,-2.152166156110241,0.4486623240136736,-0.31358884146727073,-0.7827405064332961,1.5629631329670206,-0.5770237999316665,0.7881348243163896,-0.14623913067886174,0.8770759888957745,0.31255680844764916,0.5158530583171695,-0.484201092147889,0.21475093904614292,-0.38781392621583843,-1.2379859531929398,-1.0328034248764983,-0.5368094539365046,0.20015674877080525,0.5602956261635934,0.9860487420359196,1.5857721954892179,-0.6636809324271231,1.3843568464412215,-1.1739226488709011,0.0535676700167404,-1.1890694918942109,-0.7169030388060027,-1.4239395686076366,0.01564132646197583,-0.8682653455162478,-0.6111518932902354,-0.6308743362322727,-0.5522095846529322,0.6682589371568379,1.1764444354014016,-1.2362087283221486,-0.005013802918213658,0.29412202115967667,0.012674891216969603,2.121574919136981,-0.22487628125896222,-1.2930430618023578,-0.5941079110916483,0.17615632207612605,0.41382660245399094,-0.43376417520427274,1
0.16001243959720066,1.4539423480730942,1.9190607646559354,1.3100306452968453,1.069229567117975,0.7278376246395681,-0.1592909523006995,-0.09943911908307966,0.9146798802775489,0.8944107673044667,0.514017326294719,1.05491667641009,-1.8501532401693992,0.35610887403629327,-1.2777043389000615,-0.2559568759632453,-0.030679535022231082,-0.3467100657495276,-0.8064544839274727,0.841020612124836,0.5678172431969538,1.2284694942602807,-0.315689486515851,-0.11914092613912344,2.619894082931813,-0.3439488441940318,-1.5526693154708593,0.8663891276538863,0.966956998616923,1.1494078197888378,1.0763484262487373,-0.8967088330424207,0.6821180553814989,0.5008856914545795,0.6962290555064156,-0.11808367636359858,1.0460946834019185,0.5082437681063092,0.3655026812081857,-0.4799439366892571,0.8279581291132898,-0.1271547107189649,0.2700246739313624,-0.07928877778514064,0.7698333465306653,0.16414787210743265,-0.9284764352618116,0.9665046957455653,0.835600849360327,0.4620450720925915,0.24472397563664897,-0.8016480045197555,0.04067132824355497,-0.6718997715365115,0.5016214266788384,0.7074180386787429,1.1228728782968733,0.1528349180322037,0.5057576959530043,-0.34385397661162315,-1.1529357209852351,-0.6181680228465531,0.6243169309948554,-0.2715598699942463,-1.5586461263990405,-0.06849111764943101,-0.3254704843925398,-0.16927766969323116,0.43397206041993963,2.071024232287766,-1.130282815790481,1.4864215346920473,0.0953904542641158,1.1179822651131104,0.41300536804664206,0.04050765831082052,0.43686599544068416,-1.4453581503425603,-0.4949501282657356,0.2334366296909076,-1.3192546930665732,0.061121853045672705,-0.8772812067776413,0.45089456250937804,0.4761904729035367,1.3298399134660903,0.37242354386299686,-1.0903771846192045,-0.5561233204015791,-1.2837204291381799,0.38180481501905483,-0.4703375074175187,0.02052831620798887,-0.1576297206205906,-1.287622124530902,0.3075594541870341,0.853737909928055,-0.7206017366759229,-0.313066363362197,0.7136849106606997,-0.7327523542734776,-0.10789527883697372,0.4352187552702819,0.9567824586787426,0.16186140489688944,-0.758199320425896,0.27593789159423676,-0.4511698698112304,-0.09800500751718642,-1.0942711066841497,-0.8753178165729602,0.5745570048269693,0.23912518156295332,-0.373434404304246,-0.8437853332102816,1.2287140243903516,0.5039473926191791,2.1403310315536848,-0.8140930186326494,-1.3734015629907197,0.36879551513699904,-0.1318772556641443,-0.19681659285544012,-1.0889047832882435,0.02603541769692526,-0.5999682986329311,-0.967006543669564,-0.5967310246676601,-1.5103620615070816,0.9460672820122752,-0.09342694315602153,-0.12726727809452687,1.2815099317052556,-0.5707689258138436,-1.0928366817508646,0.5525320828854581,-1.1132204406455457,-2.131564012577214,0.5940584600656883,0.21004836955366588,1
-0.39119022945351023,-1.2561626140725755,0.5256922798696625,-0.4825009434503875,0.7552146871933955,0.5476317852880959,-0.8169093708396755,-1.3058835976369125,0.415247471370318,0.35652533972324074,0.3223889074138931,-0.019555760553878247,0.9641794651503696,3.181083467055682,1.6890838613926897,0.25942272429527774,0.7726071570836791,-0.23453379827669266,-2.168319883892745,1.5345015790191046,-0.6928565583254017,-1.3208026625279998,1.068918862054538,2.3918447441118746,0.49045531566557493,-0.22991851603595126,1.057459381473069,0.3464609087574656,-1.2995568807071656,-1.0188648434645378,-0.48780936950643466,0.380524340945653,0.8005301016798243,-0.38059592772156947,1.039850440608017,1.43600302912389,-0.15592874855994787,-1.4101669206515857,0.7246857194692277,1.805597418718883,-0.4514362386008232,1.6781091083481414,-0.5917066067313506,-0.14628317782570077,1.2442401041413804,-0.2602987166185276,-1.3721923146849035,0.6921019294562452,-1.2629095070107228,0.9318492968803208,0.781358526578434,1.4806810353184667,-0.8866314377900184,-0.8702102680526893,-0.008178273124013659,-0.4210814908874846,-1.6208683450859425,-0.2877925080803012,0.04635887729396237,0.5097397301448329,0.20556044202899795,-0.20812852214450403,1.5739451024145161,-0.34549840308309765,-0.6277307734634403,-0.2030746116618741,0.5701179650557039,-0.4729025457052106,0.5315333022466355,0.5438947489367434,-0.6483432973251927,-0.4764263934327096,1.8798940473651848,0.12230621291398042,-2.5966739052474295,-0.7370805430636312,0.602170042685676,-0.04912777981434573,-3.728383473913646e-05,0.7102818161842178,-0.800489709130508,0.15140359904536374,-0.18313074423970616,0.2278410739612341,-0.3642899855573795,-0.32564199891529094,0.4603390411949188,-0.92801004938925,-0.589337466012365,1.5919951481326793,0.5214862684940798,0.8752388870456065,0.04970132956985467,0.14806518907272695,-0.8192303946977615,0.2662048654671575,0.2683843715254636,0.842259571441575,-0.2660262045528864,-0.014462051703907042,2.665380504715763,0.03870525477116731,-0.8292129055573918,0.5306992754012185,0.15499215079846868,-0.8761430511965663,0.4185525057430154,1.0154334610343954,-0.6671154532271588,1.2620382920766233,-0.6421255729707689,-0.8183999719695577,0.13279008310761947,0.7325796183014991,0.8438488317190412,0.31524520611103773,-1.1333183414188044,-0.8859141634661742,-0.33482148702493897,0.54439737744334,-0.39233704030305117,0.9851991837563067,1.8973831195959554,-0.934905376858261,0.050383738009770446,0.5837365254547577,0.8336989392562009,0.22061309850943991,-0.11339772020564176,-1.564632856559647,-0.40272736944850335,0.6084944139479485,1.350252188754352,-1.121244943525984,1.2596462622308757,1.0046534382386663,0.1904600762987684,-0.7864632449581261,1.3987829507342573,-0.08933873964835644,0
0.47472859411475465,-0.8080401952958707,-1.4358017592701582,0.6726239671244991,0.39293540039497366,0.45970262425520714,-1.0701661076292637,0.7845558160153623,0.7253545795522236,2.486069764540545,-0.2610127754200713,-1.708611814526103,-0.43821241409530404,-0.39323438479250605,0.11257948638556572,0.6694803143906236,-0.5490747890064028,1.057694553158336,0.0033837961864613135,-2.1268776135553544,-0.04504322280158162,-0.6238288808135609,0.13251599605784437,1.0465667028802572,-1.1719959924486065,-0.16580604133244506,1.6379923444568936,-0.38716082153689424,-0.6383661634523601,1.8676653817499185,0.5005399507254719,1.423124231267498,-0.6795885099637575,-0.42385968374529853,-0.9966110291974545,0.5129907829442338,-0.6870294621426761,-0.8951458938466487,0.13747864864491136,0.34257267333388297,-0.06991855309709426,0.11712311831102047,1.5550861969780492,1.0397686965206188,-0.04667065727781076,0.635064786873398,0.8651657222855841,0.32728736737366565,-0.759085799837483,-1.8405248295402872,1.8241793695817412,0.038341469178934835,0.47593898657546146,-0.8793308787371489,-0.22981009173860498,-0.79497084237966,-1.0020060919038514,0.33034489458683264,0.3348852234230878,0.12367018793983431,0.10016302363330228,0.5323793670780701,-2.72021309906086,0.7912939385835409,2.263181102016073,-1.4749977271646324,-1.908671096938849,-1.6912943394497304,0.9902587222182052,-1.1789608833291298,0.19508588266033472,0.494530966561504,-0.17695816657095942,-0.4785889965951974,-0.3231358976963267,-1.3027026388298355,0.8104365111379868,1.0975214526812578,0.20446618180425075,-0.8584877318146634,-0.05885928264758842,-0.20164722568506083,-0.5966599968843785,0.02312215470132006,-0.2858715010506222,1.1350093137266182,-0.910730163697094,-0.22035817232835486,-0.8673461939638163,-0.05246360069309277,0.2558661619151507,-0.26615768834198744,0.8770368470214547,1.6644564616527113,-3.2743020632906257,0.8886433404807662,-0.04718680158501277,-0.011147503647209464,-0.2666459716151036,0.6083622645277685,0.06278949100930951,0.8035981580078836,0.01468461448645455,0.541284390596235,0.778779076760966,-0.12758029741804564,0.7657499246764486,0.4917196738478596,0.18578347140405047,-0.6957873971631685,-0.8423034177758998,0.38533598179835016,0.6398987134510057,-0.3269433263386272,0.7208962403740306,-0.6995040112421261,-0.12029595454250355,-0.5801719812567284,-0.6528221076869577,-0.8085907912280638,3.428318642258948,1.1253542771968013,0.4842482836596356,-0.3962619239055099,-1.122804247458167,-1.522920155573238,-0.16138531354195812,0.9188259549727554,-1.0509227579641216,0.5661447103100283,0.19267431927743958,0.14530413360242053,2.6523597986963967,0.27438403347712415,0.21783236359188907,-0.582204122800271,-0.6594550177041301,-1.1019979979156669,-1.3153343451057462,-0.2428642069090574,0
0.5190145554492427,-1.8667227519284268,-0.13657008819373084,-0.7919469241030145,0.7775013349629926,-0.39288714433746447,0.8366605696514029,-0.5891224277223014,0.4735099351710961,0.0002857178494497883,0.4778417816941984,1.0075982213304666,1.8585582200369715,0.12092547268379432,-0.02885441673414204,1.425477556518014,-0.6784037268682381,0.4748436035199421,-0.5883834891653364,-0.14050687315819738,-0.7224146824427116,0.6668467566681955,-0.22637987197611914,-1.2180610068615745,-1.2544606509804366,0.1307826738237713,1.0760424391567875,-1.8530498495324432,-0.2716742057034299,-0.607428937381865,0.890645293984804,-0.9630527468993336,-0.023058511067873353,-1.2689066602288144,1.1964142819617933,-0.9300002479593057,1.1619108641681553,0.05493591442695288,-0.8950271085988182,0.6083975272383251,0.7545852481307891,1.706614384665294,0.5613633933299977,0.6589839990331837,0.8449307763299969,-3.3778060680963597,0.3849705924881598,1.0077529864723687,0.2304531756284125,-0.508026789348276,-0.7036937145970368,-0.043178394796978915,-0.13335744057634533,0.20709105095650773,0.003086009635289849,0.631829101568884,-1.309512390692821,0.8005878074964505,1.2680840889248495,-1.6763613252269693,-0.4374882858508216,0.8449704083904522,0.4208231546293828,-1.1503703991069667,0.5937464871189161,-1.8740885517325037,0.5023352639633332,1.3469817674653521,-0.027043875129493043,0.8051267353352987,0.3331592571603011,-0.7503333827369935,-0.5659007216841383,-0.3106212158096917,-0.2471506976034363,1.1655362576369184,1.4894054818361084,0.8667091074983201,1.4775700728951788,0.2775634973053798,-2.6708889746192184,0.003663478668018067,-0.7746740736491939,0.6713284003556713,-0.14185427848434942,0.3132813685048792,0.05088462250841215,-0.5505929807620066,-0.8394793106073695,-0.4878674528884194,0.4385488669659008,1.375017277497363,0.43809301725675337,2.549052667449323,0.6360419396464896,0.2186169885209935,1.1390197595468683,-1.4276616699776903,-0.6434703328647716,0.6142637473725224,-0.7238888584211772,1.433092000349769,-0.49143683614056966,0.8185758706419417,0.10729942335199341,1.9472379243070037,0.7387569623402098,0.589977665972732,-0.356267841503397,-0.5683718128181101,0.07069552130484637,0.5600260049729038,0.33952153753103387,-1.4512018030153955,-0.336319477321662,0.32494358644730714,-0.9616037296292061,0.40702480939774177,-0.4396561219499117,0.5915058190001037,-0.22119350595284756,0.048264578880023556,0.17526690988613516,0.528067692959832,0.853312515226707,-1.1849375394126906,-0.01819482600694454,0.14017451512406576,3.119794243839002,0.9013651351512043,0.12202989322558308,-1.2313036983691499,-0.18263746072305032,2.311191376990407,-1.4955805620885396,-0.20899267393498402,1.3206192602886433,2.219560975507616,-0.19281841475840028,0.6229785554331496,0
0.9846522769884131,0.6980639628745328,0.3136218254576597,1.3984475741159723,1.2083093546198012,0.4992908980319574,1.7452316580143292,0.18972665518249882,0.2332059366275098,-0.20195778675787115,-2.3597069777390973,0.2596975526392738,0.20002698487156753,-1.16111640682217,-0.6664838410578919,1.0277383609385005,-1.3211516432641297,-0.014512295343342956,0.8702250577263654,-1.0925347658125235,0.09519284194789107,0.39481130614306476,0.8784989941216944,0.3032595632141177,0.47013425731450253,-0.4770485820560084,0.4297698646400432,0.7958839531713038,-1.3849360545077893,0.4627237550364684,2.7580883908922478,-0.5350746461820111,0.1677106493920145,-0.7575976909107585,1.241987236270701,0.5048581819729395,-0.07244631289025545,0.8082326449339968,0.9486700113585335,-1.1657257391666336,0.4590245941518333,0.3582973774471424,0.011694223464318552,0.009428623435224694,0.8115253860697987,-1.4151467566040694,-0.49029330188295006,0.12021983388154138,-0.5252122927547902,-0.08040770785641037,-0.33237877697724916,1.057033406919936,0.0069871326537868286,1.7358695172804632,0.006562837467331075,1.1007641728655482,0.5662495877673364,1.4439436624953368,-0.3128336627596609,0.22519927510436238,-1.2998925293101304,-1.4252387388900438,0.8648652396798694,-0.7275299475726488,1.0061922783388078,-0.03530427860933318,0.9086774006968004,0.8103047420985833,-2.4329799703880273,-0.2869715285089691,-1.0431712377054063,-3.1245866028577547,-0.6737841146351778,-1.641248847035014,-0.034809571663151885,-0.7565918250582592,0.5082955806128814,0.08911679744490099,0.9125656659713709,0.8598115927824225,0.8406336442612191,0.3076586489864053,-0.3434827780020005,-0.49101137080225055,-0.6861680215485179,-0.1988505362210369,0.8793011122046429,0.9686169507077136,-1.5277377809027968,0.19369045743899763,0.06672401279558197,-1.0523210061079789,0.7599936794725596,1.926541362106122,-0.4347572445128591,-0.03619286612417526,0.5266725712317725,2.4794769419610554,0.8963741362554268,-0.6564423633871128,-0.7640427028547649,0.001958455133397418,-0.07525038149267194,0.7697671760219637,0.001271560701591887,0.21721799074858358,-0.7540727643115311,-0.14405516003859264,0.49152225396841137,2.1786319091418704,-0.037388926675745,0.27619595477204845,-0.4953767022297585,-0.7780248434723112,0.51230996733296,0.4765833747929857,-1.3095571747427595,-1.362956347472948,0.9557504739584998,-0.7683085442886856,0.14204627565361533,0.29163892404838526,0.1664325902617472,-0.2475511538156509,0.642546116991234,1.1923236314291037,-0.0008438131779445677,-1.3902068976093378,-1.1316207266551985,1.415820583332995,-0.7821582543542727,0.9502954188425404,-1.342132212154202,-1.2551538391685022,0.43452224217584,-0.7218355600528036,1.3212962269345028,-0.023392926239765906,-0.8982110363861463,-1.2559548779410894,0
1.8647090324523106,-0.1927651944804059,-0.09015851737501503,-0.21872790122138797,0.21374432166554064,0.22729890699783573,0.03132404034441135,-1.7350406471792266,0.7361425701947344,-0.25512426865057747,1.057906675553529,1.6416536975490095,-0.014482008880898045,0.17798606758198898,-0.32268107455999084,-1.3164525072780167,1.4396553639917635,-0.39166743856524056,0.21446881446888255,-1.722931445107047,-1.1000672375137568,-2.2486828044345812,0.1455439545360081,-0.9052395334868496,-0.4721871417111189,0.1401208667177561,-1.5363894372672067,-0.5507655313971614,0.23195732980822403,0.12930183274331278,-2.1857414104358837,0.42659478462469386,-1.1360942948005435,0.1881646517017153,0.2044096338848574,1.372614269409871,-0.002492488035959987,-0.4601865142928048,-1.0225346626886007,0.3562365990076788,-1.4691464259253804,-0.7622025959972938,-2.985972061875269,-1.501357699448037,0.9316606542796043,-0.8719114767594458,-0.33646348633623696,-0.9413297339453707,1.02868272087903,-0.38908616287497133,0.02957069088634503,-0.7940124930051257,1.9910691474340387,-1.3628569751434576,-0.5445517623000996,1.4076478924460907,-0.16674428886786477,0.4388611801448749,0.6259192304421457,0.5324769015070242,1.0972542637764404,0.7810319760642691,-1.9450616618697076,0.727975973407988,-0.3805601076123177,0.4973846376403713,-1.1763398787143338,0.7655935911628292,-0.43591483297571915,-0.47079452807105115,0.8524654922439019,-0.558050527483272,0.005440887788182766,0.13681502622760633,0.25259752710101957,-0.3227720992599864,-0.33289338808305713,-0.498919235094475,0.8742540216045998,0.14901486620078816,0.9645980819824146,0.7535765533003477,0.669928515416094,-0.49679041959253517,0.08156297047270747,-1.9339877678609843,-1.5129217374160095,-3.1243614517138982,-0.3265827071283675,1.2855988739580333,0.6381691916872814,-0.7033110919112818,1.361853313807248,-0.23696890813629953,1.4758680779398612,-1.628580525406899,0.034179185679973634,-1.0143639579548762,-0.12520097329847177,-1.8156821740433704,-0.6908930645739028,0.9228452771148763,0.5420881671869642,0.5244905611630715,-0.11614440357520316,-0.5972386776532441,-0.25714616703309184,0.4281036927167288,0.5652665387318152,-1.5805980649968094,0.11169721623906124,0.3718313577786043,-0.6819981708402958,0.5472533584747427,-1.1067148202706276,0.3181925252178,-2.701696362602554,-0.5341055761264686,-0.6956239529887722,1.3333174425382732,-0.33733217317779496,-1.0248854140853294,1.0050335358079099,0.05273245501792921,0.2846910463605096,-0.6506227809250511,1.408965155737797,-0.34036474042015213,-0.3068843384563531,0.3947042984536939,0.4928069881860107,2.362348427802431,1.1024973670340834,0.24124926008212288,-1.047229639707658,-1.0638108761132723,0.050569573259242585,1.8252893788617603,1.3630035563156533,0.501177040955388,0
-1.4760557221629385,-1.0309168313600146,-0.37669591313244594,-0.06824621275118209,-0.4126367565053479,1.1781743082046976,1.3834904045336693,-0.4003123559479999,-0.4505297288134301,-0.38019156394389314,-0.46165978730441487,0.3893307172742711,-0.30006218016542585,1.0699295433803155,-0.22430566251733655,-0.7770468765333804,0.006873904106140464,-0.17601382480008237,0.03002975286175356,-0.24669011559585,-2.0086823764877844,-0.6465747188069857,0.8729117866330028,-0.5294681512574925,-1.8455504239172174,0.09608170814356816,0.9008228698357128,1.64536496742731,0.7124359490040919,1.0347948284213393,0.8105988645970986,0.15043312676830436,-1.138403711950443,-0.10263429974689903,0.6878048578289111,0.056656396127535,1.1673992335481749,0.2379187977932587,-0.3458887128390165,0.42329733102665906,-0.7667310918617887,0.06672440424072659,-0.2770772098914039,-1.0485480672965395,0.7345853896710397,-0.9391772210810067,0.26729115617195665,-0.3725763762952072,0.31658500937143447,0.03886162049143848,-0.5941022793067411,-0.03807082916295848,0.07379905262863705,1.2629131776730655,1.8474042920996354,-0.9857171976913359,-0.6687929457307449,-2.3215196946630012,-1.1665531180909736,-0.9371194897005699,-2.1233475727399997,-1.608328170557788,-0.28615023148046553,-0.5199945791427241,-0.4471090827388352,-0.8703108869080951,2.800862930742531,0.3730445085598693,-0.04918550870695517,1.2817107819855338,-0.17908015274218847,-1.3886152188982428,-0.7551108831015628,1.6004784088435347,-0.34743307773688437,-1.7575531181747088,0.7684667900448787,0.3321424714935341,-0.5978166010852938,0.18123741610005484,1.3214941404219613,0.7182071576028957,-0.22206474022712444,1.1753178376923483,1.5124802548155778,-0.9813616389614889,2.193867956737324,0.1067855116508972,0.6730865178548766,0.1078949086239867,0.58954352653216,0.5386912510234046,-0.512177250448856,0.24013047419267267,1.1286884038886495,-0.5280128399828353,1.0090906038504486,-1.4470978146988815,0.6813136283768824,2.7803291660903913,0.44029934352675926,-1.3418889214705128,0.8868723177980509,1.5707010627422064,0.5397718450139709,-0.388504146918366,-0.9193798866735196,0.08454780785391702,0.5797640974779588,-1.8152200396962357,1.3573040937832517,-2.950330993228796,0.9926826617909819,0.785514232454526,1.0780269468893833,-1.3386274762777688,1.037699589228416,2.3971700707454264,-0.13878177027868552,0.2674048774613486,-1.4136917469869512,-0.7759921768365166,-0.2828044165461029,-1.3231416808839427,-1.0702133567030332,-0.42079044338467014,0.5620764833475294,-1.4266068567956836,-0.04990573703468935,-1.5812940141282836,-0.0525021636065009,1.4086813626946988,0.2686932359061995,1.2181647244031562,0.02664121154539626,0.3647927070469383,-0.8440659662825339,0.6997675145816504,-0.6259312851099418,-1.2206593498548455,0
-0.04595011411929111,-1.5057794817594625,0.6346911268650632,1.9332012036022779,-0.2835518546581113,-0.2376521014469767,0.5021207724793941,0.5945574995191063,0.12981385192172104,-1.6217788749211848,1.2062865925901631,1.0758488166054139,-1.2214309194993218,-2.7986225366883164,2.7234658108693925,-0.7262797491685953,-1.410763532397252,-2.9044422415424385,-0.5079376034598825,0.5514093042702347,1.9166037278749943,-0.3792376311123161,-1.8184645937927184,0.4332307843416675,0.29073193346831017,-0.6983788749015697,-0.3181106952419672,0.15404103973717007,0.806005368402589,0.5555121785847326,0.26505976628899797,0.048910889740190214,1.94243724064594,0.5437136040601942,1.1090710288407777,0.8764952175136717,0.35340725767856873,1.4901540500944983,-0.7589966846686419,0.8262255337063307,-1.3161630989524784,0.06596273287166737,-1.9303333769360616,-1.2586888007853347,-0.4225317764288912,1.820222344725458,-0.16490408190219089,0.7353722459674046,1.5088833280776108,-0.22245890242432229,1.7227692641220826,-0.03920695887679576,-1.0270068146875477,1.1017863480261987,0.627760665712992,-0.2980966694763978,-0.9561789685466642,1.0081296230880346,-1.109367231970031,-2.168400189116806,1.1644106105690477,0.8828670009789779,0.6806484424761402,-0.27954637491018663,0.6846391301578159,-0.7539949411285504,0.17973728331073743,1.7788503911010536,-0.03221227931264681,0.47435833350375056,-1.335114308956601,-0.47488408078206584,-0.2221951613903799,1.1042378879018757,2.062187255700047,0.3428980327853139,-1.7270866891577312,-1.179059973143101,1.159288451282666,-0.6987562201111899,0.7782909780719623,0.3580725508878834,0.04505461990586991,0.27840434624900934,0.18276613011617315,-1.323542259448632,-0.28476350805093403,2.135633199561286,-1.100736425567886,-1.1304040929106673,-0.4514965358168703,1.8946635298097763,-0.9064251821544239,-0.485996908625632,-1.0166590355801755,-0.5220288866347487,-0.2789898284013774,0.4925670970385061,-1.6281331275674251,0.24689893286584919,-0.9854724188017526,0.4468762902240164,-1.4913396665659564,-0.2779393228288529,-0.9205821313689785,0.10258902726208394,1.573380898163724,0.5935527280283308,0.6245650063577998,-0.07113905243469394,-0.19608312238819706,-0.14023198909012413,-0.25152178957267923,-0.6246733800005118,-0.7335097332201296,-0.7519974549767121,-0.2871631188725753,-0.952788914086311,0.20508154625838199,-1.5162198017456672,0.3547434472519525,-0.02413635758017816,1.6544585519204964,1.2985287455108043,-1.0598014290396174,-0.018093614875125185,0.3293774899885914,-0.6066628655912509,-0.9074706920871279,0.23742943382666043,0.6601339883695614,0.031009524081572606,-0.17057945642842634,-0.18412677502975067,-1.1315516341935687,0.7018976019834416,0.2055335491523647,0.12527209432256203,0.47828411371983653,2.6322920017543763,0
1.883573538254311,0.4505990262858914,-0.6174691522974886,0.862430756918798,-0.22249324708773097,0.13130475197071678,0.8486379208985315,0.5128376725784923,0.19233796843036527,0.5830386711734206,1.094427061400023,-1.318128391388399,0.548391804643386,-0.8993762674807545,0.4414814758459249,-1.1793276162266229,0.03335150181407037,0.1266413369073486,-0.09185665084230153,0.6630448855933659,-0.3163283165643693,-0.24057432953280136,-0.08407358002435633,-0.6632957094866613,-0.45199282167963367,0.7220729700923891,0.769098978067956,-0.784471626028431,0.6762525976572935,-1.4661937916307368,-0.3201670295989616,-1.1345195402966533,0.07687012510080929,0.007040874015594656,1.40095393917146,1.3167794445966843,-0.4460675242871627,0.04770943775753613,-0.8821457849275137,-0.6547165795058599,-1.5388655699526208,0.5643887898565905,-0.7328474757650237,-0.746966036051542,-0.47277380305348826,-0.48596119718063574,-0.8947399752086042,0.7994518347188837,0.0443516451133993,-0.6801481599348601,-0.069943126053045,-0.1910688239420737,-0.1798513237312181,0.5848450452854757,0.37416933393478147,1.9179742305197762,-0.9752221800731086,1.6852435605992688,0.34286686017187834,-0.08827277067883514,-0.9083339467544423,-0.5850759430989867,0.12799318688296987,-1.0760873631813057,-0.09438478987210067,1.8751678899473208,0.26685676521606827,0.4507611833218633,-1.0273226540425868,0.48626314652475117,-1.559605426672515,-2.285337823553991,0.4558308049676906,0.13176429687370153,1.382613694789407,-1.7844305437268002,0.8208445354943148,-0.22713653328728567,0.7031813374735358,-1.4200500978187898,0.4683134140681235,-1.5572230636737505,1.3780759066126225,-0.5768899670410429,-0.20824652405811112,0.3571993066965683,-0.9096454540514232,0.7372779574978854,1.156894506216809,-1.5732366061878162,-0.4623156991463923,-0.5902822779991146,-1.0360088173013724,-0.05850079442409436,0.39148074728741494,-0.8438531029683383,1.6186570063610974,-0.009876962244006289,0.13822962143412726,0.19510292445087832,-1.4128565239910302,-1.577428083791689,1.206946697813708,1.3079524481497222,0.9622058302958445,-0.45284082680504045,-0.7549494475620961,-0.5545431102062782,-2.0794940172536225,-0.3038791684330938,-0.10324920994171229,-0.1566325740053326,-0.7056723221344947,0.21674132472886107,1.0228429812467086,-1.0110082164200234,-0.5340810610476596,-3.782615510175323,1.248455735954416,-0.5570630485850109,0.09922423656272299,-0.5214310090441325,0.08347982551603461,0.5362039898707408,-0.66902882084457,0.452415664110881,-1.7760613526847973,0.7177680308944864,-0.8711990133521357,0.5668051423693413,0.48161751201099323,2.6858934108590846,0.8894243196811958,1.2107797610782658,0.27676729141143125,0.1582175511921383,-1.906793529927347,1.3880497627877983,1.9518863351496971,-0.011774080358569208,0
-0.7003209341994702,-0.5953574576822258,-0.19118664967764182,-0.7963106513947023,0.25050434592387616,0.9483960132069139,-0.13553158996113163,0.4610123910097821,0.9681367320763429,-0.3765845025259304,1.626889373296632,1.9313766222593725,1.326293485440428,0.25202127467478996,-1.0159517013899104,0.5685210973229398,0.3889773727251861,1.8349047167985568,-0.35241150518099446,-0.7370323600503556,1.8211547243909616,-0.23021882318718406,0.02097045998870086,-0.6400841841349741,0.19423862039496154,0.001982328502049112,-0.007522903940751632,0.1451296482013817,0.03477310343317962,-1.2474005974129259,1.1511174053924726,0.8561841376605104,0.5727136544980127,-0.7153840859426221,1.1186491238110468,-0.0692900206364922,-0.4045823936419115,-0.1822969879913983,-0.14499783686037412,-1.1707214149576204,0.7746605844324054,0.16254419032017467,0.8719305065825415,-0.5712327113922272,0.4056036762720197,-0.09054818031915883,-0.42232419100326307,0.3504636596130845,0.6855475092966716,-0.6045565143886862,1.5780134852380219,-0.24782245119275098,2.1865247942885455,-0.7471457498898876,-0.339513886174003,-2.0837730982656693,-0.0039256564344362045,1.2071426420725875,-1.0093169578149064,0.6448215200084431,-0.6557023566532094,0.3119926172124102,0.8692515297731154,2.229938719407216,1.220335304856028,-0.3013080276562192,-1.5416138844962919,0.5017572798272815,1.4395866058012001,0.05261386507633952,-0.4270185062409909,0.804981369420715,-0.16058065813934433,-0.2746315280628515,0.316096143561409,0.7530443424674682,-1.073288172384871,-1.746986955131924,-1.1887527979566206,-0.8107350269079807,1.9527297372554997,-0.46139311157943425,0.519704274783485,-0.5685151579486011,-0.6793939699478726,1.0872882916042523,-1.801191663724147,1.30989444494427,-0.00488113481871477,0.10896366777130236,1.0826688345510136,1.4186288195764212,-0.8879067591558586,-1.5247858892825898,-1.655837528728029,0.01958904311270364,-0.9250673108981178,-1.283920512714748,0.5198928472444327,0.5881797630658372,-0.2597267489862097,-0.26409025522979607,0.24995825159738722,-1.2278146771321117,0.5589716494089364,0.7629487158311387,1.3216428566229426,-1.825907163993849,0.5119045583340937,0.5826669918072168,1.602309288104306,-0.1952536225494258,-0.19206166387421944,-0.22808188532004925,-0.3996307438116552,-0.8977627405361946,-1.021265293738152,-0.6878019401882793,0.45209830489642233,-0.8974326471634991,0.6309191024456969,-0.03342737342771283,0.5447697416948184,0.7008297293936365,-0.27654702594435115,1.174722968701603,1.1512861849747926,-1.1769004754507622,-0.6969541614123668,-0.32956599572414463,1.0244162882756949,1.298623743125061,0.2993760269794263,1.4229829955633848,-0.3475289198825394,1.5021506412101986,0.9486715160546259,0.1754859558911736,0.6547346401006009,1.195714997351078,0
-0.4415504296690042,-0.6289022558184945,0.5482645269961867,-0.19185627939249994,0.0031455730284511434,1.5503320526296827,-0.802945421744464,0.8776591021330709,0.275075774879232,-1.108862641061452,-1.276093776132444,-2.3303360679956127,-0.4422364810363368,-1.0736292562562553,0.0404228544583651,0.18265159110595816,-1.7100463495434441,-2.085475516732907,0.5517728858714795,-0.40766548768681693,-0.8572123892742414,-0.27440379121139136,0.4416054964042876,0.9676966412173962,-0.016177732220503494,0.2438337325626317,0.9209908418005511,0.8993394657658491,1.1348907222289137,-1.2896348058672469,-2.802950184182948,-0.7895060643198888,0.9357709041734601,-0.05850890440434039,1.2608869862464298,-1.2529349776174281,-0.7734715112924896,0.42321466408727515,0.2031691613169076,0.21820219299778223,-0.16098554751827224,-0.11630219080098352,1.6653630438550429,-0.10791361463949294,1.084609215631237,-0.037650417041153864,1.0970993394965454,-0.10276991698838973,-0.2082222146023027,-0.10959008489453484,0.8160817549363963,-1.4899505044808894,-0.4168778116069561,0.6625898977077561,-0.12498648875763306,-0.7839435104700172,-0.11205999129691671,0.734726366703593,1.1753392380075824,-1.0881787940713712,1.6932123038043951,-0.7053099730437005,-0.11492398278640427,-1.0297761201074844,0.2354125897309337,-0.4997156657671505,-0.5651247071328087,0.40971564859559967,-0.1392403317873901,-0.6615655055289091,-0.48778214056581465,0.5999154533170038,-1.2869967047153856,0.31097221075101994,-1.099763428145309,0.5485658140270291,1.3605255118807427,-0.8450313170021442,-0.8740031169907997,1.9613305243281929,0.7924491827169304,-0.2998236279409325,-0.07909337017657889,-1.1759462884998486,-2.0968679740388914,-0.039195376125949116,-0.48370743027882884,0.6466039870336231,0.01267437444287973,-0.3470021295920206,-0.39171618989321044,-1.683237540918061,-1.1324756954917792,-1.0943215831714554,0.7458656998104684,0.5858139104950432,0.22416796901814687,1.7289133112480266,0.24836943217818575,0.06689210199442827,-0.5089324689538025,-0.26309386143930336,-0.8626509462678543,1.1965383200177604,0.47942903242813545,-0.17037814234060253,-0.207991611895139,1.2720388690439792,0.6994165177030742,-0.778108106129896,-1.4523941136472769,-0.22660298477458504,0.26458035822723674,-1.7142144103462977,-1.7466620648696507,-0.4025621336391822,0.7575961777552508,0.215852691393007,0.09922066691140165,-0.334355746557732,0.9287976761171219,0.7048670994268181,1.8587440326310425,-0.13898129274824075,1.187089964489435,-0.37938533734283275,-0.339020846730603,0.32785796380815474,-0.20466699210873138,-0.4648307562140937,0.5496890972455727,-0.5584645315459795,2.0730509245171946,0.42617094535124944,0.5457177092467504,0.38525645155085486,1.8786333315797668,1.4320623239826356,1.06580990593693,1.494791806498621,0
-0.017277905348563855,1.1007676697874051,0.3145230289088066,1.2093628953514763,0.12663845107376115,0.21471570634629572,-1.0271796184652344,-1.3780527454510907,1.0066242481277923,0.20673138260810547,0.44121773238323875,0.3027386841865543,-0.7781961378487111,-1.143928830499205,1.0845564945090769,0.4918742933606549,1.2857851622446113,-1.059406002968392,0.07532849778007937,0.7937470557130312,1.798965694689543,0.4579693560306735,0.3907142242711965,-0.682888482331431,-0.17739842733875158,-1.3123782641423176,-0.6376298280484517,1.0302929160876484,-0.7613696406694078,0.04163596696486121,-0.4959666645156196,0.2965704558985517,-0.6011713617059257,0.36282320391109585,0.39956095721413354,-0.6482653931397976,-1.1983414446693796,-1.012259670008087,0.6900802347426577,-1.641691057056063,-0.8280710478837997,0.012471716259099618,1.2483070319596368,0.7364232797607014,-0.4592654429497898,-0.5818237045770602,-0.1379337928857871,1.4417319964682933,-1.195500645069135,-1.1867169706312168,-0.08045490538919166,0.4292391334166559,-0.9206003396969199,0.7931786789199241,0.8008738583991278,-0.04915938312168403,-0.4465126332180078,0.1680149829408388,-2.126775442508045,-1.8820481219671463,0.4100808863828213,-1.4868694686617034,-0.7506779766207469,0.2092472515754399,0.8860202800952055,0.3847521599066896,-0.08910339671915908,-0.018589363750379513,-0.4147892954988285,0.008700468204567284,-0.11724946366189617,0.8765913483502475,-0.01876201795682232,-0.37905230276255986,0.8552086466746696,0.16065146308645173,0.38455555697012805,-1.4531859811873018,-0.9735647646264569,0.08320800700186921,0.8912519830958766,0.700671809092185,-0.71427346756072,0.35512580791282855,1.1170750405358147,-0.41415349888192454,-0.5481051663367201,0.6920336056254143,1.3139853011074,0.15662434689105575,-1.2953239320319156,0.5096358856853949,0.5007872329513562,0.45144747639037625,-0.5707576124538009,2.1941409334890727,1.6166864804453718,-0.1320776151929604,-1.0636532405126544,-0.5688694968183633,0.6809182584350967,0.4809443895520541,0.6049833964735399,0.3521556453855995,0.8856984187062701,-0.6991192571461184,-0.7950009024767261,0.22358001818776932,-1.0584936995842171,-1.5452785900073673,0.18641084016947929,-0.6594973571688709,0.11116974293612962,0.24546378999951235,-0.7754588844915327,0.029445100080144223,-0.5615435106844627,-1.4989781605581292,0.4696547496118359,1.224738078003178,0.24076328641891598,1.39172502493256,0.6194554469527784,-0.6511424162395691,0.04944323343490008,1.8874131745520457,-0.660318895206587,0.08451678038573673,1.0012779308421198,0.8554516041603528,-0.6248129473892989,1.952649097932526,0.041403891883562104,-0.13274993747721722,-0.6581970083750882,1.3407542402116912,-1.189728651907938,-0.32676256974374707,1.2181409599334736,0.6373495187325517,1
1.6872457602278768,1.1666576837036284,-0.9401705688898939,0.504702756322877,-1.1783487109844244,0.6314218836324685,-1.0453703752772723,0.016548032031845426,-1.2422859121410421,-0.47589303609790384,-0.4706812853070131,-0.12560702648220473,0.8892764472009643,-0.7079270195569779,-1.1217534311411947,0.14051530150627134,0.7713754011033289,-0.20515735623860257,0.6036677656503837,-0.10652161123396466,-0.18273954702422732,0.7447872924681036,1.1713520320495723,0.6048004126584883,0.12523522254589178,-1.3241716028404737,0.008038226961342276,-0.9612162904914975,0.3333573786130454,-0.45100829720121144,1.5577208054358755,1.223546819516995,0.6047434045557598,-1.4155573545763855,-0.8295104698866131,1.0894976840608535,-0.14623108285146597,0.528711336633098,-1.2694708320962538,-1.5597021864471428,-0.28948081544844845,0.6048858952555186,-1.4486865552899606,0.6973181001645833,0.5228349907611536,1.1030288300978588,-0.6329297968614135,1.3729263410445847,-0.8352939221976862,-1.9263217692789363,0.07538533666902189,0.826996256958519,-0.6577786167409033,0.25424883123105674,1.0522806353755674,1.4181362884092812,0.7922420366240692,-0.22633015036223433,-0.19808068342490565,-0.36878824028809243,0.05492452562831472,0.7649661093015488,-0.9304767685544153,-0.5827991968884316,0.7167229515995649,-0.15326872657215856,0.1765407099324455,0.640342526579207,-0.14610509625623913,-0.8389436545265123,1.6298818145429184,0.39451889531520723,0.9509012703804302,-0.2197329934462242,0.3089686617512086,1.2132723581675715,0.32893364751187976,0.04689675540190808,-1.0248875885002136,-2.0159007548369394,1.8286710388118208,0.02134906544409836,2.444001184591991,0.5860065819276913,-0.6105183182967984,-0.16374871955329556,1.5790237568344527,1.4240359419485282,0.9369372383407696,-1.5147635479158366,-1.533124414347338,1.2934791775832213,0.6069496789189599,1.565360072234202,-0.07158780985141071,-0.9448811942367114,0.32373937962260646,0.46208333873659435,-0.7680100331014039,-1.2471942036843675,0.6653169397112957,-0.8548925762038314,2.0127052484024377,1.6408975545357614,0.7769563172849115,1.6835750694092364,0.5831227500562477,-0.21880137121287274,1.6143848666405451,0.5419860657511689,-0.40281941655736775,-1.007004042145241,-0.6795233564664245,1.1502872189614177,-0.0690439061476574,1.7809196127054496,0.6485759302842443,0.8040866618593971,-0.641481005903632,-0.45302535615515915,-1.368838074063319,-0.7579905493490944,-0.5716714439135396,-0.19342571722529958,1.9823552594605311,-0.5457652644079047,1.325303806970053,-1.097573088710436,-0.5458603843985409,0.2155993680954039,0.9964279744281423,0.01698195897088954,-0.18510467022016963,0.7655291823851549,0.1953086289026297,-1.4499835095031666,1.5637024113400306,0.35586948496209003,0.2039777538185692,0.20528278233968777,1
-1.4084907487610825,-1.4829686130687707,1.8244550847891396,-0.3220881153211843,-0.06475390589364928,-0.3045606418372673,0.23602504814496744,-0.6379963235579305,-0.3884868863360237,-0.1750515759085083,0.4496616270512914,0.6247854986798276,-0.017841505324136742,-1.8066912964156072,0.9739064969382956,0.6500377855882916,-1.3721331946246258,-0.08677513467700902,-0.3015654686281718,1.1335366032938061,0.6518354881780104,-1.1813206302334742,2.04724755600458,-0.0036064959239812504,0.7335129765980867,-0.15084239396369245,-0.8435830188567167,-0.5009647141297843,-1.8293147988419174,-1.937144372183407,-0.2624208738591874,-0.6641040421129866,-0.2883139572864442,-0.9187579541687411,2.284224128983447,0.3441414865684384,0.050240722909439914,1.3309047969245487,2.178711304937049,-1.2869376917525917,0.3603691835900179,-0.39890823366209816,0.5822783979465086,0.18203367444656748,-0.8437794494637966,0.9997488132787645,-0.06540026922460536,0.35600063157362727,0.8529727208242025,0.8444997843543738,-0.5314972232952688,-0.293047176832199,-0.32597699174602024,-1.1229391671980062,-0.12021852255899551,0.4667110181462765,-0.9880325100189413,0.09527503424769182,0.9547717243066883,1.0957992665401657,-1.7262646770553913,-2.5920036537421836,-0.12789176424681298,-0.4232217169194756,-1.2479000466772956,-0.27297979857214333,-0.6497376716074923,-0.8379143775077608,-0.7986294414774608,0.017171348337523828,-2.241418134720059,-0.16469887358518656,2.8607573894507934,0.8225420455823117,-0.43033253385003223,1.0789784247751215,1.4329165417569383,0.2912236818298082,-1.1819533172295003,-0.8099033388053809,-0.89413553733451,-1.6008016437946595,1.023935191314898,2.099527056111882,0.04212183729076761,-0.6956261933547275,0.6886979204469676,1.1636528277147595,-0.6964265302451312,0.2627765147373511,-1.7208630742056021,0.12800318180590894,-1.0012066961459452,0.29955910529054564,-0.5473471311908851,0.013991855013155158,2.1564390825018314,0.10149717437196716,0.4785210318308163,-0.16785709906915652,-1.7586553103001792,-0.6361297983484278,-0.5432364785865504,0.5802999829663723,0.3842225542945579,0.31827155328407414,0.8971256923502525,-1.1551101857469557,2.049192624198095,-1.6792899038767377,-1.3253088564456714,0.3729742182064975,-1.0878841984563765,0.049900735158537435,-0.7254778579590334,0.5073890386425739,-0.03771695705239896,-0.5765713032137137,-0.025534672739822958,2.0246577260634826,-0.08487605658318373,-1.3937311937673789,-1.8167339193726197,-0.6771847435080545,0.24423128892992502,1.4550235713573993,0.8898649069738024,-0.7807774822802658,-1.335538575470832,-0.20685933967262837,-0.1123124346022687,-0.4027980280123022,0.6402282160957253,-0.9430596993186747,-0.18566050634525774,0.28642327667053225,-1.5671776429505437,0.3197982749577066,0.9624550622157381,0.7683572959020686,0
-0.02623940665982524,-1.1038851656002424,-0.8704742650658128,-0.210220813821677,0.15149247465281246,-0.9938754201728756,0.34210115688010523,-0.6303670813928468,-0.3363668205179153,0.6561140270047328,-2.466754270107856,-0.04388961758297656,-0.23326602380262898,-1.0617762300962457,1.8719074221990855,-1.0586579802583713,0.7828659308147985,0.6886121690055474,0.37621847911540124,-1.110194761628009,0.73217869159488,-0.7173447682954072,-2.235442630212297,-0.09432573975198763,0.13037536470582956,0.7509688709892369,-0.7346167711218652,1.8289494228946064,-0.030306391606119667,0.9392647808501067,0.6987339740981422,0.4834271495038617,1.1903759514609427,-0.24385711420397696,0.5706828785055981,-0.07848389851425203,-0.08652829957254808,-0.6498358345323384,-0.07221712794381509,1.3609971705627488,0.6724909870968809,0.42881432410989023,-0.6054226612324751,-0.6227366105083871,-0.7529959690196393,1.2988035611720739,0.8595810481163664,-1.5347431522084136,0.9644497346777927,1.2129467505309215,0.2329021711716228,1.6020806324793668,-1.0473062045036503,0.22394137776192996,1.3928268983646979,0.6575064022088112,1.8882131108059153,-0.6396794146990119,-0.9541687774522917,-0.64884298169757,-0.2721908708539681,2.1987541444815584,-0.6432377986773722,-0.25380480818171447,-1.179037265812194,-0.6162581328150206,0.15497792418367998,-2.22089912519682,-0.19745740857050914,-0.8960922585412765,0.22338046506468429,1.140326853901796,-0.4375443591107323,0.1393890495423295,-0.4928943226644885,0.9616825856849631,-0.2516203840869359,1.0447844086637748,0.21969121665824287,1.582639812414698,0.5078875107063532,0.08229823100711851,0.947292678318987,1.7216560089695405,1.5809818593373741,2.350994299925787,-0.09419195992505627,0.28021850376727986,-0.3037925133915749,-0.8957685453869709,0.5882813370285839,-2.4678809694186628,0.3961563214868697,1.3777094662225544,0.8274609034435086,0.7666213943735284,-1.8334140104489316,1.6614116171985378,-0.37951755847295043,0.5582900266557516,-0.4374518650165903,-0.17747074532528476,0.7957398917468015,1.23153114517076,-0.23430326649656755,0.1703052483622324,-1.1304315563854537,1.0633818555357295,-2.126854363527863,-1.4189822730979271,-2.335167431109344,-0.3077034099891184,-0.1241853205938768,0.3759897785734021,1.0687495337758952,-0.3402238863647059,0.47158015871043657,-1.448701913856867,0.5892541901283594,-0.3787066231281081,-0.33974385812187985,-0.042693650998695216,-0.7423558652285451,-0.19082105906817157,1.2869191205821515,1.1729055694157702,0.20187965315473994,-0.2562985323734419,-0.7107916105761276,-0.9944775822740409,1.172096638263554,-0.006586571230143673,-1.9016675939748733,-1.3141590406205805,-1.0232466300991032,-2.9590548101406204,-0.7380982955326745,-2.2562930443977867,0.26686464381815495,-0.010673832954920451,0
0.9880775600318995,0.362905799136621,2.623576171835107,-0.3512854545442689,-0.5833883832838365,1.0831698347388832,0.2536952860719768,0.030020134263765652,0.9980821631400512,1.0710838421008237,-1.8150545991462523,-0.1459757600002452,0.4464360050672084,-2.6021688028914793,-0.8007061656386013,0.5098991431534154,0.9839202633878102,-0.3602823611129094,-1.0924640525330966,0.10147493387458105,-0.13420190485835667,-0.6145190478431098,-1.4473571572312651,-0.4814790841016613,-1.5797136355825747,-0.748219358413389,-0.07771547552340793,-0.6658932343623072,1.9013656128465333,-0.15094489637319988,0.9025155535750999,0.11306108733881105,-1.196698736853321,-0.6407936754912241,-0.170572552310862,-0.6509050370909246,-0.025411961555565996,-0.6574514296726373,0.09037065329321507,0.9613833514153127,0.8213609112759235,0.33699123892221156,0.15266880064426394,-1.091044410837259,1.1058152510688861,-1.80046156528168,-0.34235201697532897,-0.9020454276260571,0.6048158615439309,1.7213355756149804,-0.3529354228589094,1.633580348096766,-0.502634325024974,-0.6154854300995329,-0.6750168067234418,1.2224913852700585,1.1744719186568253,-0.32698337847695813,0.6150338632881627,-0.5505177309794066,1.083596580183791,-0.48915731783141914,0.922562318914436,0.7840407167952552,0.463339680243834,-2.1851499772495306,0.7699330503462578,1.206911533820946,0.23417013450617916,0.9159802696527052,-0.05637230613558754,-0.7845943179208912,-0.0976525855669296,1.5566313576020385,0.38724898084016846,-0.7221611766677078,0.9065473496602297,0.794469751832228,1.3053320163721256,-1.099531161372597,-0.6910911379842953,1.448554353866929,-0.23719177713346695,-2.6624253741375496,-1.5532131668357305,0.8706146541662259,-0.4963106013268759,-0.6598452469495331,1.6509166680198537,0.2330629557329204,1.0662168610897627,0.2167269747287605,-0.4009769525501873,-1.6371872869706745,-0.46715297508115344,-0.35986497247755883,-1.1529913136309862,0.7324664758454831,-0.7511208637362353,0.11445338930598373,-0.5074778445814241,-0.8778823948015747,-1.4582020424041966,-0.6230218408036059,-0.23216186910839426,0.11818112825165418,-0.442436925074175,0.0522029010402732,0.24505209401244754,0.7651138824416368,1.1494034081926643,1.0513985403531507,-0.9929722759296042,0.09448693518396982,1.5316687883887163,-0.49406980995337557,1.326502829476099,0.32361447653573316,-1.4390692478657234,1.9715476535203427,0.8330553180597343,0.4044968823407569,0.3913236614648982,0.2935511735214301,-0.5016132618814974,0.7166427514339926,-0.36294788498075725,-1.081282970278991,-0.772971320210366,-1.7051104128483592,-0.24038737474609845,-1.0847315505349486,-0.6209762372846287,-1.4574640212626628,-1.5727908838857054,1.9576518587846579,0.09481725816085355,-0.3203005612473004,-0.626254318287977,0.3455539466299492,1
0.03299844471055242,-0.2969816042496403,0.38985538165678923,0.5752126644490736,-2.1956834736466107,0.027637672277926666,0.3875862142898188,-0.24435931642819791,-1.4977456640523799,-0.3558010210597122,-0.11026203111936675,0.22517416211154323,0.8890618371365656,0.9736516931972411,-0.24918931191442298,0.3546726645372105,-0.11399329002537499,0.9006186907176066,0.7703752935757673,0.6738129385388499,-0.18154880763267942,1.2215901456213643,0.5767303243817566,-0.38779754576237147,0.11745414229843226,-0.6802460311672404,0.4635310417674584,0.3282739929669779,-0.0938229508248108,-1.0377102347755565,0.582060251709566,0.27444495263376895,-1.3104311832730318,0.6555095669936031,-0.2630710511101164,-1.0445054158773799,0.530219681256462,-0.8654792272697162,-1.6248896141872746,0.17257954531836367,-0.7886408118656147,0.23032410814718027,1.4618037263282089,1.1358011486914334,-0.3127421804828988,-0.12242192257814984,-1.8892592565518629,-0.9980767942670843,1.052547636452521,1.097619601047843,1.9090896912620647,-0.8096646113684648,-0.1093833058415698,-1.1808028657806435,0.022764531057154057,1.2346993244616955,0.6002411921901059,-0.5048373492644421,-0.005153309979653151,-1.3978558717520713,-0.8296524279071148,0.4117457779935424,1.3544017202954066,0.025474694534161166,1.7569379422162883,1.4213548558930742,0.9085109968603272,0.07349351742748791,-0.058626182389224,-1.135241185474842,-0.2828602886765356,-1.951887892345472,-0.872008319988279,0.3198800742233272,0.049806603186603855,1.653367740220326,-1.4267775316568434,1.9569365087875092,0.2647998817377701,0.6560683164087099,1.562376625553104,0.6625321407465603,-2.822390461429679,2.0594184940978932,-0.49742722648716575,-0.5394109993545152,0.903622199122427,-0.9238436196024874,0.44647409005284566,-2.090859355590563,-0.08115002432086275,0.38907685842227724,-0.8334424736416272,-0.9393720649033104,0.9718265674439757,-0.01574673756185739,-0.7127182412237509,0.5385403421393423,-0.8864793648851079,-1.8472124016464024,-1.6508628680190383,-0.06490100204393971,-0.30802242223092197,-0.3220925773059005,0.33992329578245567,-2.0539718640898808,0.5341623287610493,-0.7486940545634101,0.04623666783202214,0.7363493258374675,1.4181002154988809,-0.9596445469953839,0.9435246023228893,0.5686682353084614,-0.19530570770280029,0.5351423734636922,-0.5027039108171111,-1.0912995375511272,1.0809916352005495,-0.23537943436544692,1.7628720283596901,1.518895132219654,-1.2526629753864322,1.6493017194393607,-0.149890103169934,0.46643598684544857,0.35517336367305397,-0.9820143371027327,-0.38750398563232547,1.2031598332468951,0.2971440449421841,-1.2800595631044642,0.9620358538259047,-1.1983152072653815,0.9479809071647172,1.5383601107034746,-1.0298909218428414,1.1237345434623605,0.966228584177621,1.7810879099319745,0
-1.1986665614447305,-1.3135709373980289,-0.6175793661248719,-1.1427141649963264,2.68935664925809,0.05818545870374492,0.0859199125069566,1.6365518262961156,-0.5716897493836163,0.47138767008953275,-1.560991619945396,-0.31402858922618376,1.7370745478100968,1.3083470422003054,0.4774625769000484,-0.15137932538553528,0.06758521079751635,0.4538617880767965,-1.889947342447741,1.6748063034933791,-1.5570181918232946,-1.1706576054867637,-2.0043331681651453,0.7033236329422279,1.9573872935683085,-1.2949469908531146,-0.5924933979336465,-0.5498585344571998,-0.7743502359101395,-0.15236137825695442,-0.1668780444462498,0.8795432708717379,-0.020885210131154464,-1.4467692217632768,1.3131978700339435,1.4168236087173127,-0.5358553526652257,0.8923260721944734,1.1692145869350143,-0.0538476470156549,-0.4471682811399296,1.5229531053201422,-0.059041446970688465,1.1814799317131566,2.4589776209465795,0.8714702543174344,-1.4367774475090636,-0.8592933107233816,-0.8987931226094358,0.4689348603662274,-2.0135864705621707,0.008198806494669815,-0.7209565927428944,-2.2385211042623174,-0.050710097246579634,-1.4432690505218029,-0.878361323506369,0.7780103454696703,-0.21088930972697842,1.1314170397645011,0.8343692006165321,1.1364648624270297,1.258064578488513,-0.3749192062855303,-0.25687770428982853,-1.0338422676165464,0.36053835952822383,0.08489619014555227,-1.0944627483823766,0.11201805705355376,0.9278630343677745,-0.35278054973446904,0.11996961334902609,0.34838065857205625,0.5526441224326274,0.5658143221108197,-0.3794206393348189,-2.233499270457715,-0.6309628759054817,-0.46826411206599255,1.3549564261141112,-1.1499622102605067,1.475570071841492,0.5496127247811934,0.7956231912025451,-0.7109260275235201,-1.0388911663382476,1.6638003008560605,-0.9663238003513143,-0.9441904943427627,-1.3470322001336934,-1.3829151855412916,0.13502033531312752,1.3436148708296112,0.16698387793915412,0.5286606175161717,0.8546092726077711,-2.412022752615652,0.20912792010957026,0.4272419930535919,-1.3217266601146898,0.6888690866310421,-0.505118069605558,-0.1678883894391242,1.8828613686902813,1.0214856022664813,0.6078046009437329,0.4280570794478603,-0.8750047918174299,-0.5548108532770919,0.11359705615903581,-1.0159499350011763,-0.822866938830022,-0.631365240844303,2.1103968685564927,1.1786481193397615,0.0760253216036469,-1.1413256411817818,0.07737795288105347,-0.10913091399549268,1.7274639219440422,1.5491015615364678,-0.9202711067134591,0.7011513089773678,-0.5772032605992706,-0.9643057696511858,1.232433204127097,0.3020320661500085,2.729150787240324,-0.2651702255398175,-0.9339947535886145,-0.7309432179653391,0.05810820594131446,-1.1532746354351529,-0.4183123942217846,-1.1706130856623538,-0.7076363159918506,-0.692823714364713,0.47870440770054085,-0.31476073972293317,0
-0.24478975645232845,-0.5743604564422597,-1.5307798400308066,-0.7338536987941564,1.50225318658712,-1.3878468634615764,-0.36748268165191605,-0.9458668806176842,0.4205955733327675,-0.6606451948618008,0.16706741810532233,1.1018058719050894,-0.08579187338463802,-0.6829291319664588,1.3387483043251127,-0.360509801173473,0.5791855753413767,-0.518283430053761,0.653586310146508,0.7134889382101869,1.6504590336796383,-0.366016133784344,1.0778452364272928,0.7076724738638608,-0.190327626336152,-0.9874873794147456,-1.6032501343940193,-0.22471133984205047,-0.5276970393781731,0.08802201578101783,-0.694149740744225,0.6732166448320689,-0.24689146510987012,0.13966933216427027,-1.530042173885418,-0.016020943198765767,0.907134923833286,-0.25803381286079347,-1.6990712583357819,-0.3963154577462584,0.9740861457748752,-1.4195750686819786,-2.714677722414852,-0.06974179752503845,-1.4025963703930764,-1.7271245848862196,-0.10602726938480624,1.5315473520797231,-0.5900876229376126,-1.6399100136294158,-2.3760931843617024,0.18751071896569113,0.21117073040880383,-0.15692694381581634,0.9447990204243053,0.8242561675128126,-1.142667663710067,1.1010017762931064,0.08003383157673037,-0.385845807966992,-1.2124854687908977,-0.915420132795028,-1.1148885529312502,1.3662826007523572,-0.44392209337880223,0.04945556214466011,-2.139769517485124,-1.2192300047466418,-0.7562523867844109,1.9618418346272655,-0.30731957191443143,-0.33505525109236056,-1.3853412886686218,-0.6457084969769668,-0.6410498307284829,1.0922584282004808,-2.345564061539209,-1.7446885830582002,0.17886929672505314,0.7456866764621013,-0.9816741064888909,1.1392453288105209,-0.15479143046807844,-1.1563327034806439,-1.302379191284493,0.23721271033498842,0.5110754445633147,-2.492894053099505,-0.6395454995823758,-1.6307195447220937,-0.0375336607691135,-0.18263256028372502,-0.39569919276754856,2.2488428032433836,1.4640146519666557,0.3520536803155806,-0.9905152018186099,-0.8929009360081771,1.2178152596368979,-1.3434904294045955,0.23708622178925345,1.9468937719051167,-1.7031842739974954,1.174918326986265,0.620035617565557,0.3280865348247564,0.24948282836412225,0.2894040060044456,0.45868220530562004,-0.5986978226019255,0.4380711004522252,-0.49243871953894125,-0.8330339514610493,-0.40709729865549427,-0.26816816472562405,1.7400373269792775,1.1174216736757716,0.1572983113414602,-1.3917746754726577,-0.8420220661110248,1.656303913033506,-1.2797137554908227,0.6769720045104981,-0.6321807638649757,0.6045481585473415,0.1600622768170889,0.1792937672290572,-1.0874329653211263,0.37046182871336764,-0.040541350336530044,-0.1953385257855219,-0.8021924283163716,-0.44288417344226,-1.0233089590144726,-0.33695652412597854,0.4550441972894514,-1.45027381374024,-0.028757865725365636,-0.5940051408533729,1.2648362491460758,1
-0.3844601084901208,-0.08406606981330357,0.37848197805158423,1.7046254095786468,0.3775491244298367,2.3925122526675797,1.1526178868830699,-0.11170308773949171,-2.741663521932642,-0.7450507641137286,0.6461128442111511,-1.263459481677279,-1.9386865528568438,0.2596701041283499,-1.5971071286864384,0.08469535891926906,-0.19810450343694044,-1.5011868023509078,1.891911039800296,-0.6756293759804575,0.9782753974568,1.291623014501024,-0.7596245322515669,2.0782668156622917,-0.8576804824083658,-0.11164450130890646,0.2954826991292117,-1.411872022435698,-0.177655816989627,0.6462696459892167,0.33950294620350696,1.3175891544068872,-1.1873891926820719,-0.24370414275872535,-0.5208225930638003,-0.9099437409720307,-0.30151339265738003,0.21920418466482222,-0.7066507855777255,-0.7279173873019812,0.3288077918715203,1.220206043846261,1.106342728692239,0.4776458897125406,-1.1479407124223455,-0.9804103787017535,-0.6147333561668824,-0.49263987371796186,0.24857848921460227,-0.6407903786659344,0.40912188230434166,-1.0279417972844556,1.128772477933646,-0.13002642667976136,0.5017138558598242,0.05934446339340905,-1.2348521321285613,0.7067693246777694,-0.8356859041605395,-0.4880399316550067,-1.827574361556595,-0.7830065496376247,-0.7660992951895259,-0.6389209670718761,0.30469854554959014,0.3021727267404258,2.258478161695128,0.8924794580450166,1.8563763564114348,-1.1781445365515113,-0.05234365837768624,1.4845674985333017,0.24115297358842913,0.1790075609203427,0.6251423554065492,-1.4155072428176476,1.3701408105739754,-0.9812003394001411,-0.6427958357226315,-0.8649505869614895,0.08637053113733371,0.37880338921335943,-0.45034174074388755,-1.266747237112564,-1.2492438174134253,-0.6629130591265942,0.762771996942571,-2.1458584083846524,1.6014972342299094,-0.7330133514514867,0.42458007905175094,0.2617854962386689,-0.5654734793207067,0.5423250742473941,-2.1392278727017024,0.03300609678481488,-1.9630066575442682,0.12907643769824587,0.8084635098169616,-0.8590646517183692,2.856603662787658,0.9304092728161883,0.8292380321501006,-0.15190894199302216,-0.4368572931593075,1.237327178679389,2.1509947754608225,-0.8884387825921827,-0.4725974032614245,0.43130159596655376,1.4267254089461987,-0.9953033453901736,-1.2069120688957413,-1.4558401967517347,0.8656603187808115,0.8558336528221614,-1.5143231878347196,1.725162515105334,-1.527934024553377,-0.8244384181716996,-1.4762067614900596,0.7313431345556616,1.4124124272577432,0.9781249501808821,-0.09692900747000413,0.06751387709390809,-0.0832102441668884,0.14913052027398485,0.5233494691778876,-0.24058874376958525,-0.6580311044072544,0.7328028170161712,-1.7340526327946943,0.770910993151074,1.781667942254147,-0.5017303987047061,-0.1882884202405845,-0.11099393007858611,-0.01603143997874392,0.10834747815015458,0
-0.064887806214213,-0.5332003912025397,0.34768095272144606,0.8488082564771194,-0.4513562600982275,-0.9857473260015697,1.1782039783600349,0.10650615239218503,-1.592445984723275,1.0022190784865268,-1.071429166844858,-0.3593510591349662,-0.2538870448805666,-0.583196802327655,0.7555183219628329,1.50241837797903,0.9364743243688787,0.5705502978782049,-0.3969911146863599,2.331238879097841,0.4567145945939292,1.1486170865119691,-0.5895083903307778,1.7606859392797929,-2.0169795354571365,-1.9126422933120877,0.8169910020978197,-1.4818710051258794,-0.5974305469852362,-0.0791294783569579,0.030374878680009383,1.9156421730169106,0.04775603932688379,-1.3885809313029234,0.1669998798405443,-0.626795612297154,-0.2837162392316855,0.21111606131900829,0.8188909446686975,0.5278932802870677,0.1377717369402236,1.0867411836842753,0.389223265624173,0.5355210483983124,-1.91966699455992,1.6326555160636844,-0.7895886659497465,-0.7392439815270546,0.4271362564779335,-0.8322527524706477,-0.8100345059028329,1.751494646113789,1.594326967528837,-0.1931663992939475,-0.44263294770212264,-0.5675678256434936,-3.026341818261719,0.9910332078048452,0.24276842184124597,-0.5907625866989495,2.343901506838707,-1.9325373739062548,1.557594846914267,-1.1042449158273757,1.86157070435223,1.4649377637161682,-1.196307961836803,0.6001498338611567,0.49878192956402406,-0.5846278491899215,0.9429821982259812,1.084833279907647,0.6035507891075053,-0.6121450897717458,1.7019625467300874,-0.6846095764583622,-0.2575803971659775,-0.01868842349348481,0.4159109956397094,-0.3455961669741747,-0.26810182039685415,-1.5183965236697026,-2.0543913199137136,0.7959556475082309,0.9099094095500347,2.6064286101677077,0.19222737420285235,-1.0509836419795098,-1.3287103940524974,-0.7550577346263229,0.4037197847940792,-0.8714913630745722,0.8406932089546766,0.5786534174404928,0.3897840014091632,-1.5341633874990643,1.2301928638074109,2.415899361160352,-1.0714917472411698,-0.4877439639354462,-1.125410768533994,0.2425081198692568,0.5341742077729295,-0.07053242315867403,1.1808262271187981,1.4285079002358603,-1.369758441783367,0.1888902580008982,0.4125826306752856,0.29798818787023756,-0.335284731993262,0.307240081446489,-1.5090428376952962,1.4836542825300245,-0.2791124187816735,-0.5738961555816817,-1.6525357868922486,1.7387380251321798,1.9937277470247925,0.14217611771492333,-1.3335537286416668,-0.29670862957264527,-0.14635009184593079,-0.7607302976273591,0.3549060917111247,0.752794324741882,0.0009324122806394624,-1.5932309795836774,-0.45927495977639865,-0.35838221068626613,-0.37480148371277,1.433187770597301,-0.18623944161844536,0.5173945365662048,1.6229342258939201,-0.02743361769928421,0.0012811579025005233,0.1218514984511476,1.563549807456413,2.7900892614951007,0
0.10002468361520667,1.30816396367393,1.2804183805745586,1.3139622475568593,0.7931562467747538,0.057360251440559236,1.606334884418657,-1.7195923741108328,-0.59611709033902,1.20720507744952,-1.111082337754663,2.02897073875571,-1.1752736017321401,1.0236243402979166,-1.2725739828415923,0.8786047390831138,-0.9424687477394674,0.7835355787722081,0.046314071660026525,0.4813969377097421,0.620324863394992,0.9166953396681086,0.07708924503773908,0.08457250733695756,-0.1467168730941554,-0.3158141060774754,1.2342808176344673,0.21393960841987242,-0.25777520549919164,0.9668969196748866,0.7336682183046735,1.2911009710051051,-0.7574403282688673,-1.2231135246067706,0.14058216203137297,-1.7755983293531867,-0.18909763812736258,-0.588943103187499,-0.666485319841057,-1.916204627605011,0.3525468467791865,0.17191209420174547,-0.11406263983469307,0.9627267783559538,0.15311677092888967,0.16712842757658566,0.7249666257628672,0.2064159919319616,-0.21769605729727595,-0.3660580891997461,-1.1258115699274442,-0.061161377034087305,1.0873869568981542,0.4128749408048669,-0.4626142885552509,0.8121711747179051,0.41623154103345034,-0.5237061039079702,1.3470241672948002,-1.2738434613885394,-0.021361530036456064,-0.828896625965484,1.0444204092833027,-1.1805136797665368,-0.9193134755820084,2.2008339220748816,0.07767488674513146,0.7418725247515746,0.01659288404729385,-0.32855566218984394,0.6926435195166369,-0.01906769951177026,-0.6500059637602058,0.8545111050862505,1.112126665101378,0.7338388007202878,0.7641997401772367,0.2870285480682892,0.7709114203013787,-0.8313412842543797,0.4197646359969214,0.09339582591662461,-0.6603403391975584,1.821292478160575,0.30335669471457744,-0.8522309285531804,-0.10707983536041199,0.29222533754032354,1.14441272027826,0.6297623452133866,0.3349597650370731,0.4734822668790852,-0.08897567528818394,-0.015430830690878927,1.2734850511774345,2.1630476122662343,1.8783946267130838,-1.085047717518971,-0.7136600027153639,-0.36856180439042857,0.4105671855906826,-1.2772270540347512,-0.5448452642619771,0.44115440987332183,-0.8694817721735761,0.45248377226912345,0.9752081921783574,1.1173737075764414,0.40407362220589205,0.8699286986030884,-1.1492640298705066,0.6094466956196068,1.8438825760298132,-1.5309973794587934,0.9211465696838071,0.4538959657159739,1.3683016483966124,-1.1143367723459523,-0.8871625607979445,1.422367019209414,-1.7620399713078865,-1.7462185277144107,0.9760336428281913,-2.3273943922521845,0.39996621040330826,-1.8849514131496468,0.3060182619752491,-0.15003943887585552,2.0138418616957257,-1.2387770022391404,-0.34054454326676653,0.3148950367315198,-1.5190219241676883,-0.9279404014066129,1.4383470163268588,-0.059535985659326045,-0.8733884807766419,0.2914327054210438,-0.3729715635835547,-0.30088939809458887,0
1.5141665558397466,0.30946697045856514,0.9935149937882557,0.31080923518397513,-0.6410186428660268,0.04295284660966228,1.2926756758084024,-0.915504367297298,-0.22694052272202844,0.1279574154095444,-1.2979520166835061,0.767612763822461,0.4160596586479412,-1.547653934808076,-0.5071005953776296,-1.4238698648003065,-0.11157928097889132,-0.2897098187356197,-0.5025183967520356,-0.5505668312849803,-0.8892640289135856,-0.1350284281739186,0.5817321833051585,0.4804441858662687,-0.4191910589916612,-1.803380414820039,0.19868424560684605,-0.06120750561378247,-0.47844699448931755,0.7274646535026028,1.0981088528121272,1.514737017593572,1.8230206001186389,-0.1493630815980539,2.1211301950109185,-0.4308663369884208,0.06665614922306125,1.7192569834040257,-0.9032662481833489,0.5529592154705026,1.1879723531837332,-0.36886868973678066,-0.1969084661708483,1.3782567982876626,-0.08952581675774993,-0.3410112816087527,-1.1033395407552122,-0.5842347137208869,-0.3909260772358938,-0.7876138142616093,1.5770962406701918,-0.6161765225227074,1.7698111081799905,1.9024642359414214,1.1104968366646149,-0.3256960487813191,-0.5364000256530518,0.626592376808593,0.04049880290289831,0.20115593731383194,1.2763844960590622,-1.2473683800521915,-0.0701035339015296,-0.05083537517160229,0.13233486958837026,0.9094718327623037,2.3984719998871995,-0.200965059344782,0.679396449411627,-0.9505051390024263,0.11439410826717004,1.422257048540083,0.2839254493934677,1.8057989178105733,-0.6058944001044995,0.22356550348015772,-1.3635594335199779,1.0934255873472833,-1.1055553575092072,0.11670343981096912,1.9799704754619196,0.5871216269071412,-0.8030612586452608,-2.170382122271566,-1.0909163930512744,0.47066795637029296,0.8469606368747891,-0.06101210586113412,-1.2110665118114208,-0.311305404573003,-0.2614255524605215,1.1651171307176613,0.8793801686538906,0.3005104304063602,1.0588251243560678,0.37716565356940196,1.0823552841651245,0.5187866743717003,0.38236850970383235,-0.034547429032360695,1.9306452855035006,0.45143615936981046,-0.3661933173690148,-1.2840228823785178,1.2912221714398202,-0.13441988479344907,0.23570565125280613,1.5184340522032749,0.5294830572705822,0.5193958763819868,0.46378234760757997,0.1673727456266406,-0.3812268720877958,0.4811551899317674,-0.8508925861553276,-0.3529104681991377,-1.8396994535478721,-0.8730805090699411,0.6255575289606599,0.584143248227416,0.695577850757732,-3.0379611351989544,0.08470241931404153,1.061593438918514,0.7254650452593797,-0.07912623493223149,0.6597717783083246,-1.0070279370187813,0.983672394593825,-0.24627894300638434,-0.8384193127384006,-0.04142806275748568,-0.6311762439040142,-1.182006138934984,-0.2184852107829398,0.27822838153884893,0.7959666778404594,0.464686431397352,2.3997231861145676,0.26763569663017367,0
1.5783815180664154,0.23942376886682198,0.6928482533784204,0.03567718393494305,0.3946669225571804,0.5765742119632126,1.0117954453073257,-1.6450301612728524,-0.27393684892983716,-0.9823938094035609,-2.0668313437420074,0.55945748126917,-0.271342811172041,-0.5921899423967839,0.1848614688507154,0.7137628654504841,0.5670851550012553,-0.5817304026666135,0.12850060444891384,0.8806657362387337,-1.9488776087076691,-0.9378477666294774,-0.08745054553959375,-1.5022087943537117,-1.041240008645621,1.2985620805701046,0.2190760570050824,-0.032192671634305454,-0.9835069431234896,-0.41585304260385153,-1.3598852830310129,-0.29334877926302133,-1.7772631250756576,1.3074328206280366,-0.9007774994965757,-1.0253654028853985,-0.1085199922334556,0.40805065497695286,0.08322231595551763,0.7028609645005863,-0.8226792834953857,0.12446015826516464,0.02181738587267086,0.42443433271096875,0.4491514801418922,0.8375624753647527,1.9575836167750003,-0.13224133650364406,-1.119397888487962,-0.5243644037819194,-0.34649249451800634,0.6681652724140013,0.6541927950503393,0.25723930004774903,0.1479770383268209,-0.31005411859020965,-0.004323514832526846,-1.2476628805281538,-0.08933641252650673,0.20108681323119876,1.0012150721368984,-1.5200449872426038,0.3509804511431172,1.7825585395691843,0.25261365758413046,-0.17338442108763957,0.6690101354833716,0.03387582821223519,-1.124956328121524,-0.07161666459478742,0.6983659593530939,-2.1455367999379997,-0.39071544857644236,-1.274607557440292,-0.05548650774699476,0.5780210688369871,-0.20300223389553174,-0.5064594501379296,-0.7743890124424258,-0.7655666198056007,0.624523198875665,0.5523970623391131,1.6907717403481561,0.48158560893405905,0.9850098531667505,-1.07739852796019,-0.25016713689759756,-1.1878424553615792,-0.2658584125253265,-0.57252367726914,0.2892798124257951,-0.060937294260165094,0.6074024796816438,1.18056813119261,0.2976777404936002,-0.07238500139284015,0.17609971660337834,1.8409575060222876,-0.812342206762157,0.03165971902750273,-0.9846341213663922,-0.32894055629619434,0.5737166421856131,0.3626420120226719,0.07338142363634798,-1.4966793155105018,0.8077785786338355,1.3116870200657422,-1.5773971861379923,0.6014348175179306,-1.2127972298338527,0.9910852119366806,0.839555301904342,1.3617133439110685,-0.512768142988888,-0.6082205514780041,1.888219641650103,-0.17194747098834204,-0.48906420988702465,-0.7816049565882579,-1.4526191239780546,-0.3669272858392061,0.8858489795142978,-1.4362384604419827,-0.09739797437997322,0.037072149925972166,-1.2311550117694485,-1.382189179774242,-0.1361919226857611,1.0365029249727522,-1.032693182725527,-0.5008710712478223,-0.033744523793231083,1.5683252655703848,0.6957162400987779,1.5386424006696369,0.8343618154077227,1.0156602143684188,-1.5771780237294575,-2.567362092766607,0
0.8897989666187565,0.37199402831898143,-2.154458141665507,-0.8106306199924481,-0.45518663375522045,0.7640667305996074,0.08127857841273121,0.8448916240126221,-1.2172824927693837,-1.686923339608473,-1.9383220404005366,0.49023238963539706,-0.1360662161366936,0.11559764092447292,0.17331641456551006,-2.0616253704383456,-0.09715289037905499,1.0191598435686937,1.0874793571025294,-0.705078990275956,-0.6388178157224602,0.42556122191333184,0.029466717961197104,-1.260873527255463,-0.4365443115580572,0.7087926726867512,-1.030537740411181,1.9252788870612387,-0.02690900370551206,-0.4298508233896565,0.9327053356007248,0.34569232057929583,0.6900645655766376,-1.6179187435810194,0.16876055615630672,0.7057465345647433,0.18836930323316242,0.8264633494226827,1.5102765449926487,0.7628611188437912,0.05432286839740347,1.66332764385788,1.3458138358467038,1.0140050599732098,-0.48328273291058094,-0.8435724389035921,-0.2629977845367319,0.3984984166207316,-0.49862394162944346,0.15362664751368105,0.3447061126309258,1.2137338695262179,1.7066289985221617,0.03435334861189231,-0.7792888575717499,0.8064582722431177,-0.6487148098929404,-1.0853824985334928,1.2658090223684149,-0.5576218793061188,1.2334859867921388,-1.210255828186736,0.7975000211247943,1.9117223752212689,-1.3147440563072983,0.5811424867513563,-0.4376000942306605,-0.927970483461069,3.068269145842594,-1.0839060673534993,0.540829365221883,-0.8797236739408038,0.13981804227456957,0.10118420952548915,0.609755444488506,-0.04934240896592807,-0.018205089469042098,0.3491784036676916,0.47855158704881184,0.944561541985396,-0.42465433622870796,-1.3024952597428918,-0.7724750562964141,0.48765481728305154,-1.1655811877383542,-1.2086071807680139,-0.9813834434132482,-0.6687398392292612,-0.8890725476876675,0.05721455559399883,-0.1370154377444127,0.5636709932352548,-0.7312287947302103,0.7187438877724347,-0.9533111527638901,2.0223756717053063,-1.4380099693270227,0.03407711396396265,0.383432366279604,0.7589473162452107,-1.7584104975144272,-1.194857665888661,-0.1421510423946358,-0.5972750333615466,0.5722657328586964,-0.45729591630358113,0.6797528268301883,-1.6838307582076704,1.2003340062262513,1.5887979978524123,1.268049324066344,0.532158734379462,-1.1824802293654153,-0.19801817175660144,-0.34141911706214095,-0.0036377485273274323,-0.48028640499708475,0.27001566859719195,-0.9007011264797935,-1.3284634669678035,0.4127369795677778,0.5433273423085527,-1.120117286336244,0.2131378333762937,1.187913605840173,-0.008423943426967504,0.6431440233345949,-1.7111446315016479,-0.2241723346367078,-0.22332221424940854,0.5887827109359197,0.13562172285655064,0.8585439304805049,-1.128952290152867,-0.7028891311404247,0.8259316856302218,0.7206145491063566,-0.6135073274210588,-0.20811876441138044,-0.5119077222935815,0
-1.7430490757917025,0.178004375037333,-1.2315385120893798,-0.17512552769440326,-0.6848799758327024,-0.3031489093228942,1.8931441268842801,-1.809590119820093,2.1731019110706415,-0.03826495982079859,0.638802613812132,-1.509894876895732,1.1612788857768908,-0.06871984588624176,-0.5372493823481894,-0.6264334624357981,-2.0391208798517515,-1.0029795029365363,-0.9493022954357375,-1.0188878635536258,0.9735695828273817,0.3395575319057204,1.3609084928933637,-1.6236806198428462,-0.8976530237653016,0.29824704624321935,-0.6731924787755544,-0.6427744237826805,0.32003949172853063,-0.7627496899279883,-2.2029604851339717,-0.6788441630862923,1.2234831136979836,-0.034646931692721775,-0.2533666860928049,0.5541543948139231,-0.4502660691367182,-2.48715508113131,-1.5153941267274516,-0.7158279927567597,0.028612181075522165,1.1561365483454644,-0.6250686640300462,1.1131606172539168,0.9617694284104492,-0.6282072737767541,0.2515536176239073,0.44947197778633385,0.4792604468071963,-0.17542927765819524,0.6490257788086499,1.4238222223116817,2.261197328635908,0.32188365294853,0.11976568454054651,-0.36214594789519183,-0.7047508882635636,-1.6059822131544448,-1.7084179625621132,0.6797497542963894,-0.5855130784430805,-0.6109568011732855,0.09475371769171223,0.96036595895319,-0.4129735167197842,-2.2756695717094217,-1.2857176812194806,1.9381075084072525,1.4744763286076963,2.058441387800909,-0.06486408016123923,-0.9785729669886664,-0.09707222230206666,-0.583698651545476,1.6464117402881457,-0.26119968958922507,3.2609055965640965,0.6589641282822168,1.4033769979220754,-1.6156638414529378,2.0471807158359088,-0.020744399345360987,-0.26948971819862905,-0.9836469223635244,-1.3285287669038712,0.3673873646815004,-1.0295048163015288,1.2704175998650664,-0.3144180896398746,-0.16835663699631712,-1.056533469471063,0.6812624895086817,-0.3589664524883251,-0.6962375416962907,-0.9311214314354822,0.984453395158329,0.08555970511648128,-0.3706869354632846,1.0376131496012804,0.2264435576614163,0.09201542518785759,-0.6070296929146141,0.7002096491916667,0.7466262414452607,0.2849044325436775,0.09689775653321464,1.8775363402032008,-0.8450723708925785,-0.32824317286005683,-0.8590487485250324,0.1759991763013775,-0.9897688036940578,-0.3120047503253167,0.8419139001238549,-1.062146027778029,0.8376634503632727,-1.1335565761893398,0.17968120766395182,0.40546250730204814,1.0537407691272858,0.9026700701476092,-0.8619234783871992,0.26512707348782627,-0.795476324348666,0.5920469627173646,1.0390476795968027,-0.04439519835739528,0.027217582019421406,-0.07896643441180168,-0.531013871364671,-0.665584802013569,0.972794331779001,-0.2445812231284023,0.1363802130850674,0.6000731637915946,0.22006618339164813,-0.684246418283723,-0.061478066077344545,0.6040623652036711,0.3478800575913024,1
-1.350716445410481,-1.44764261940264,-0.720071092840563,-0.3103973509956711,-0.6796591560994754,-1.7456431939464832,-1.3550961504064936,-0.3761279060785704,1.6613676498987886,2.2759988945194247,0.6222976913716854,-0.16907732912804027,0.033638763111638714,0.08719275300869576,0.27790749818646776,-0.13632913243431494,-0.4575671990793587,1.7068366747313042,-1.234559965614662,0.9181751245470711,-1.7809707175290608,0.4351318978770733,-1.6447470802825899,1.870667823964533,-0.7511575563940094,0.14717478262779193,0.9436929103896632,-1.0872940436443006,0.1007736129804507,-0.2875120609013054,0.9931303481308494,1.0288270806185642,0.35144172746807484,-1.338584823650633,-0.5014455175766269,-0.08811959873531625,1.257821056236122,-1.3882562126604838,-0.26618107816989206,1.2998984868244063,-0.21696058880714483,-0.006426495743365203,-1.8452365636953858,-0.45995327842728007,0.5550731092337827,-0.8004758293733087,-1.7513130622053141,-0.9611443129419561,1.2640476658404831,0.3673237797220767,0.892157878905952,0.59862661261739,2.4897959903394122,1.018765166297099,-0.03632888525194832,-0.25475362288257364,0.4831940447167737,1.2135976565546038,-0.8292641908091836,0.45225809681938445,0.18987999133486375,0.3156441853140607,-0.3042187973288414,0.5714425490954924,1.309300626430652,0.3638111693095897,-1.7847479019828731,-0.9395236341418118,1.723183153162003,-1.194115845288369,-1.2572239464878834,-0.5870734266086861,-0.766874614229931,0.012579652235710143,0.46253487989730174,0.41292610379582,-0.478997804236916,-0.5311954729876555,-0.32291810103381174,1.2451393025684054,-0.4469204779161905,0.3669167062692257,-0.12351675181988038,-0.5431146804808205,0.81834060370016,-0.6000322033970068,0.23725811257308654,0.6436612218450892,0.43503342783243576,0.32623468700230307,0.056883576829889794,0.11706335083605662,-0.022998663595325215,-0.508469479246498,-0.5973335008044487,-0.01302421339055748,0.16626741963804828,0.25889429007815634,0.5876177662108885,-1.1384311044999194,0.356771817586725,0.3151262508134657,0.3288292902444805,0.4250248637750108,-0.7427304699852861,0.21379756010624046,0.23308835117453552,-1.6921393599627295,1.413442650054308,-0.8864572634981663,0.23021609854686748,-2.11111107733093,1.0828998634686213,-0.5981439064602205,-0.4150871673171131,-0.9876479784097661,-0.49452800294565685,0.1254533362801835,1.5554128226848711,0.8775037148769593,0.8459560876829112,-1.1957516441290992,0.22720862763983551,-0.42693905599311577,-1.105564279550338,-0.6416145284744807,0.020024277624033443,-0.37400956562776705,0.31039578548198943,-1.2485932221248741,2.3847305401111454,0.22158048483651252,-0.4817298000387598,-0.322422633730849,-1.4409098607695208,-1.537553207575221,-0.19008005605269787,0.21342253835666145,-1.2888963802985327,-0.8987500777319678,0
0.1238680528101263,-1.0599622711292678,0.8994383315788544,0.3015776809624436,-0.4426939370330962,0.14614962907293644,-0.8454366960544033,-0.8377903303729946,1.46117580912932,1.667166279300895,-0.4319818583946124,0.011464427752677893,-0.42433982960178074,1.1298158526246331,1.945565104951156,-0.5916227733650395,-1.2406782988847906,0.9069550935207525,0.7059868943614681,1.2822017606528597,0.2155130092215784,-2.062341212139419,-1.187921808636348,1.8232447041843869,-0.057006098529362684,-0.8709191530567799,-1.9016186044232548,0.4800730549008514,0.06498039521472108,-1.231932146991019,-0.9355375215435904,-0.7969339636703027,0.4508584958380265,1.6956528551338856,-0.34944576083758655,1.6345376081085219,-0.014554369389259152,-0.8200682924719661,1.3839207370161766,0.4765737761040849,1.3441115608269343,0.37683558350042995,2.4256258627398113,0.27497246495557504,0.5144672382919713,-0.7196150220995217,0.9558869097807976,-0.13457465613490763,0.7022968883077426,1.4453174189031899,0.06283739338621018,0.6950122694973532,1.4117307055433248,-0.9879078778271796,0.1434695559672447,-1.6258913655485678,-0.1424455074039997,0.9399045354209278,-1.8359780886987538,-0.8525680281284091,-1.2606179563393478,0.846807344727155,0.49969531820311414,1.16532104740933,0.9532584857472012,-0.5368120368655337,-0.14737012067217947,-0.37711215808842535,1.445009585778724,0.5382472347239423,0.9731733789904912,0.7335698785093809,-0.4941088308706112,-0.9098550564760268,0.4974439932662582,1.4745445710405543,0.33101892456057364,-1.1865431022416018,0.5650100412094887,-0.5202441513332118,-1.7517169872512157,1.613208950412964,-0.8232136572302858,1.2905707648351614,1.3788586269679233,0.4078610680924697,-0.8519404907668229,1.1789754882647823,-0.8073991495420968,-0.04569610525953927,-0.24186613726091974,-0.3840029796538564,0.2432119522575033,-1.6819338700906228,-0.6828812130043779,-0.9030790507332138,0.5480245877811374,0.7061555666845706,-0.19968626075381843,0.6173458735098838,-0.06690496100448619,-0.29062271632013037,0.3246955771327674,0.21338576989480662,-1.060525749852824,0.9365609000818543,-1.4328280610380693,-1.3092460649381752,-1.0257110901302866,-0.021573723318327864,1.5664857709347195,1.2876091799552942,-0.9147944422329946,-0.10654852460253281,-1.2387111397140826,-0.69423299956122,1.9292011106739384,-0.20361467307067482,1.1798806852817856,0.8122835984930568,-0.6806973307701077,-0.8578289268361949,-0.04214158690198151,-0.13751959486378687,0.8906949702868161,-0.2764072300592119,0.8832248220950372,-0.6680326818081992,0.027396177620032828,-0.993194867979939,-1.7021662869077472,-0.9138496110791853,0.5045322257724201,1.3652592314858765,-0.14213340410817857,0.46016254246862653,-0.3280694251663379,-0.4710383883888526,1.1100324716227128,1.2997231736260006,0
1.4120551741290108,0.839932407354076,-0.31630605070534773,-0.5888399860300076,-1.6620722303552402,1.9340316378834475,-1.4885076441782836,0.038434601930161065,-1.600981037777232,1.0709825386331642,0.38366051394653844,1.3187918785707171,0.2119603297416623,0.6993523528835351,0.3524088749652259,1.26988582209449,0.35246828130650965,0.990696622266285,2.019692910340928,-0.8039116653039183,-0.7333704776403497,1.2448249815616137,0.24825116698803038,0.2727621777429516,0.6597191677093351,0.23929776653056617,-1.5872480441584078,0.25860191088786166,-1.0936208165464214,0.5422175159516882,0.46827970371837646,0.32340328059819373,-0.12132529911105575,2.097071210758662,2.2467387914917145,-1.7890896348874505,-0.47376307050291994,1.7211797965114721,1.0123724122697688,-0.2666912889859105,1.2144474999850372,-0.7760917528711216,-0.706299660595829,0.014110469520130745,0.49749453318287246,0.4476337660528663,0.27317682620901745,0.15940803673900966,-0.17134068138956232,-0.3929607894823206,0.0031013310229740247,0.33258112460291417,-0.7982677321841007,-1.364531908023544,0.08971459947144396,0.17861067377852938,-0.3470499867530623,-0.534468659776701,0.17026219611379073,-0.047998380651777695,-0.06596925815988675,1.9659618095969538,-1.8296006709099393,-1.2798289791913884,-0.1674382157909752,0.7089257507389941,-0.6976154774638551,-1.1867456427206584,-0.17578720262917766,-0.18006342274204934,-1.7166564286652997,0.42188490200217343,-0.15346268713474048,0.5093380515720028,0.4486990964555719,-2.247424685891234,-0.03590593980940044,-0.10983283737377192,-0.46432855834000797,0.27938532592714027,-0.3371672122182041,-0.7056184538531236,-0.24500965648045092,-0.825316752120568,0.09614076199047333,-0.5587486090235145,-0.30885503166591455,-1.4889807555612802,-1.1345174421655944,0.3633177416800217,1.2605462418399307,0.0014969534668583051,1.6711717160494195,0.564427596310572,-0.25098971311404017,1.5268335460940605,-0.8006043884461577,0.36305843572921004,0.20233788456263974,-2.396073781931635,-0.2771808196351207,1.7376857083376396,-0.4845331328551921,-0.5168110443546653,0.5385963734154078,-2.2386268544179457,0.7808012456909121,-0.3988141707179335,-1.0524088186352334,0.9025765405677382,0.4297302799813567,1.4873235051416636,0.37416581561095663,0.15688077914564508,0.23260968003209642,-0.14103965651332218,-0.9583534707832416,0.6700280074459707,-0.12616089506939338,0.8653511960149642,-0.6710430950244604,-0.8425625026901045,0.10066053889413677,0.051825614264391334,0.21080340205496523,-0.132373884332976,1.1400328040840457,-1.7841241916024402,-0.5616196705804885,0.0909465484188985,0.09092026377733896,-0.26534365887452815,-0.9696315985873323,-2.781170962034413,0.7962188942884596,0.17099929955622448,0.913333158908532,-2.0138010533481467,-0.9905633918672431,-0.1942534002362732,1
-1.5145457412259096,-0.37154144667475447,0.8804731260072483,-0.8271418795072232,1.2357106063864223,-0.805873599631423,0.7734390462477522,-0.8089663266406025,1.3615512238479286,0.34393638247289654,0.4428075160929133,-0.9758786877438396,-0.6782932284090132,0.4088060159791857,0.5867496280664375,-0.9739003615640108,1.276955832952103,0.1701098319934727,0.5201667918500044,0.3441259724517377,-1.3410675357371693,1.5355136458453496,1.4762375663668321,-0.3092225201427251,1.9729808608578498,0.16369391616826523,0.19829154376890867,-0.19491108811094862,-0.1645471833895471,1.9260462546200983,0.8495646964163835,0.14250188152042065,-0.4741037966163069,-0.4625276481878223,-0.20505166729648924,-1.0169857031969114,0.21836036462574285,1.491490226577728,1.2486679989202136,-1.9199451191625565,0.1115299274570979,-2.1958999825313095,0.8503671034383399,-0.05886366646840913,2.0737999660814053,0.43632886210934513,-0.9436246271714656,-1.395777236144174,0.06616585275472495,0.28882309517471905,-0.4232151122135233,-0.19737707660070775,-0.7500816048538979,0.19292923241641777,-0.45300251436238104,-0.5396690069266646,-1.1721556333007128,1.707996490672079,-0.8749582284266967,0.7239913161877589,-0.24240367467053003,0.3238389832437752,-0.05192878955532801,-0.5007116577380916,-0.19969014038169347,-1.0113128385693662,1.7280195560572007,-0.2942033309831669,0.6241033228216095,0.7146429520536323,0.5020650850250569,0.5073462096496257,-1.2161940601767762,-1.6994068598083705,-1.8428193106690247,-1.0083751107032335,0.4701939777799097,2.639948404593805,1.8740613496342984,1.415107001222606,-1.0996631240208994,1.0389995211702607,0.1294879772323222,-1.3693740502890108,1.7081114552306964,-0.5488514403362835,1.7786179259525838,0.637701081520428,-0.5236876948141945,-1.3845536282383724,0.29644599229116,1.224679646946158,0.11402975022785157,1.0256150731560756,-0.006565494507484913,-0.4722710268207447,-0.28271772996601635,0.46449263735553775,-0.451085338855297,-0.5315710720823389,-1.4819046852288835,0.17527202652869492,-0.4536819265470346,-1.3356144317719212,-0.42531521658304616,0.05879607936074551,0.36437421092428024,0.6181887513751358,0.15105680540098804,-0.82812490840463,0.3964600078605869,-0.7896361996965487,-0.6040687447311909,-0.6969332410232647,-0.47508124127719126,0.8646765072290512,0.4983977992608497,0.6464780402881694,1.1660507826223263,-1.108703302168632,0.02138152466205405,-0.1428640594402963,0.32362201887993725,0.30853478587144856,-1.5296309926524778,1.2383103721925857,-0.5328915528871321,0.19039808727801508,0.4225539275194715,-0.023545790847916914,-1.1333798935890234,0.13508734654073892,-0.03269768584866533,-0.0445779769439683,-0.22982861084655054,0.6740632701350431,1.6178602301192941,1.7715648856038342,0.757899682039358,0.67384901412402,0
-1.540879881666268,0.13635712571038125,0.46732438525272735,-2.0779186533948337,1.9116437833409925,-0.0834135236324493,-0.8632773379910421,-1.0342733835983173,0.24842949584685084,0.41662983340532717,1.3363920247996293,-0.8749765563412344,-0.052821750947055074,-0.171683202496882,-0.43851755678515997,-0.7478203017799623,1.9574799844497028,0.8772968858333767,0.09900979845302524,0.4226863414173801,0.9692810359853817,-0.6989191640666279,-0.9295139857967158,-0.27282204593502574,0.9416568021539339,2.226758608445824,-0.20459537325827146,-1.1123351226602547,0.2742845408245068,-0.11543094296683637,1.2127805925679378,0.11030696491025202,0.501658589649529,-0.4071163886615773,0.21351841420697387,-1.2575628391746256,-0.30828322822673687,-0.7346859400503513,0.23410063958650448,-0.24834111408938955,-1.2473144260222548,0.4556717945665145,0.3852479113951252,0.960824862789934,-0.2259618429122962,-0.5208989387327638,-0.7925447180669533,0.3876245908355799,0.40275985812451903,-0.5075740407730264,-0.17473962068013774,0.3116787556725947,-0.02749348707809165,0.056137602343716994,1.411935421297435,-1.2705978013338177,-0.33239616255615345,1.5035558193229839,0.2699730109032512,-0.8392331610703447,0.305754870875505,0.31450997346283277,0.9621170716770258,0.8144608951826453,-0.6751398365023982,0.1203833721730432,0.5764962932372705,-0.7847413320506385,0.056133844536499534,-1.6642494663478409,0.16154672099044573,0.2029968608912672,-0.4322771063300207,0.8622832925454789,1.02851215442536,-0.9588541987266547,1.096135733656951,0.06053875214889991,-0.7851845683936589,1.2700938886330366,0.10024145947082921,-1.021580264546306,-0.6686475321100342,0.10614360365070054,0.43812774660905685,1.0434390676852747,0.3995520647720325,-1.1908952489955353,-0.5705871345934429,2.2367364126881775,1.9304587450338728,0.25329853822619225,0.7560747560925302,0.44305756816010955,1.353748073246795,0.6886031899581069,0.20761477925923,1.341510024569774,0.4246790457815373,-0.38696784245740184,0.7762883996045605,0.7388483646927305,-0.4444085568620807,1.282478655074056,0.6144275783077663,-0.02837405996818873,0.4227002328671472,1.1872948473511205,0.12532096874492124,-0.2811416745806347,-0.8467342625484612,-2.2372514616376544,-0.615468788674046,-0.5208543418516406,1.8559719431693278,-1.6033522829628772,-0.23581859894205118,-1.4673276158065613,-0.49898769172529767,2.582719270569774,-1.8228313908927665,-0.2752730578296148,-1.6650113300149665,0.32726277470020304,0.9813668454427669,-1.6567692761591042,0.9040350096218851,1.3476930942757366,0.9916783758955109,0.31108393465389717,-1.3755467535946198,1.696341924853244,-0.2512240996776838,-0.528693163604114,0.827569762060725,-0.2033844219079144,-0.8000112301321028,-0.35975218880404075,-0.13619627924598973,1.3695222290607851,0
0.2163741267546295,1.1406307545654328,-0.47615791923068723,-0.9049810976128932,1.0369735296564973,-0.25860291925493045,-0.11848519067108235,1.031907664770729,-0.862949485851691,0.3642324437121895,-0.1367431547522361,0.3805496665400797,0.7182476203597851,2.026949497956093,-1.758571397168186,-0.5618235129572432,0.12425165286787819,-0.16979963726682754,-0.551706648461269,-1.8530220717078578,-0.6340149409922325,0.31042249034211233,0.8745092067298371,-0.11014691502698855,0.3598500641588706,0.002966696900403089,0.39150777626782696,-1.2474438783381285,0.5391273850955998,-0.5660629204225947,-0.5105361177344669,-0.08076348556612446,-0.18806700620901814,-0.6146272831841321,1.1089964295614565,0.26212024775453485,-0.5594399089357406,-0.45183344506059364,0.028197104475830116,-0.3858859099385253,-0.8564616325572654,0.06465520373446829,-0.03622550701040621,-0.14770031440601636,1.3710326961931147,-0.02620437564764364,-0.9175475816193971,0.4471074163007652,-1.2346852287528747,1.3296303485923746,-0.22587700803386718,-0.7179319305494296,-0.31136254627830673,0.3850392629684099,-2.191608992696751,-0.12325726593029152,0.4249996795768666,1.2885016096383903,-1.4302949631863895,-1.9929747857413551,-0.24418128702239986,0.39774815354715476,-0.6335747501644337,-0.03177915000115162,0.24371399010103284,0.7719660335325065,0.8413680420930344,-1.0516051139128992,-0.6988265366483465,-1.4770909212670553,1.282661709754297,-0.7663067399406894,-0.3144330923085615,-0.5671531986725101,1.0126965293431014,-0.9398581521013197,1.5131387896270692,-1.4700765100363902,-1.7490541007977642,-0.707258422574869,2.0470119884464077,-1.9052981719050492,0.3961161619888918,-0.054296056647875415,0.02132003689511585,1.7831401775770983,-0.5859309437196341,0.4353047845559346,0.011406070326731018,-0.5243025987601218,-0.6389675459789886,0.3116118071794034,-0.3671911011427511,-0.3511051825141752,-0.9969815252875788,-0.6390881812014468,0.495847932157118,-0.5448908613617088,0.5131559878578681,0.8025244758271436,0.5869649764100912,1.1608901860248309,0.9875068802883973,0.8853767567828051,-0.26288574907552253,-2.123024409395725,-1.2934932555992071,-0.18315547994958295,0.4536536792677597,0.9803876454512177,-0.6543475946908833,0.6925121529287106,0.034417634883455894,0.18372166102478216,0.5942381738255949,0.9048067969067426,-0.6730948965848316,-0.3482581810570897,1.8173606218018574,-1.768248781569552,1.4215544338592052,-0.538369044595767,0.31133036702775935,1.0120114757457508,1.869467752614808,-0.11771093031860781,1.9083241501951227,-1.2173294945271456,-1.3226020034536634,0.058405564929044654,-1.482039644651499,-0.6344745684656082,-0.6279991548637675,0.5057068702132081,0.17731876332011526,-0.22453718866233854,0.6903950984441913,-0.2364151726106079,1.745972534607898,0.06396805172636465,0
1.458036205000806,0.26949937805668245,0.5374597217388544,-3.134678465312887,-0.5611111824926908,0.21726038043305107,-0.5581296008396475,0.4238005782701701,-1.6230872305177952,-0.6485392987801772,-1.469196215659355,-0.03734043690745763,0.7948125543374575,1.5054589320524618,1.4143274821474434,0.838095437399627,0.3257650736503889,-1.410380234504326,1.9628979699621703,0.7271419387186581,0.24632542686010814,0.1731733729327618,1.2978943196863024,-1.2043147180499845,-0.4026455930547847,-2.242218856512574,-1.1961775284996223,1.880896824073479,0.15828340885037268,-0.8390340799817737,0.03735530821939281,1.0191350823368779,0.16426032619680025,0.8421940409710563,-1.2150650691366924,1.12424646100213,1.8149926215782906,-1.3884267427214243,0.6614857028698528,0.8957662100294926,0.41649195754559215,0.14391692731896386,-1.2690959342886,-0.285690801991611,0.13554241036343398,2.526024873083438,-1.1905112357775092,1.2140440465479005,0.5699142893755392,-1.846634197126598,0.7287496667305459,-0.2869017225034234,1.2487524371397982,-0.06481336292946477,1.0301125720470738,-1.041605151833919,0.23248006681198422,0.2949682288222325,-0.6570534666657827,-0.22968487804402363,-0.363555157604563,1.0172975243451896,-0.20301640146289973,0.04101486997813967,1.1106998491901834,0.5331135445587922,0.17076312337089536,-0.9423566862196874,-0.05126184030587473,0.527705871139319,1.7308714813394097,-2.304238601805529,-0.3890891006257285,-0.5466339720722994,-0.7709837682771239,-1.7215613931513016,0.9207562370719755,0.7082271787361324,0.6364646791634312,-0.22686033798739405,-0.5267992803985144,-0.9645455354411627,0.4149584624096436,-0.8622995099306174,0.685586982646664,-1.0665600187890374,1.534408318075569,-0.10024973985655379,-0.4366023367139022,-0.5204732255617766,1.1971427380406514,0.414565756748264,2.0441400765664013,1.0879958218261392,-0.8567463015706078,-0.08518987797442068,0.15776195653266756,0.19445519213626558,1.344426847994083,-0.3244727106497814,-0.8473655451609524,0.6417648239021914,0.511057753735978,-0.5886004779388357,-1.8012205264722885,2.010400527747091,1.4129767040255223,-0.8390191310709365,-0.1409585543748487,-0.027919528886975027,0.610401785064123,-0.28226314639170524,-0.41110994546849117,-0.11721266822147475,-0.9290118856147563,0.9522756235401472,0.6175576160737307,-0.9883764734532362,0.3377549784122549,-0.6395683250261234,0.13906458603770494,-1.9981365125382216,-0.239138991231915,1.3068638434206177,-1.0661487849749116,-0.3558876412315527,1.258319242832473,1.7086270229144267,0.7660612445574849,1.555633363104217,1.1714896907812005,-1.708500716065625,0.5625392634791954,0.2391109505504564,-1.0342725285764873,-1.7035987057559405,0.8276426259511712,-0.11715420611389463,0.13557639174085362,0.6273397119086619,0
1.7139739717044662,-0.6404433882233084,-0.3558387661067155,-0.3197959462467485,-0.6615244648505975,1.853306512386475,0.9792663551371674,0.6530109968838186,0.5790593100378786,-0.10342149478018511,-2.3061129919963403,2.156247751020938,-0.2960926161061358,0.8664568616096274,1.029359238650569,-0.11902620778406724,2.1625815126256844,1.1215833393272474,-0.6827640907829867,0.9363353104406149,1.209020407051731,0.005094115997798146,0.6862437410743586,-0.15041002186236482,-0.4312756611159144,0.17217858773617808,0.17513507882171006,-0.211019523963701,-2.0580730639399083,1.5982593782283858,1.3280734300713581,-0.800705465015492,-0.2653475564826376,-0.9572092874133807,-1.543359080472807,-0.9969200921420266,0.1381574520318936,0.4122514619221869,-0.9260908013170708,-0.2555105226300146,0.3050202792223251,-0.6148443649182073,0.5216274657706811,-0.9295896534806002,2.0517536545978983,-0.5882903001909635,-0.3002400885083029,-1.0453344978416137,-2.0291089126410906,0.41220318020915564,-1.2156068332720258,0.23596079371972573,-0.5598902399509065,1.2286388853720145,-0.028865870887092887,-1.5324231727539546,0.13531134279050358,2.5086890025102364,-0.19234306562525474,-0.4989263488695482,0.6251506751648698,-0.5997939722843746,0.07086592663226972,0.19603677066493302,-1.0066019106105946,0.8393321920947461,1.1171648969733659,-0.7640665391836483,0.7591683597043554,0.859372297240598,-0.010559320837311688,1.497666385866361,1.6429879524938658,-0.5652465741061482,0.4701921487377453,0.5316238596566885,0.8969871759934009,0.5384608851173818,0.9530428804512884,0.3438029935148026,2.372777777123176,0.03975519783610906,-0.895794777538438,0.8859332157818449,-0.2584704963608552,-0.4791696698255156,0.004493722031707046,0.41906351005733944,-0.620803639787715,0.7802925528243653,-0.44412012748626795,0.8344870178867848,0.06793105590581883,0.423090536024612,-1.125338853106766,-1.5655400332037834,0.531034685312295,2.034847361466317,-0.6925838704580765,1.847384898511717,0.504253534043911,-0.4276235449465664,-0.284534294004937,0.5041215423480787,1.5617493721801081,0.5439609010948698,0.019811932838507698,0.4281563688239719,-0.9732972809655663,-0.6102984378068294,0.35982415728179323,0.24206349239705602,-0.004279668421907924,0.22326210889954712,-0.16396323745751157,-1.0913269514888284,-0.879685705667903,0.636855587701888,1.6869705612636192,0.46450390875808695,-0.8785224743228353,1.056438242454737,0.07445714451827432,0.7546008450935369,0.12355964639136756,1.106140490981463,0.8234888687318531,-1.2476387314964792,0.8694975251995591,0.14138583840226904,-0.09220248663785745,0.6705984360884952,0.49385971704810955,-0.5630995699010759,0.45446956965748003,-1.4558806822809136,0.9086044642393859,0.4388459009122294,0.514811366301823,-0.44968082962408124,0
3.112841170502817,1.0923724940398036,-0.16744959765190928,0.6133772231942045,0.5684168861234481,0.43321939686895405,-3.2812193184982554,0.3142327921182282,1.047540972774833,-0.46613320070031894,-1.5058663825723473,-0.5032640507988121,0.13739530879439216,1.7815788510647512,0.23209139256065772,-0.5452971739492868,1.0921356242228584,-0.27501880555556685,-1.3432050694316604,-0.7444548832659138,0.6521749032716019,-0.8111737630764753,1.0198082914739524,1.8760557561149127,1.4298040839685158,-0.46455261252479974,-1.1924686935446465,-2.1732254170219782,-0.38984198753054067,-2.0555732733485534,0.39059887707802987,1.5743126767535898,0.36608217480153155,-0.4921290787365721,1.2956066361103646,-0.5554130481945677,-0.33572501094237694,-0.13708806406647872,-0.8453503153782264,-0.03310921290561108,1.0972172909833113,0.04669876072488057,-1.3479256401785236,0.15409777276012004,0.4638035737324421,-0.3436068502690433,-0.12751272358744892,1.1999028936428515,-0.28838504296914985,0.3479348719757457,0.24817713057951477,-1.5683496409023618,-1.1415747841913155,-0.11543984063573441,0.6624486829371804,1.716616515379694,-1.5680477066197027,-1.4551177564100035,-0.07856174454108919,0.5943071562855258,-0.926443683887124,0.360992072416201,0.869522733659362,0.814713668437028,2.2386115448199915,-0.6072495293143126,-2.3615858192787593,-0.6977593084370474,1.0096614500086842,1.1361633360090762,-1.6290948300475927,1.4885980155379646,-1.5848713099605325,-0.3500781496828337,0.5301407754822096,-0.3890759199651931,0.520541339686468,-0.42407335903790416,0.17611028054269767,-1.3048202692015622,1.5837046241906565,-0.14452111301827722,-0.3151540043610691,0.496279575505136,-1.3145381969818806,-0.18605719303776982,-1.2228220547505475,-0.7643697257692602,-0.06639353008131464,0.48817079339582853,-0.5137267063430581,-0.2990574842556114,0.7330992682653541,-0.2771364647179182,-0.7349748021163899,0.42759129704315274,0.022475597731933483,-0.10418211719937813,1.1570556879343097,-0.4393682433849448,0.6743017272847524,-2.226345794203558,-0.3004290014399677,0.055526060062097135,-0.15297800724305166,-0.7318106747835904,-1.528558906164308,-0.5996427167606367,-0.5174020812657778,0.19636912662717426,1.0006714467470543,-1.0935035054072075,0.31588158605012623,-0.590740408185835,0.68161817956137,0.9944792579826537,0.666121893808533,0.5265474152295294,-2.220056074967868,-0.5002332438197432,0.8954457591136245,1.8052413236521294,0.8779963259142239,0.5820143866583095,0.09233100752887986,-0.4492016244044407,1.515369749906353,0.5256116765066237,-0.2019720065998745,0.2992232118652469,0.26747333312557414,0.418038310844379,0.7540192609303874,-1.2059778129514567,-1.192478797134018,1.196189810318073,-0.7422028355857636,-0.22027451441918675,0.40725941760972556,0.022318495855551124,1
0.14548533841232944,-0.5856046296208041,1.6799076544273477,0.703773420963095,0.042073267787256056,2.451677107611919,-0.6205700503905615,0.5074728224753565,0.19090947818696746,0.38038001178709735,0.29888074853726004,2.7665489388858697,0.38860874630748915,0.46536015898403615,-0.8608180221892373,-0.42110138126903934,0.4994893936449953,-0.28932126820166265,0.6611833416717737,-0.17713296120924707,-0.6478093872918504,-1.6714082198406606,1.3045357628950198,-0.31097770302452005,-0.22251256452836018,0.8595845169008322,-0.5956078235466302,1.6554678743505575,0.4351146859951499,1.202496332803815,0.9237333030134244,0.7902977130520217,-0.47252039765955317,-1.0603051449290513,0.9725092274317072,-1.547178083772751,-1.2839152577581368,-0.24452242291316514,-0.2693106360928216,-1.2299735011868582,-0.18479639838752404,-0.10892604848255281,-0.3724351543024059,0.17787960202018677,-2.3355675118158574,0.8818249454585808,1.7732828391496642,-0.18142628119148607,0.07850263608915622,-0.30416992546154586,0.5099028315665753,0.8369228987522138,-1.137333412152184,-0.4781433887324254,-0.8866604190657722,1.3815090806895831,-0.004928784205932349,-0.30249901651098743,0.6502561832949835,-0.3779486943946625,-0.6411399501065643,-1.5764351938989214,1.272514494596762,0.40084527389333324,-0.46312458275829305,2.28432770385332,0.5851905149237073,-0.7275444402548598,1.912158320969948,-0.1586432819899102,-0.356041224765334,-0.04229582991297278,0.432427366949747,-0.3976266296166262,1.807770398435982,-0.24554367338814695,-0.38283706348612295,-1.0981846473365937,0.11903282323284789,-1.9937322568941065,-1.020745403381005,0.3528586155307208,0.15582707919761396,0.27958546501764203,-0.08885777195492155,-0.7119063212864974,-3.0941702497398818,0.04683982359434037,-1.869331209371124,-1.2221188034397208,0.35213775605270503,0.4329360044287731,0.5562698416655196,-0.6132073275666305,-0.29979274894463415,0.11843746928022704,0.09092217162652867,0.0055018573492997625,-1.0162676238949861,-0.5898107223524269,0.3665266633749544,0.6513912410708877,0.23386489904958038,0.23878061976914688,2.0387304875874395,1.3810906519118893,-0.4472003436075668,1.9343151049760248,0.861772860879977,1.680719789202776,0.6849171443663417,-0.6969872856630845,0.625491849659083,-0.4224906760800454,0.8251692958599486,-1.4801757199265733,0.37595664000474444,0.3915444990038377,1.1270499947908779,0.9617997754070068,-0.40564340736367754,-0.543601717542216,-0.6447061199058624,-0.2569942349059043,-0.20660335829204307,0.9682886857281806,-1.913990733507863,-1.47620473585129,-1.4081544720800425,-0.12302833172012721,0.5860924580105922,0.3545058369394939,-0.965839245315493,0.9430609569796343,1.1290388019414772,0.7578453148917204,-0.46595434787372697,-0.010149211778344155,1.0097451449730939,-0.03882262563882428,1
0.1401419644326436,0.38625385153596753,-0.18356940714935538,-0.4880555609974807,0.4214340255470921,0.6960579623006138,-1.2482318833693202,-0.03241730157514753,-0.9051262284557178,-0.035835507266484955,1.3132636081070928,0.5418677556407686,-0.16891318955184323,2.070649903290855,-1.683573756154376,-0.5480671098227802,0.1557610963376069,-0.9932864751004682,-1.4336561780681436,1.0171928230745988,1.6004235266211448,-0.6164485959823013,2.2773187473740832,-2.39836007084652,0.1154928356406923,-1.128824880072168,-0.02437278536576705,0.07021588651448213,-0.09779849178650779,-1.27133335593814,0.1271080544486625,0.004855222859036037,0.22055889867978234,-1.463169423314216,1.3660054192978621,-0.701725925459981,0.36093395805752243,0.5132444757056753,0.5332624302151978,-1.0966455596177593,-1.975560223438928,1.6988973767905433,1.1462469996951101,1.685415127857074,0.025671452940774497,0.8494545245438738,-0.9588107326472354,0.34878981203795323,0.013061379002194005,0.2872702691552086,-0.03358118167655512,1.0130818412058356,-0.9426782568768325,-0.41003236847731833,0.04052348651569483,0.7802414857949466,0.5368279719136936,1.2959980742004833,1.7234324255799947,0.7061619431609286,0.2497407638377384,-1.144181575196096,-1.5452570569166098,-1.4543900783310144,-1.0300139671514457,0.6270935192697843,-1.398770667251079,1.3717252262001796,0.01926241639229992,-1.160890867371479,1.5648573186482135,1.2969718000252823,0.9459149177648539,0.10233279870714065,0.6109867800752041,-1.766632383489122,-0.6596665944606404,-0.5969871532241753,-1.772602641291208,-0.14549514973502334,0.2791672969491846,-0.8932234942657966,-0.22207781464309528,-0.5185450152889571,-1.2627093368016522,0.5620626327732325,0.9503167756870816,0.8119567888591144,-0.007574284528168084,-0.9642817457197761,-0.36638187766376823,0.8153997224561826,0.3527570770084163,-1.1447605441060749,0.12452593799570616,-0.032006051142957015,-0.34425766290834686,0.020011032100281146,-0.8417045350664477,0.9535252300445193,0.2460412421246162,1.0408534668776934,-1.375520807128608,0.06831207983302577,1.7600577516118239,-0.6535321030276383,1.0538591909947812,0.14512992054459264,1.0814255638598043,-0.49560374230968407,1.3365142366570748,0.5601295068167723,-0.9566283332902757,0.8475013784442542,1.1398944366007093,1.2866740983984661,-1.2886210531057265,0.20967056806881548,2.241694266636831,0.34606414687250014,-1.963730890564771,0.6045921646114653,0.9528008870905411,1.388178047679245,-0.6042684867442712,-1.3284155581712944,1.1799350060907543,-0.09507268469308229,-0.21809655274862794,-0.8774620864613024,0.2774800701428427,-0.6425925891216282,-1.624535229773459,-0.7190028955707034,-0.6905562019391279,-1.6722744706206305,-0.22840196208250182,-1.1033513930713612,-0.26913729894165994,0.45636585493060267,0
0.5992068147339553,-1.5483794663768011,0.949767929672028,1.6990143676987826,0.5015784087931037,1.6142879910606103,0.42253846387127075,-0.04771254923653433,-0.5021344730355111,0.7088621064380952,-1.3132732247690646,0.6240977094163983,1.625837950603033,0.4973623776350104,-1.8791002312968927,-0.32517795820350487,0.8898174787789955,-0.39179387423406625,0.6824522490406995,-1.425767424308659,-1.9902630929325298,0.021862851413398405,-2.173817372957892,1.2143661664946084,-0.7574815180616492,0.3499448113561827,1.2651647529434689,0.04236074352124341,-0.8368883864130631,-0.6841493525686712,0.28229947342226236,-0.8799425141120685,-0.16181348854501665,0.06263124448763704,-0.3970871568212409,-2.03867046693576,0.27467166522764963,0.5535417210136065,-0.9328194630761489,0.32140597272646093,-0.5027758454758782,-1.748769041286187,-0.5636375620842625,-1.788050358916391,0.18427783336541903,0.7355582162953107,2.828156791272619,1.38203008561767,1.2102792523695425,-1.7591848050483792,0.2974222907889713,0.4683882522517045,-0.511120406533721,-1.4831485872682197,0.4346364969242082,-1.8423285200032042,-0.3388929040791123,0.536714398113088,0.3233186443959739,0.2790609845139925,-0.2092282063872421,-0.7394005197716415,-0.5152985908261314,-2.676301590855997,-1.122700660646667,0.787974465724435,-0.07095604291321367,1.2060300838745583,-0.3771292778157811,2.022064554494342,-0.17182422382321685,1.3012263770910155,0.8860356503992232,0.5028933032436963,1.3544252066118236,1.29273835938749,-0.20394932755258138,-0.15631571489643828,0.4571783773339016,1.6336896305747874,0.5641466446496444,1.5830488240090193,0.37300083471578116,-0.6681262748939084,-1.3987186699086522,0.6362838483574299,-0.539164912976536,0.7420458842781166,0.20047977191910205,-0.44594211672758505,-0.9347683636848021,-0.48259644817949204,-1.0864798224659005,-0.9492622013002837,-2.556064929906714,-2.252684235810833,0.1366292567106303,2.0183554905870498,0.23378207401189904,0.19588410852480634,1.1746010778222844,0.17554094409096907,0.148036387006952,-1.3709744771234444,-0.023020814743479615,-0.5924799796170133,-0.13567684514738407,-0.5186187819293513,-0.5142029911745802,-0.20883145551038723,0.15970599951703598,-0.95967265422452,-0.2767607196031005,-0.10602521622193353,0.14946816533818436,1.1644143036253094,1.0498305575474844,1.0884255878618936,0.7485749903112832,2.8055824736919965,0.15669335677674184,-1.0098795669041687,1.8172032841140349,0.1612623151396733,1.701384083332884,-0.16303827123629044,1.5840822043217728,2.4272645489649487,-1.4271060373499262,-0.8583366734796377,0.7735885231202762,0.9770832807137824,0.13635403231892296,0.19077118800856213,-0.7673991331233544,1.2425919427528815,1.2471977608991913,0.6846806221996837,-1.3601303670711726,0.23750697154904749,0
-0.11553658898425453,-0.06670630036076569,-1.5736901250087376,-0.5521189551321717,0.17075288396385566,0.1593192259440356,-0.0620142558692347,-0.5406041742228125,0.143317262183517,-0.931748011663485,0.448518093086383,0.5368545144800696,-0.8000300556871234,0.8916015225366039,-0.7379407364508442,0.2129133324103455,0.8329419526332102,-0.03249436782081174,-0.5270467529550118,0.01322167569080476,0.7266853208010445,0.38673059511337576,-0.44977753248841695,-0.39810850947410203,-0.023935132560460235,0.880277936300498,0.3616406274997298,-0.18905469163912567,-0.33871355764259936,-1.3354106003293167,2.2535650426936416,-0.3056902464444753,-0.6548491206051041,1.3232286116225747,-0.4496669204832305,0.3072659818859286,-0.12223240984328554,-0.27495390947267145,0.5134033605888986,0.3911969779868144,-0.9830680115815277,-0.23502597643974127,0.6726943131319412,0.4863447782210392,-0.18076447893608252,-0.9384141134851476,1.2843189971795463,0.7203270261950713,2.6019850425096007,0.0738292915156672,0.6143594206863313,0.30994580115081305,-1.4593635020116578,0.2856218200231652,-1.8403414769318136,-0.7963414542313927,0.2953203139453716,-0.02100876878728626,-2.85656328827444,0.20443022412174722,-1.1496505691314087,0.6833202420458997,-0.08338851052152435,1.2034379047910064,-1.5893563537560929,-1.8309061792890469,1.1127685565725445,1.2949477261631503,2.541825205793047,0.31741203905143545,0.2711372225697352,0.3230192656664701,0.7609603605440871,0.03823269604656171,-1.8984767017596151,-0.39235277121670875,-0.452097013514314,-0.5611608415244386,0.7774458895487831,1.7907682484732548,-0.06521036356659841,-1.0967375908705992,-0.30496910683366246,-1.1087930639240537,-0.07194647090298036,-1.6290226212943,-0.4178849302741981,0.7503571375374426,-0.0011069955359816971,0.47352373698694805,0.5093634807122581,-0.9935337244279738,-0.06391873388756215,1.109013340741753,0.250927135776246,0.3602377088867141,-0.2649626699363945,-0.893440456613765,-0.1390465832510204,0.25945583579473885,-0.026257050022448908,-0.17694107880323615,-0.11207047769665325,0.6547725398298025,-0.1885261394367545,-0.922031068652864,-0.5230027303609963,1.009573593910303,0.18604134372300093,-1.1024011245273115,0.3627286698010367,-0.7835494162037179,0.06206300242118477,1.0259341576051966,-0.743944337444526,-1.0760305326285333,0.43801299370204433,-0.112326497760337,0.14262982519492998,1.1233669478178159,-0.638462015576234,0.2909978585400255,0.20985329674246192,-1.3132770221242924,0.6639918180203223,0.457482191976545,-0.18263838370652566,0.9651406806502837,-1.8561042165035888,-0.49343171179247514,0.6584574435787865,-0.635726293995928,-0.9535487034751439,0.36555506147770217,-0.932187801872898,0.6121474273851112,0.9135818353621649,-0.20271658525775949,-0.17566671474159992,-0.5957637204226972,0
-0.045647150955437525,-0.404603280121114,1.2636590491818813,1.3302720211732824,-0.12429780554785401,0.8758798856900377,0.4782595929270847,-0.8955366314479087,-1.1450733806123385,-0.40182590974595916,-0.8656519317736807,0.28664526592986295,0.4897225800576139,-0.7171203727300859,0.8561804985232819,1.6343036645124027,-0.49046632800238493,0.4019215564283728,0.5023866543111111,0.01627867731004263,1.6086614523476566,0.7138037687207274,0.728165027730831,-0.4043962175503964,0.9294109425672513,-0.2786074136463352,0.6813063335974285,-1.6051726573560468,0.6681347534850501,0.6638987060263711,0.28441117728665016,-2.2932557531735704,0.911959829841063,1.172924495237125,-1.193404531221056,0.9570038182638498,-1.1025519850169712,-0.608439365977652,-0.20932052325582567,0.9808951693056291,0.5831183922904091,-0.04084283369105328,-0.22758553731925543,0.42969782233882925,0.12223810234257994,0.983532150036952,-0.8662314772600355,1.8900323986717207,0.8995775606352597,-1.9022425681680986,0.16934929179804795,-1.2086582098277947,-0.10143468071793678,-2.3467766367687632,-1.3721361240732868,-0.06439381735189703,-0.5053333008453124,1.0375014142682817,-0.4089584087688055,0.4529623824129481,1.2449693168052185,-1.3738267969554314,-1.1118128274663375,-0.653855477592898,-0.07597388001656434,0.6874705702957756,-1.434600856993624,-1.2422341506850307,0.05517214002980542,-1.4673980541701743,-0.6944453757454316,-0.781185060303177,-0.37760061939310363,1.5502512654663105,-0.6942641651312643,-0.9785613515140171,-0.605686702680935,-0.714967200574404,0.6289365403671713,0.43986810161520756,-0.6802539539300363,-0.1456888990028897,-0.6774231482611133,0.16178229042649364,1.0837831880611355,1.047628983651067,0.4313693097497275,-0.5790684390395152,-0.7123587529257829,-1.418569441906499,-0.10696099204835191,-0.6813219427630599,0.9874216335007451,-1.4013267577484267,0.7415423884086185,-1.439336930837184,-1.0259939468562709,-0.7725849850163888,-0.8612119763302962,1.0883681762601547,-0.06688472612059054,1.1583175656880056,0.05868912830874543,-0.7944886020895084,-1.400346991447257,-0.37299364746953645,-0.6255823837667127,0.4939934122536482,0.9923452850793376,1.3947661035019714,0.4652454535245544,-0.9588843079397211,0.6780882278959807,0.6894911528116289,-0.8267080435219253,0.21188493674085845,-0.5329263291779537,-0.8657428290048772,0.9609763405669491,0.12114718740530911,1.0038425071970531,-0.1628074059488194,-0.6155078306799442,-1.889943988116729,1.7115951884883438,1.0862146401891861,-0.8481129928938346,-2.274864636435203,1.049674941508687,0.3361208407202555,0.8289888767543686,-1.9976215538165025,-1.2713586653386004,0.11228870217352563,-0.6651452660790756,-0.5001497227801559,-1.998539087808542,-0.4351890835535104,0.2065825227647265,0.6706940602388737,0
0.4001003116718527,-0.43495100378588425,0.7964971001898555,-0.41660798267614174,1.9024455037624972,0.35089967748603823,-0.056882394989805726,0.026600046596778573,-0.8659651373667728,0.7641688613000316,-0.770750760594855,1.0585498150159165,0.20874043201623999,-0.8101846442737081,0.41242335195280044,-0.6591848994737465,-0.7530618177982267,0.18621990978902203,0.30634900913796104,-0.4499026171618761,-0.47225668799109644,-0.3835574371450755,0.5824328168219398,0.6528679376229912,0.5584382586077864,-0.6497385288726164,2.1320974101866064,-2.2591159013818873,-0.9231269814766137,0.5085820179199945,1.5221773786331276,0.32458674473492816,-0.3180948873628429,1.1789507869227762,-0.4934752627827452,-0.8154882070272389,0.8036310699846472,1.4559616171017111,-1.5748788299371372,1.6548189637760855,0.905559830969218,0.8231426329501156,0.8628055440762049,0.6504073116316268,0.4516119658352074,-0.24568037392874004,-1.257980933436666,-0.903531118145596,0.2729488657228458,0.09357347503166455,-0.7657768860342009,-0.6020935443015506,-0.043582666113152854,-0.6492354854787428,-0.7443976380387088,0.8144030656326969,-1.0250274447032885,-0.03267010256350937,0.49985302510030083,0.0841377062868165,-0.37584708987684995,1.584611404073667,0.8742639114581294,1.852997512111805,-0.48208778547043724,0.17121343691587648,1.0130034652057542,1.9501910294252958,1.0247160901000225,-0.3812202498445566,0.04282178449940628,-0.008022324898391973,0.127456067236082,-0.28980006527437735,0.17292730591831496,-2.9945615049435412,-0.973574637767345,0.7358238489572407,2.0306296314516588,0.24030409260599958,-0.38483102395279556,-1.1631656855963264,-0.7599308929507561,-0.04838107965152314,0.3115429942167444,-0.7274639596213613,-0.02465548693570342,0.5332074375481551,0.9682310199849938,0.21202482416051355,-0.4344729017776949,-1.4443094660174722,-0.3034533586113033,0.8270475548645593,0.21019286368138218,0.48801932446847035,0.809299097053986,1.253429442289779,0.5932662804675154,0.42199443801018166,-2.554305646557833,0.5732770911103816,1.8659659424126798,-1.3748005710986024,1.0482835314308592,1.1334923042610123,0.30889114797774203,-1.515097878709762,-1.421892712642249,0.17528153350355088,1.5425557910672067,-1.6669742921639157,-0.2851542115686677,0.7371314311154804,-0.3882698763376682,-0.23520611785390974,1.4570126476915022,0.6391076602306544,0.4786246234247962,-1.2313500387297682,-0.6413034538996595,0.14699591604292808,-0.021103587708859305,0.32269121770095094,1.446178779439116,0.008613266277924964,0.5102377324348292,-3.1998183243826155,-0.5108977657276494,0.5745477576650266,-0.6083087195898761,-0.9546799553493961,2.164681145471354,0.7146404871902637,-0.5462099028098744,1.1270875103986076,-0.41283947994398307,-1.3637836653579143,-0.5459779589053583,-0.7768292896797924,0
-0.6309193639272236,-1.0944328221063369,-0.02236408722509292,0.6902593876648562,-0.1970926234947636,-0.23448668033351286,0.4186406441219315,-0.2491319925029648,0.5841691543756186,-0.1825942294006159,0.9554613301880914,-0.10672541919398792,-0.8633825561553482,0.8843804456980071,1.5224776474499178,-0.7925987101592316,0.7431728183673447,-1.0967869707893654,-1.890371287466795,0.8073387727089762,0.4738284185963679,0.20962116683868262,0.0811718387968539,0.9009734936414715,-0.7165504195106577,1.5040568175960334,0.6956263617372325,-1.2111586586100502,-0.974876670509619,-0.9664417252907529,0.5847943155425674,0.35697638521600744,-0.6099413277623409,0.017695833028447846,0.9794642378555425,0.8218731557430421,0.08039560905983216,0.7081627371827246,1.6608613086477424,0.613668978085261,-1.4587872009608822,0.02873584679731426,0.4871439309449226,1.1364675497161336,-0.4753438611398728,1.0282353272348523,-0.3080290289139006,-0.714029333411302,-1.2295680773229976,-0.8986269851946806,0.15424685812020855,-0.014660965681456903,-0.49268486155578844,0.022683585650695,0.8040612995756454,2.1280011815358106,-0.14725960940059848,1.6961587572766181,0.05862482953179841,-0.6676586128486528,1.4743746771484303,-0.6627256318441348,-0.12898841551315604,-0.39904356174176736,2.919899802614168,-0.62786721438018,-0.900036910447684,1.4445871576315839,-0.4082489151208703,-1.3968129813048504,0.9848133510895833,-1.0074875368434204,-0.33993920768259317,0.7426177425288913,0.2993951929712314,-0.7465200633206163,-0.16174938632264232,-0.8605272960251572,1.1775621286594984,0.3278961895151983,-2.0517985599146376,-2.3944509495909174,0.578837983641229,0.09339018160742028,0.84299890253784,-1.318037184585029,-0.05383927985442538,0.5332906873492412,-1.1888836394832234,-1.0051424901693446,-0.4158426415660822,2.1189512919942044,-0.4839278426733667,0.6810203328315904,0.9591617551359302,-0.37079866319602667,0.1973713446153117,-1.9836522250722182,1.9277451018517981,0.07869112985167381,-0.1686052897178765,-1.382955464950265,-0.6443312155341459,2.4545617286734456,-0.18854182423065435,-0.6247587611392069,-0.5510354948505101,-2.913073538250235,-0.06239421338619258,0.3787083443352413,-0.9114199205587523,0.264052812102645,0.26787782133289767,-3.4648091473983578,0.23033980946520471,0.5191596300266333,-0.957345786078801,0.7452039499257616,-1.170718420714509,0.15322305190243202,0.1487288484802871,0.9969027478424904,0.5621967202516891,-0.27249297944425427,2.670895300912629,1.4443959922775003,-0.9662384079105919,-0.2665863657585639,-0.14044494710582828,-1.5009068314472478,-0.9213655684491627,0.6576062480293585,0.07194420148340323,-1.215667696794194,-0.17884377053969355,-1.0483576821504934,-0.5490495050842394,2.856608522362787,0.24561136153792731,0.7871337898199523,0
0.9946912712641384,0.21044860982358007,0.17701835534711946,0.64475539180972,0.08543251280403036,0.24861984785789415,-0.09973210823168945,-0.48525655014487534,-1.6728928427042686,-0.9328897467850523,-0.3346922243869621,-0.21457401414175692,1.2035540523219883,0.2590824325840394,0.3389420024956426,-1.4673345796473398,-0.20501745391900314,-0.9906812759598757,1.7579047464012973,-0.9402827683659658,0.4340728706011657,2.723469795672056,0.45179146911319235,-3.216653510056585,1.0521203156776662,-0.092023114075676,-1.5277492640474175,0.12161046698077603,0.664098214109034,-1.2774286752381767,0.45508858360630855,0.37527220525965455,1.3214944446462966,0.031260015439146784,0.4555228960444852,-1.5706629741271934,0.4233086128203793,0.32649108184796605,-0.3294826465072742,0.5543898360979467,1.0327068100339114,-0.6043764298499718,-0.3591064913572402,2.249838012672722,-1.7577816269635493,1.17608497378899,2.4770250551435544,-1.541314571888396,1.564623332999577,0.8140423299290032,1.0037204428985986,0.2510332903399886,-0.6186329531720952,-0.864802485552403,-0.2927046664190972,1.1489771116630767,1.5757960049991477,1.6821040968219976,-0.27053840540720053,-1.0063740916804709,-0.029445680196712076,1.8929133139029457,-0.018448267464783116,-0.4630188314998165,1.5885270515197443,-1.2903751198917954,-0.5516752181918876,-1.176718801933229,1.4498915258391296,0.5404112898728697,0.9885770343486617,-0.9833208014978143,1.3335017553197956,-2.8974733718600567,-1.2818413741599815,0.16372634968367847,0.9071085532086857,-0.6787731549575425,-1.973394235777551,-0.8974761373009029,-1.1225507513747608,2.7961203676572564,0.6892826320449152,-1.0212136479268519,-1.5766244129482885,-0.8201151535576007,0.16165157115464018,-0.48182193202337287,2.1543818140838216,-0.7449497278634983,0.6187977802621166,-0.7056358329569709,0.8352149480880393,-0.43955707202335165,1.043592664261852,0.429567514981938,1.8125786431049995,0.2112998940887987,0.563020821894327,-1.2670364753903895,-1.5087706916901076,0.6885419052097191,-0.13120963752230885,0.7668747999953323,-0.5059586719367983,0.2513451543768024,-0.7575954162848058,0.47113553775475353,-0.9292298441935719,0.11771003820618599,-0.5836510878697044,1.2745659910460403,-0.7119843106403462,-0.5853602843667601,-0.28028118236624394,0.9163773901185268,-0.04038114176362879,-0.17288096960677052,-0.3503493693374957,0.2342034073433503,-0.5988867721649522,-0.7967307605115439,-0.19359923840149407,-0.5839924904202081,-0.47517295491118333,-2.0988020619424015,1.3129641642207404,0.018481300099737804,-0.012982038415020769,-0.8160002652700148,-0.4603868218068198,-1.1331005469183533,-0.8791602479872148,-0.2466641524418982,0.12642301740886502,0.4899892325567524,0.7977613329468998,1.1982444498557434,0.6339854602662123,-0.0752824722421005,0
0.43371733535940976,-0.15981265676808976,-0.9463124444622241,2.053217177463924,0.9434108762833577,0.5032881178259652,0.18391677537069206,0.6808641869729067,0.3024525078556383,0.11901080491837936,1.0612189592327559,0.04016674746038815,1.2449668213462846,0.14391066930102767,-1.4570910719457804,0.48084620210024953,-0.5928369147158884,-0.9976566598620292,-0.645008519286257,-1.532480386168661,0.7726092631178731,0.41921098430414483,0.23688382657820795,-1.190796043983944,0.5061743425722689,2.0344783011570837,0.187151291275944,-0.5804985412183759,-1.1333700312111459,-0.7497230701265318,1.7495730742431512,-0.4540865820368792,-1.6261478113888574,0.3171014808554941,-0.45612519948599173,-1.0086498431492326,0.6339634476202424,-0.3416940092876907,0.1871206348657964,0.09271640794375305,1.480136217541539,0.43750400882643686,0.50797209746033,-0.9824037225075898,-1.6267128695521176,2.5908984435968825,0.7331936833707633,-1.057993403107481,1.1309293152936795,0.05513140292192073,-0.30370930136396834,-0.6618811805313016,0.2660298351145418,1.3354806228609302,1.0435474008334813,2.152394665833141,-0.20953289187626054,0.03908302081458915,0.9542395592534748,0.6747281190331085,2.238871497753308,2.2718616897860757,-0.3154150593810501,-2.0218426497156887,-2.7598768456917986,0.44290563222793566,-0.38435549165757515,0.7370274047519172,-0.5784275829230243,1.6527110176868793,-1.2685391901277512,-0.5166816590078853,-0.5144559106510106,0.5328200129770122,-0.48402320853767966,-0.39955730828840863,1.2137570826738722,1.094166039744998,0.349215316384639,-1.0620912530424822,0.4115620659056692,0.8264419871416387,-0.12275092074127822,-0.7767265712876015,-0.520682789325362,0.2704416380166474,1.370326396635974,-0.9015520482672139,0.4255100466621071,1.0414136606329487,0.4525624434787635,0.9912797790738872,-0.5406480720746644,-0.18681925417103626,-1.3748896859470567,-0.6553990816878591,-0.8228290792663614,-0.9880891378750802,0.6408570647279155,-1.6636554435416908,-1.280771380995116,0.7934960235663464,-0.25117083401924833,-1.0805420480971348,0.4799106926598075,-0.23212651191845754,0.2579579275463513,0.19973228926992728,-0.2468975769415254,-0.8362667972766993,-0.298785053781621,0.32079943924865273,0.41781357330456914,0.31361818581684087,-0.33418464493001143,0.33895541542537994,-1.4685204736765598,0.4022535495222978,0.808385028057059,-3.086559466420426,1.0501381426032974,1.562800903366862,0.473308006079024,-2.1502584812841588,0.11211175630061067,-0.7919234496490831,0.05229042573206086,0.38442525855544557,0.669188938975173,0.22651007890093713,-0.25768572380862054,1.4311817653616583,-0.8533537364704963,-1.2770333822679405,-0.2704005381801886,-0.3520434031303273,-0.8350998876028956,0.5454844902164864,-0.5181880932414519,0.7012462995013029,1
-1.6424926059681668,-0.7578744442264121,1.0182980775229709,-0.5653651099211044,-0.758347295308855,1.4870640083403692,1.3959393967790357,-1.1454108076060598,-0.22929044669894147,0.09631812613232575,0.4024655128671349,-1.3916110656146197,-1.2899974389165585,0.3703580283372883,0.9486701166563315,-0.4042358411491899,-0.49794778947951757,0.13872717009081847,0.13492964808730643,0.20529336563446088,2.364165492253588,-0.8977819490724105,-0.8804911800934692,-0.42632102445895237,0.0631405753626964,-0.6846176014382178,-0.4894844206569514,-1.0800930132187283,-0.9313053000447814,-1.4735684393770014,0.4869605079383521,-0.5672615630628353,0.7810036712743237,0.5732056209158682,1.8894574726635434,-0.11798363304348675,0.25514005492915426,-1.0347027209744464,-0.18340841146990525,0.41199718122301365,-1.3197762605727885,0.5333196917103322,0.16491671031702068,-0.07327646501766619,0.13942634967533302,-0.21139745867195928,0.257047594604686,0.9764279932325529,1.4001060171427324,-0.5278945609710918,0.3028129279674025,-0.9484246837402495,2.4221436143146886,0.813353009719676,-0.9096199074251726,1.49017965827637,-1.6158404880024555,-0.8568691535938032,-0.6054023813653926,-0.22800013986344123,0.6051934968892183,-0.8887437271281468,-0.4591731706742858,-0.15470823489342556,0.6530885422523535,-0.344685937875145,0.26553143880950264,0.4127597329070859,0.4783792425340546,-2.6137509644173313,0.27505767709615314,-1.7628084330682499,-0.019352971845782673,-0.18825808117637005,0.6463363381096725,-1.9201035663723922,-1.1158586856937143,-0.4327624355117531,-0.38914022131356985,0.263007378345595,-1.1880351845509967,0.22857606107463138,-0.13170068041832922,1.4148916130700675,-1.0793027606705752,0.8750739462257423,-0.2340207789900928,-0.6562582091807667,1.5217172432681816,-0.4342389478291515,0.39599218495049376,-0.21793023045818832,-0.22806844302483958,0.5991624950096945,0.742504888261391,-0.7551580617892224,-0.681931406324469,-3.4163820565083265,-0.33811345008973914,1.3946114242608292,1.5477020859894084,-0.0025668179790530256,1.5479286009097244,1.1544851277785007,0.6460240298445684,-1.2775080628162234,-0.267571166643246,-0.9825037995848893,-1.0644924990741733,0.32522200395602935,0.5929831462249309,-2.205116352146658,-0.46137188733083434,-1.063328341739867,0.01548462455550621,-0.7317145829875489,0.2923995811961562,1.1767174053177545,0.06831975376543381,0.7846295993397753,1.308996012270012,0.14765462835943888,-1.3561117496633042,-1.1906455133311875,-0.11078530309509733,1.811373940530131,-1.811390345967102,0.42575249415121114,0.24120888895676193,0.5743211227398201,-0.11318711366319219,0.008063210440265381,-0.038417327667690154,-1.0670113369354826,-2.1415963689759168,1.9995172697420485,-0.2521921798273263,-1.0888880053998387,1.0931089531556069,-0.49572919918635777,1
0.2712750569510705,0.47109719950433776,-0.6931383232283396,0.6236244139558285,-0.24479692474267828,0.9267615919419786,1.0599565088440954,0.7273384358929783,-2.693362373812815,0.3674827111265228,1.0338552184307137,-0.22452353302484437,-1.5707330640394273,-0.20878450992984976,-1.1156940572389884,0.02002019012594783,-0.40617966782384807,0.2965476979918192,-2.715094602810817,1.2549865695479243,0.6984607631298193,-1.163387614941211,0.15120820327276657,0.8456298904123547,-0.5924603175180223,-0.11035416705384785,-1.962024938853812,-2.114717593855299,-1.2940860898726685,-0.5683793220489234,1.6245836606034318,-0.04817562325365605,-2.0980245179526715,0.14735094295291956,0.38366892458024837,-0.819372137749433,0.015851307973051666,1.117195321842329,-0.356764230634056,-0.4847499842024648,-0.7231932136566684,0.41628486061403613,-0.502238674398377,0.009872751347171693,-0.8887848835028033,-0.5578332496430718,1.913893164689643,-0.8000379231297027,1.4954887442713214,-1.109696263689841,1.5846933691745901,-0.1482279777704731,0.35895760829064494,-0.9321246983634598,0.261442355886759,0.36513145856571716,0.009011869771251723,-1.418549887509258,-0.8724658338423429,-1.2656373446205214,-0.05053529483106101,-0.9873360254141283,-1.2008246619784133,-1.178624822782545,-0.8996857830679507,2.524570607269735,0.4142215803214181,0.06378332729172496,0.25977411616116064,-2.059883531691649,0.834770493919186,0.7327889856135139,0.41342080293692196,0.611286782012136,0.07753913924818932,-0.15115100943496484,0.05235180831624909,-2.3111806861298416,1.9169342108218943,-1.7021553135661622,1.1409541729544481,0.8626100186758812,0.19805838393483285,-2.4070602245119965,0.26498504007475165,1.6934085134797636,0.08890173412925954,-0.32743098419897376,-0.19106303034662533,0.2598753179454548,-2.771896538402387,0.5661527113635695,-0.9624315568016272,0.3788209083832232,1.8021809847246721,-0.5697330870082268,-1.0615780899075677,0.07543599815619294,1.6994577241380164,0.27493043314247334,1.1163112605322314,0.6386953889898369,1.1732222687522436,-0.6392055061157913,1.4991299122672639,0.6216722967933018,-1.3730174302030234,-0.19793088211718032,0.17363716083680034,0.10864159358748635,-0.06855341639934755,0.25504126275974415,0.2552698341386424,-0.5349747763048136,0.41408840584841056,0.784722705569361,1.7773228282664033,2.1428868693900647,-0.3564533486771631,-0.44779924427220436,-0.3271370200744048,-1.1771739694137573,0.1663077240291213,3.376079970491451,-0.8769969412981269,-0.6176745999157407,-1.6702046703471736,0.9536122335032597,0.19609154123121791,-0.824567021036966,-1.0567902821510686,-0.5740099937246059,0.6970299695844933,0.35725704457614754,-0.8633454005559611,-0.611236197547434,0.9471326379760084,-1.9071827791392346,-1.1086263996750887,0.13736962729280988,0
0.10847954666374392,0.6699385367246703,0.8283547648800168,0.6563831136459864,-1.8892278865581387,0.8018769539266353,0.4020319014934793,0.0342676893740348,0.9937167416475384,1.2509503761791112,-0.6530915705076854,-1.8371888383288328,-0.45058487297231514,-1.1492559311515276,-0.19739205699023607,0.6172743497640688,-0.6683339071201038,-0.8316505647477186,-3.4335761389755493,0.4423778547598917,0.7955957813561304,-0.8976769496197415,-1.0211738723154176,-0.1323647782190924,-1.7114649747395945,1.0637217796231746,-0.8362887200839947,0.8199735556057081,-0.09839124426231213,-1.7715541290714247,-0.9493318962203248,-2.107598735211473,0.10289589868053942,-0.7627796832043203,-0.3545949155889246,1.3456493434860288,0.9083849928208072,-0.38417785377518854,-0.10753375991251217,-0.8186821190525521,0.6440022391110194,2.0728628357410215,-0.8584985475632984,0.3552475086104594,-0.8397321449627391,0.8813043706956246,0.6003940366290119,0.5096476564694014,-1.5270892077434124,-2.2488439730254726,0.4095137437346377,-1.3848940959174287,-0.2386582037815918,-0.4775950192225639,1.0347742380253775,0.8269691576856133,-0.4121045008854888,0.3291317304898119,0.3479230884211727,0.8642087660788709,-1.9888073959412027,-0.8741209305002479,0.891099574084656,-1.3612917645306255,-1.2719665075818953,-0.19155742231246772,-0.5843503935755567,0.4610829435135348,1.2384241047988074,-1.9889356261159554,0.07196254200639207,-0.16174966180050668,-1.2442734778742186,-2.5077235721782247,-0.9121465408239368,-1.6760267847421049,0.20974241934170668,-0.7208519060795296,-0.792934254895854,0.6767282259557054,1.9258564904482056,-0.3031791556289692,0.5289687874260252,0.9226289608358182,-1.320155307544514,-1.5920626479278803,-0.25907849829613455,0.47095609007157074,-0.7907587670598517,-1.7981324955054894,1.4039800376379301,0.6846452901314886,-0.2844111850495427,-1.0308070900896675,-1.4543012929615988,-0.9383794218238525,1.6963199482410523,-0.3586205387257706,0.23288446700442741,2.9281646305136917,1.8441460252374295,0.15547739241629216,1.7683069741983886,0.46757047170899907,1.9545431048944035,0.026921750486313123,0.7233794828217335,0.5817366818403346,-0.8234886150489539,0.7561751851213266,-1.0483461964261642,-0.5251324625124234,0.8131493906201973,0.38942327729763343,0.02797711048138588,0.31662910633671715,-0.04472908599869956,1.0496178393446574,2.3174541915813442,1.4191319688693413,-0.34938307299229243,0.5042206156246061,-0.7955029959976657,1.2145457118560452,0.013467920412104102,0.8017235763264985,0.3346276072642688,-2.5257605178287847,-0.01908802821721773,0.2742855472727801,0.4240779719257098,-0.907631382303915,-1.3054744920517862,0.20993605467870455,0.1135970039777677,-0.4241894840573612,-0.539726809918227,1.2395074409194247,-0.7598178323946383,-0.5690713684674864,0
-2.2673618948007794,0.8075714976095575,0.1519241212378244,1.561741228605017,-0.8883850171244463,-1.550279523641584,-0.804069420272177,0.8955715239496315,1.10384430049893,0.11134545007157447,0.06426014269732197,1.5979876375844422,0.5941734853198395,-0.0006654951306760073,-0.7100401100644002,0.6667330611681559,-1.2052109144043517,-1.2140333767032558,-0.1882712144340056,1.528519417157626,-1.2412971948454725,1.1175553079869815,0.659823868502445,-1.1320466806765537,0.2985477130944714,-0.7213847801585336,-0.7186566079945794,1.1822813151962634,-0.1254557361450569,-0.17410581993400148,-0.013485749413030658,1.2978193534461362,-0.25097512619194307,0.783355837861967,0.7909593068519667,-1.6568060767264419,1.1130921702567271,1.2337220930078925,0.6620882353425093,-0.47024603956810335,-0.832754820371391,-0.08197340414048013,-1.7608105616511984,0.42430082380003686,-1.2525625243085692,0.3581788529855037,-0.39974918758267936,0.3978518376777085,-0.4770649128932381,-0.08168798415221198,-0.7127905004992587,0.2595494491004932,0.9217966169662996,1.2075273263272412,-0.36568551059565096,-2.6593512869127798,-0.5030681597752044,0.6948900490464472,1.0194346385716058,1.9032300029205418,-0.6645741166840723,1.5545142791512299,-0.31214383103106746,0.45080341951507674,0.4242895981874792,1.2606317400858893,-1.611208469118259,-1.3566719962596998,0.11462775536356627,-1.0747214049069567,0.08852487587328987,0.9024634127376183,1.432412660436506,-0.9154495353314637,-1.0839605706203363,0.49286196072381566,0.8256056421983621,-0.6633455937855003,-0.8219054305652007,0.7858708688926093,1.0551156231804302,0.01653133960952594,0.5644937120520924,-0.8066637586964125,-0.544436669427011,-0.19111626349973035,-0.6002384676635806,-1.6369313698917802,-0.5660595761008252,0.37171719074292253,-0.4216973489034445,0.8508682126672853,-0.37642848620876146,-1.0169391545523374,0.11230733480239138,0.7537398245453922,-0.8928726258019015,-1.903971334589161,0.32829204505331444,0.7593727265229242,-1.7432518412921059,1.006438102082112,-0.5408058320593494,-0.26220366078877827,-0.384251671958311,-0.36478663583585663,-0.2614099470776807,0.1888953727071632,-0.34282569901354915,1.5200664758947218,0.10709837131738688,0.4726700933718006,2.010249776820016,0.8155265930289771,2.7817500246018456,-0.24269772862150787,0.8067591853599023,0.4836812167749612,0.22911088821299538,0.5134490942355144,0.08783598049499762,0.831244001345875,-0.7224884611944679,-1.1826263282905798,0.3651979712287703,0.9232946197852485,0.5748280604258151,-1.6429470188527677,0.937261161878444,0.015416396148659835,1.2114009343274277,-1.4036297139725242,1.1664529046692524,-0.058072454548576735,2.1647785962288375,0.3538124972265713,0.6771201209708927,-0.5395675536144959,-0.3102721892401617,-0.16744225886071187,0
0.11769506451597958,-0.24145301965058635,0.6399029671910442,1.1101735437387612,0.592544415281761,0.2381188094639773,-0.3259587802352457,-2.949445561731239,0.7221026902889364,-0.7205035308089713,-0.5210966032513017,-0.5493348712165133,0.28433324113493147,1.0730927811922903,-0.6957398253301598,-1.5605532195068965,0.3369799657827371,-1.1889261674997649,-0.4666617571366811,-0.8883785285954099,0.06647958343358815,0.45809937967875686,0.5978887567827958,-0.2143697962982703,1.4002313111217715,-0.809133142146792,-1.2186547742627662,-1.0576557247090868,2.609917715314341,-1.2182338637713501,1.2158484064438666,-0.2572182959728866,0.7857567651349697,-2.2266947188849984,-0.4046052284174639,0.657200592261813,0.5475431784624389,1.4962317711543587,-1.5315233596749318,0.5914952487272251,0.2626276422615746,-0.1400017948029444,0.054931454309464264,-0.5635976039199442,-0.9367099717325442,0.5593945722459001,0.9165931214663444,0.07444939859870232,0.2052940556604082,0.16724907125198513,1.813740103599208,-1.3021188133502712,0.2972839313567312,-0.2564969780427928,-0.5002807613234787,1.1088460158667388,0.4379776296987775,-0.15506147308114884,0.8503179935258299,-0.7410667135781589,1.4948389013721204,0.30194919926130587,0.7588317792748075,-0.6959332400426599,-0.543499125822667,0.30542671874325344,-1.4354799627166541,1.5210959768453927,-0.36476143363043206,0.8203005003658569,0.7140421055590563,1.6081315389070858,-0.9909291681748398,0.32330646250160927,0.699506687276994,-1.2473578073711207,-0.3838233172451925,0.19817606675691385,-0.4383065310953603,-2.188742353286089,-1.7200316170056904,2.163423129691798,1.204223874199696,0.6434898876846503,-0.11984957991570692,-0.6608428655140933,0.40388847207348394,-0.9412896790853149,1.0108796269930473,0.5518365821405968,0.09161249375274605,-0.2667116592560482,-0.28179949691458356,0.3261205077036195,-1.1959602466237507,2.3753928119695984,-0.41086727939840434,-1.1988766942607763,0.8125870547551148,-0.4608110221572597,-0.48017130640111166,0.05842695325646954,-0.5147640225815006,-0.5475969316113063,-0.14792434883020883,1.39931176993534,-0.19283511201153528,-0.17738437225339623,1.0807459102043977,-1.972089261797095,0.6299910882505916,0.6763797758594969,0.11184474224962816,-0.3456882378104708,0.042916386794248335,-0.29587027460886467,0.26071072704207443,-0.2340884047750104,1.082295229480306,-0.36941702821212263,-0.18663832010467138,0.773987792918085,0.6877453560890373,0.1495097214148582,-0.31250782092929036,-0.1935525556482142,2.818154465175315,0.9802312927815423,0.4603927127398941,-0.06538169922167938,1.509015951767369,-2.069553646759356,0.7902213190673988,0.15620676230573885,0.25177319199767506,1.270546214240185,1.5956731045939367,0.008909654290432271,-0.029294094915925592,-0.9301237376985129,1
-0.10497653724845532,1.5438946926434705,-0.3203120247275091,-1.879186583270651,-1.0181925082014294,-0.4458363820925347,-0.7435238736889448,0.6314060385902664,0.4576164159607011,1.0400689689193352,-0.3034651460670539,0.2637805647162918,-0.9721867927410937,-0.29111409995347987,0.0296712154007212,0.09933000136053172,0.9223847075168857,0.4051798080573766,-0.08950720543261116,2.08999330654674,-0.982356648500055,0.8985705696916991,0.008263826290031091,0.4884157521760712,-1.094014132316956,-1.1161919655271284,-0.2857705944676871,-0.038369192217606415,-1.0903205512413765,-0.5236778623767957,0.3202022440792688,-0.635819298669653,1.6166832904729451,-0.5877832446062927,-0.07271404819089909,-0.2503498472219096,-1.2572833783704453,-0.04550014792564821,-0.8405437722051474,1.1608849990603005,0.1129359264073303,-0.15803036878767887,-0.34258215856458696,1.098592913483509,0.06968850805832479,-1.0811615211576084,0.8113559261536304,0.7275450387269234,-0.9016630578064069,-0.33262452704238904,2.1176235165397403,0.3081533493195289,3.7662336030221715,1.3386826790928377,2.5077213467463206,-0.7265383958781111,2.4517341866580096,-1.2252597033150152,-0.18241487291269617,-0.7207050137933821,0.05731410716410695,0.6173373338944789,-0.0947214502984889,0.3028277958163947,-0.2848286037712517,0.5539402062044841,0.46325594772860373,-0.2763330271947326,-0.2275170305907992,-1.2211415666021654,0.14527801899353412,0.4808345619699667,0.971692865511729,-1.18530211177803,-0.820742945323473,0.5769416994185221,0.5787769599642286,0.8440490382439784,2.4610900414050656,-1.1903087565717387,-0.7044680259703052,0.2078079569883114,0.08870752340245315,0.37582031147473777,1.6287510116589978,2.2776678967900805,-0.7532090782795196,0.7263801259842881,1.4945344616758791,-0.5968400404183201,0.2534000172745975,-0.3203808938036858,-1.558063928241968,-0.7359905566552348,-0.15936628563801575,1.438054447050992,0.3576060250942247,0.3347339366239154,-0.09138565722834252,0.2581813186909125,0.33074538844244805,-1.7464611676040669,0.6460298180642013,-0.01943962153147968,1.2111078063169252,-0.907491333424395,1.680172506273269,-0.8399674450612751,1.1694388975754944,-0.4636808907237163,0.634104256913687,1.3309090429853319,0.5408856609503926,-0.2513763065509526,-0.502135918857061,-0.29531317007332164,-1.1656596728124047,0.21465286928365848,1.2765799195490353,1.113598775465231,1.2808700739906909,0.7728481420212999,-1.8114914358420935,-0.3513395128271305,0.5347989817710432,-0.43972124982131133,-0.3184756061628667,0.23230155679186312,0.047519948447059354,0.6856469475271336,-0.7686654805708929,-2.534494791022805,-1.0571531163229106,1.308988559375381,0.10817078650668317,-0.2995278759507103,1.3297179068090543,-1.4304945056380716,1.0512534436412895,0.47129985388570717,1
0.868221245113268,0.4825561554824448,0.8897556317474644,0.5259688874631576,0.38420560896156747,0.4601567506490275,-1.112874427696116,-0.7761455138945457,2.6492380131316664,-0.7101791597236574,-1.0658137851783893,-0.40111763180093574,-0.6617617907083905,-1.011146009573033,0.6985668778657343,-0.2351828615670014,-1.2383360944516475,-0.6764844120332774,-1.1654466535055896,-0.40927187581402535,0.7809761431839579,-0.025836263422127147,0.4762199761108608,0.30317932227999794,-0.060290924305151386,0.24770217660077698,0.5080403885446817,-1.0619863420278273,1.1696364586339425,1.366018783792539,-0.70183226789775,0.6302656602060929,0.0003829621597980717,-0.3254402137242209,1.9520269100579777,-0.44327650161911736,-0.49664490853071735,0.040107692245257766,-0.30686232470973174,-1.3302601937161769,-0.5778434720605627,0.8943076271154317,0.19802695793966463,0.2089084311422547,1.0439109726042153,0.3771943757241856,-1.0771953892322355,0.540104133083165,0.02617645926966715,-0.13291819630166943,0.4778685085532747,-1.2752067445050337,-0.41388802131046015,-0.313434231666336,1.5362130781887697,-0.4877550202456524,0.6142843738751307,-0.4791264154190856,-0.2957523360944693,0.4759754972832637,-0.7790795043118781,-1.3077309417602108,-0.6632014591492756,0.37267288053263015,0.08251206952703034,1.451145334915137,1.2343789634078812,0.38528967401794545,0.1544450091106684,0.36815194460760053,-0.47568347598873095,0.34387438219909583,-1.6521743552899657,0.11580570788986223,0.6101040515782096,0.6095741433956093,1.4774599634976526,-0.8274041652127074,1.8317432447158402,2.953111689397068,0.9009505958578133,1.7575000672085292,0.4025114739034315,-1.0975499816585634,-1.5179079498431867,-2.172597016991858,0.6429543835691508,0.7615362369036468,0.7860520303731761,0.5097499666543809,-0.002823776451374779,-1.424021214787716,-1.7035930317461605,-0.36469048664673487,-1.5296428969611402,-2.544621803096017,0.021118106727714317,0.19625513200170833,-0.2643890765706647,0.17490223376204322,-1.5334014025983598,0.7044287435720463,0.768016296215627,-0.38581872349575413,-2.2370700413499476,-0.7345570168364959,0.40287508950294165,-0.8874679474198043,2.268002277010765,0.6548822512012148,0.4502832912664859,0.5080813445130398,-1.0644803353963432,0.07234353377967909,-2.011476808341915,-2.147613766303414,-0.2714065876308096,-0.1679402673879111,0.9475034485018444,-1.1519603272527124,-0.0011463114278814936,-0.5333573744430405,-1.6499318757751167,-0.3965776979013529,-0.9802802751703245,-0.7031519331834213,-0.4214532488636361,2.1495690417433537,0.7317297103117941,0.9863138182496888,0.4646829293830282,0.05157053538439437,0.9550583546489154,-0.27422891957613704,-1.5235019717304876,-0.1265723222894841,-0.09244679790169545,2.270192665048837,0.9367188476608255,-0.43274150403455564,0
-0.19440886917869768,-0.4759436220991395,-0.7895430705895654,0.5694826340826604,-2.270341001247081,-0.06558036727300914,-0.8733034040461869,-1.756379872233022,-1.8883811146645935,0.3892295599245915,1.693108482271589,-1.3343525986425429,0.8302540224832465,-0.3792377381249671,-0.3867012570454237,0.3273394565454898,-0.3209621581071068,0.3499692509163945,1.077255090454554,0.14628231864317048,0.08794498261157176,0.930651915637709,-0.3655322461569718,1.0792450920868086,1.6548399125805855,1.0212629473736283,0.4233966023282423,0.9669119383505447,-0.5122698010637359,0.8519119190811395,-0.23124437702565015,-0.31467018510468325,-0.440411566602141,1.2964872121643338,1.233649650581218,1.2764997038976944,0.4315492890910724,-2.1159256834586753,-2.821496458789053,0.3215604879951015,-0.24930299456524957,-1.618842497039773,0.20186204029801727,-0.40870971667188605,1.4369619234071562,-0.03651583532334338,-0.4847700429946724,-1.3571359157023215,0.04759154975655374,0.8364993932519331,-0.19400267040606423,0.780753985286771,-0.012174534860234114,0.7829006988900022,0.046407285042624896,-1.4099993757543974,1.233442413321187,1.0137646149834096,1.1048515569347002,3.575215215969337,-0.09937154999663045,-0.06189098214232631,-0.1521892998489269,-0.5717313723517575,0.5504958911828775,-0.30775501187675697,1.4559184747401037,0.05542742787954787,0.5822926392109817,0.44344444865886246,0.5874796169501123,-0.9187833739480799,1.2803884162637842,0.48425890409457056,0.5134356568586699,0.4714043745606844,-2.3643266693696035,0.10644498512304854,0.08528279283166894,0.2648852564278961,1.0162123759602653,0.9136179703798877,0.9878440943664422,-0.9670602563338129,0.1249080459961576,-1.5639727814790185,0.08374848433379152,-1.1203238888227014,-0.26370684441875014,0.8061305255857824,2.13515359602524,-0.9590265212363579,0.25422509102765256,-0.04735523056697458,-0.461738518481058,0.28893962861458605,0.30435594537721156,0.09128788424386228,-1.3743537752497743,0.03816728032892448,0.6302561891758802,-1.6389673308545087,-0.7346323354663965,-0.9151930799509707,-0.17211968532041466,0.7703636175873498,-0.2135266138154934,1.4502957016081177,0.31918611443500283,0.07467485377032315,0.0394344488606524,-1.7952934527323587,-0.10676414168096901,0.4100535477382882,1.860977014853091,-0.94065679902209,1.278571624318822,0.613808012024018,-0.5914722806623283,-0.6014978669058554,1.32491802949736,0.5330912525092811,0.9838508648665728,-0.3638448598306029,-0.982980858326588,-2.8178835039793233,-1.2259855028700548,-0.6701419897728476,0.8147247969368989,-1.026060536525006,-1.6492579582544795,-0.576948372450717,-0.5290277442955865,0.008059037442930237,2.5522491810382166,0.32329471438779284,0.17060672615189,0.3939671002438528,2.1913202306587922,-1.7551976335846633,0
1.237921306483116,0.8515346031348949,-1.483398577705851,-0.6977603056943931,-0.9222098264448397,-1.4365815064402032,-0.5289215150104409,-1.3343293202127977,0.5432473205550756,1.4434249024317438,-0.7801609394486549,-1.1722390194571037,1.1617187748679916,-1.1878809178886887,-1.5845175936274303,-0.6696905029473408,0.7419042046483355,0.2359094248067574,1.0915146835293281,-1.0343316929587854,0.9258837813540783,-0.20661068709741806,-1.8576022337368128,1.3727668525367536,0.08872013488441291,1.4326604593902097,1.225465338000064,1.050870743104927,2.5476112329005307,-1.1184858453483648,2.10548878883049,-0.23305351946933806,0.9196094149848659,0.12499101208866123,0.9308247941859502,-0.09767074506530528,1.5970183850939832,0.8067564003496428,-1.1409665869914705,0.4454362362611811,0.6746363221694655,0.7214566720166604,-0.9451115229067377,-0.2585392143731673,0.30546906394016105,-0.19778129168253272,2.043005004972921,-0.12822749327098854,-0.9186138581079362,-0.11415283267115363,-1.5243447729391613,0.09618185704772632,-0.92537539669932,-0.8300852813813052,0.674798131830623,-1.814264003387747,-0.3226731994367824,1.2513822482778627,-1.0777816763742127,-0.04625218546290861,1.9279351196603487,1.2184789320807983,-0.4130993057302796,-0.8174135760164871,0.623453127773461,-0.3489673120884567,1.7127610688846835,0.5946702612120245,-1.7449450076587643,-1.4299076076736024,-1.0936806475724232,-0.8234325289847702,-0.07085028348406863,0.503941557486034,-1.2445509239368084,-1.3823724362785275,-1.0999632926880187,-0.4684096578307603,0.610013805247218,-1.087532724627776,0.4897392824365041,-0.5582517173303062,-0.8864985061021549,-0.38140177457468843,-0.2610220336560361,1.5755837693183576,0.39250775095567936,-1.161168315896021,1.634768102509005,1.3497888686103805,-1.0918011934924456,-1.1315801744108138,-0.6380837440017794,-1.2788963047414728,0.7379561758862203,0.7163947427340096,0.257248070683005,-0.3184131408131877,0.27216811461821777,-0.3418621365707575,-0.41683516318493247,-0.167799930404687,0.1763244657904559,0.4450301411335055,-1.0551815549244157,-0.17179100884371673,0.03087152278692339,-0.05923311482570514,-1.8861743427141187,-0.14415263762940247,-0.4206591341717965,-0.8543978536797459,0.5945838964768886,0.8311405699089454,0.31566912969758654,-1.1700471458755277,-0.9867654236788254,1.3624047094232201,1.3021206513019816,0.6207844635338022,-0.9281643052721126,0.6871940168930967,1.329983571726437,2.2210400399573174,-1.0586594623145094,2.13663488492673,-1.8962774776279716,1.4508061279499553,-0.4644117275543633,0.6695288488640689,-1.1177306910531477,1.0850673948328617,-0.8806049753111925,-0.9049407450885938,1.26413614377296,-1.3548860926758006,-0.7763903193501732,1.4275392321682492,0.38276966811446356,0.671318834988832,0
-0.4978565052689906,-1.3484917527288363,-0.14587509284821087,-0.5401264819422699,-0.5300335642775071,-0.20113475186825217,0.3459523976996218,-0.7197232595726846,0.45436204701972727,1.204879833047932,0.49321170515204255,1.3478330169421036,0.9990980931242319,0.9566443588302391,-0.5871970561813343,0.9682927973895094,0.0017089605507632684,1.4753393475003391,1.6532280523890497,0.8903264281603428,0.23533803527126237,0.3625209178953868,0.23033265443610138,-0.7965755804302466,-0.9540318086724838,0.6480709781989817,-0.6794315615858262,0.26200789038721767,-0.36872925330802964,-0.9572107921657528,-0.6879692222977807,2.24024140344811,-0.6830172906045704,-0.6573428821650998,-0.9020569189333846,0.21400053432587163,-0.25893572557668953,-1.7092620881174179,1.520021033207369,-2.2927225202268464,-0.9517911364382586,-0.323227508768691,0.7631747348876001,-0.6469805226799358,-0.6843747436626085,0.15563041699753413,-0.47380654553977114,-1.345190090709472,1.1877032519356536,0.6090958577021225,0.881654462513457,0.18571411491101386,-0.10777398089754306,1.3976700824055235,-0.744123057048532,0.5038086194611434,0.18118840570863642,0.10163806836805936,-1.4969285767918556,-0.9581879229664705,1.8457868697279187,0.6115971252284972,-1.168513873887379,-1.7050845241029284,-1.137347648456753,-0.8911717918507898,0.6591399861475203,-1.872765932351998,1.6406613823903016,0.42881792588589585,1.2042679939956393,0.07999426800095422,-0.17484420756119012,-0.5514815359574695,-0.480968119074016,0.27282892434126915,0.272739172665214,-1.2104129557719006,-2.488212845765497,-0.2731084830491397,1.4243934406431296,-0.3584523943538995,-2.9721949463797523,0.4820114274812325,-0.2640862679837137,-0.8901933583409839,-2.1002879591645516,0.384112336206144,0.774565178811181,-0.267706232474497,-1.056132166089736,-2.297930595436744,2.5370357221174267,-0.06156761219417454,0.6325867400494527,-0.1823368198969248,-0.11966417555926188,-0.19419302882757142,0.43868148031687076,0.7729433043034076,0.5368628736171863,1.0085336235196916,0.3326699275256491,-0.057969458469339714,0.01967546191001486,-0.1965960962087271,0.8349130194597579,-1.8635595350082625,0.4191211700461536,-0.17641883802056613,-0.013531860893396044,0.32077958491935976,0.29366497072398373,0.7384195364381896,-0.06766666232325491,-0.22401984535689473,-0.3619484231472572,-0.4032256819457408,-0.9229333947473644,1.5820859185730227,-0.4250580232526683,-2.066094305236652,-0.21624626167423386,-1.1957538102255463,-0.08203601888312759,-0.5449293730198811,-0.41867521037332883,0.6042877610194465,0.3081227061563258,1.1490737731339618,1.748783943778305,0.20794597854877372,-0.142230652032345,0.3725208916829938,-0.876146494182765,-0.825730455274944,-0.5951785732838611,-0.22876085138853297,-0.642094834214214,1.0550290413830345,0
0.5883831467480306,-0.527528410797757,-2.3551952651997974,-0.14246696779581275,0.8630081832601416,0.400108977969575,-0.15543304732669816,-0.403791909475447,-0.19725498029634636,-1.3090664674274501,-0.2505300076481017,-1.9528018963320983,-1.6376159263243457,0.27052665564521616,-0.09509419444684039,-1.2702862390869103,0.8679540353127225,-0.2062102957951237,0.43988233655616216,0.9313888237080519,-0.8453397836071522,-1.4275379076638846,-0.5602295914692278,-0.7857394994434286,0.034767840055198285,0.32975280675520036,-0.5779665671755984,0.8133598605087538,1.7063846149668545,-1.5490256687755186,-0.9346843811789691,-0.2833425434889488,-0.7994391228178312,0.3909118320445764,-1.023972327721475,-0.68349197914394,1.401444520418043,1.2988811578445039,1.1907653596812724,-0.8237511002965109,0.6887109364121213,1.0404607907475236,-1.0636197982885853,-2.0140860545786943,0.6197044480379201,-1.9171670392671716,-0.7039499434921136,-1.6974219913688804,0.02983580059916577,1.9453956638453422,0.7370032494376625,1.5027393819897623,0.5247084717334339,-1.61366956803622,-0.09296027318706024,0.29509540397898026,0.520567858323666,0.9862123410162761,-0.7928872233085598,0.17587955784537265,-0.25732750329928433,0.8309456349456601,-0.042192138848497665,0.05353087229112533,0.09483884266977725,0.36180645013523743,0.01082002404199906,1.2587487429407862,-1.665698402009797,0.891583963205568,0.4256454516174763,0.2559517293334977,-0.24337146235396512,1.8008778718395682,-0.003024149097821995,1.2633281860899148,1.9209006481589361,-0.7062256299629811,-0.14072986928383377,-1.5572612593558874,-1.0760291339014654,0.6060675326003581,-0.1151271794954518,-0.5662855603931354,2.4393755556898133,-0.2629089546697124,-1.2979580279650533,-0.9125507468346065,0.17315311637088462,0.33897903069993823,-0.716948765163411,-0.7915202779325833,-0.7215681286825973,1.5464932361604098,1.3849418470957917,-0.02291442204578283,0.33295828568385405,0.14021448807755008,-0.5327203966773152,0.7476506225970576,-1.6648784900413538,0.37670195372513265,1.105893710611533,-0.8443944349851712,-0.4305052937818528,-2.372176162596397,-0.8850463317493348,1.74841818798879,-1.929362712718077,-0.8205812088709209,1.446748475628779,-0.2312290185034436,-0.6775245254701971,0.14802387415991183,-0.6226015167583671,-0.6685305229630667,0.20772323294513992,-0.46862215000309404,0.2735256068494968,1.8865059680461795,0.795890418119056,0.29603308476797047,-0.2700096739678571,-1.5416893330431334,1.2207268918637746,-0.34089968612418253,-0.9637020287165542,-1.4745735004592724,0.0947875874654692,0.12086609014037104,-0.6505752901900449,0.8140888789602166,0.2819088056354263,-1.0199590939448941,-1.6257452901902931,-0.17421681820392054,-0.5219707505001261,0.4081636694200993,0.8339781615133633,1.1744900471499964,0
-1.0314524665762985,-0.4647969325512228,-0.6441914628900832,-1.1870269586440625,0.8797316111741483,-0.09258805754912586,0.8547468976558644,-0.1386923069078184,0.7021802774811052,-0.5793956168748736,-1.1634865199714997,0.5257963775338257,-1.2120830518764336,-0.7792271239364984,0.23431596213150604,-0.4383554243483016,0.8232263180478144,-0.6612401533072979,-1.4745144710252827,-0.23145154266044024,-2.5888111060831345,-0.3191528365558613,-1.2527426990303026,0.7266663939864307,0.1809901788739262,0.5562295952462678,0.8408136641502263,0.6948283743678746,0.6369567259559791,0.7738846400739724,0.9335615963749421,-1.2543420820136066,0.7461427762054493,0.1930843312220506,0.3921670293176424,1.6114165123627298,0.4324988551736408,-0.2105996485191345,-1.7499718407133866,-0.27883347733440006,0.513767242697078,-0.9200868021244905,1.1580084109495807,1.6924621473941814,0.17081910891917992,-0.19234054367025555,-0.31266610112509935,1.7720099912827265,1.2028907935068165,-1.5060296915115081,-0.030847976917976517,1.797396629892754,0.8588512666835952,-0.9589051002396619,-0.24364552653127025,-0.29555856477000064,-1.081998650263776,2.2030928861902264,1.2298561907639334,0.43073917386623595,0.37413246428383257,1.3493152541867908,-0.3957785045221535,0.8355916239352436,2.1761753570548694,0.38569223771594435,0.8087191586312394,-0.10589194377728312,-0.4854722573002368,-1.015381637087543,0.18080180672543278,-1.4498655242543868,-0.710064874261033,-0.5019946239251329,0.5946874082874748,-0.7622261032280789,-0.009201732752567374,-1.343641024130624,0.10165206984659296,0.9552357336618342,-0.32837695925012694,-1.3281611965474314,0.2314540939079521,1.8797843891610766,-0.2998064272565559,0.19752657780206964,-0.9629488576934537,-0.45228014632571145,-0.5619322235410431,0.5437638719044967,-0.7345924911843054,-0.40146679416518743,0.2391351277386709,-2.0245427669418388,0.7352253919753976,-1.296064703183807,-1.2004566046526262,-1.15072390476566,1.4171705160551316,1.3149010278471633,-0.7878087811939958,1.6343665879514753,1.6052257737477291,0.12619553327397354,2.101077084028093,1.301688670502424,-0.11949577341094977,0.5849911212054081,-0.6557451547283509,-0.3194985988162999,-0.13235754451433265,-0.8889130689572722,0.19698053705726049,-1.9675795038399522,0.1530625065090377,-0.3731936687804258,0.7464905198748838,-0.4403687944304573,0.28159553240542484,-0.30064944949516154,-1.0676934439601617,0.1588467471854629,0.03812503834197657,0.9571318196926021,1.4636175316951214,2.245056609483722,0.35214980845855604,0.40525739772394026,0.2543741743170795,-0.8324302836906099,-0.3674147771014576,0.45904095148809526,1.212199151717195,1.1896081191528551,-0.2224064911881349,-0.7838635493401469,1.456033904913812,-0.6073478547640858,-1.2375809791184085,0.2200958928147739,0
-0.2994522903272425,-0.10198743016200186,-0.2256934035566536,-0.07612997143233732,-0.06467217723632598,0.5615412385756289,0.12832242728797683,-0.036134654753435164,0.4360802956550365,0.8003726941084949,-1.292279591829627,-0.6961320022113425,-1.5911773014688966,-0.04600043752752312,-0.5343147507332219,-0.9598830164258075,-0.005522269688352263,-1.0086111822274284,0.4981064033184729,-0.08623221562955954,-0.28511014613791186,0.13420675514472483,0.5177533647699842,-0.08949607149696767,-0.31966735310182537,-0.19729642336999767,0.7647582377893044,-1.561101236871162,-0.05414421217436647,1.317806557143666,0.8486935783513819,0.27821241142206726,0.5600205832298688,2.260392163021375,0.16887054702687282,-0.44550430063436347,1.2599713493886924,0.17669208289166646,-1.8047313984881812,0.2112230878072981,0.5444941032922489,-0.9386617053559367,2.025541301548683,-0.6238242672900306,-0.5113654361162304,0.9524523399005022,0.6305109406104366,0.1895545483927818,0.45099379559311503,-0.36470342705084063,-0.4842936023617157,-1.1045347604225109,1.9385555399662315,-1.351351363198167,-0.04693415435496383,-1.3180370151249357,-0.16631057384243858,0.45407754826085955,0.03283241514017236,1.8831014331405687,0.4310390206916755,0.025579541785531405,0.6583803297963957,-0.4933811244325363,-0.16751652099367342,-1.2797688447960072,0.9463645311619759,0.41739510687587295,0.8029873104622927,1.4256136758676214,0.04101547832303826,-0.33073746857747877,0.32600533182331026,-0.09178840994671275,-0.6964223837407355,-0.30454446708634664,0.43853871218769225,-0.8170507250470859,-1.7439942676285651,-1.476051629977596,0.4383961512405874,-0.11462829126362478,0.1486937762819769,-0.15402182820443952,0.4077834366642255,0.913537922066198,0.7271499359204071,-1.418889511972189,-0.8825870720089902,0.41414193456373294,-0.7017838703299286,1.0471342305525462,1.3140369752220638,1.2967915401089805,-0.1266075058117476,0.46757303693008817,-0.08947323354649499,1.5153912019226476,0.01619007376182185,1.6764142707328533,-2.2981082289382226,-0.6367760054609077,-0.34219635624685535,2.277098231287772,-1.3832872652596253,0.22234593030924613,0.4491186719898769,1.1156607759259827,-0.6215863396928948,-1.6303460131934744,1.0197115175759024,1.1529032317054653,-0.16939037026298595,-0.014245505247748128,-1.9041213236681045,1.8658840362403406,1.1298839242053125,-0.9660378909521297,1.0137490368132558,-2.223195166140542,-0.2615194264241842,-0.236561152334052,-1.1636692064079883,-0.10230692872068634,0.06102727876994778,0.7987758023391531,1.84597019947257,0.4975708307326702,2.3027327827464172,0.19081575578320942,-0.793892958823079,-0.710149958896266,-0.07352208703026515,-0.7272233128095019,0.8805702878667264,-0.14871467661350857,0.3222623880547156,-0.9680392131806876,0.7412915265450731,-0.6134230520493932,0
1.1639177608187727,-0.6115908408702235,-0.6627803093281672,-0.9094529547268639,-1.312253705718691,1.3346962932605102,1.3230457910367701,0.8237136292109499,-0.32618686377533507,-1.5740402018454642,0.8790977408872663,-0.9451491418603815,-0.7767827062609993,0.017935595274641707,0.7844914714210888,0.6750144113384368,0.8309168276042644,-1.427013006233844,-0.15134947617978428,0.4468640133864364,-1.599366320645122,-0.06812906948386936,0.0055563719317692686,-1.2101409296904437,0.28009789810944874,0.7208521771012956,-0.32081453931468307,1.4999138989092797,0.82416519333923,-0.5081580022905847,0.5439198147115031,-1.8268132415355671,1.6512062075050329,0.49705908988211184,0.3519408484958834,-0.7583631542353424,-1.2003712114360898,0.9292209596457717,0.4608379538457125,0.3366818775075423,0.6804251363005895,-0.5187939650267602,-0.13756716657168702,0.08459339111985235,-0.8851523762630229,0.4806205732888063,-0.23504885875759976,-0.18203773873882118,0.18776661267985553,0.09771979552638958,0.04321088882547756,-1.859543446587169,-0.23761433219773656,-0.001855800831412312,-1.0293506832525543,-0.6872312922150784,1.8017326246923389,0.5844590523249931,-0.11853406217526956,-0.8632873808259524,-0.07432686421429718,2.1022328954526324,-0.34368219270911826,-0.14495247550153423,-1.7108268997916856,-1.0083609579287538,-0.21451821420057585,0.23495116848608483,2.1520879994085673,-0.4519185655974358,-0.12851704586398807,0.3656901319374422,-0.19733186724143814,0.47682925189745784,1.131328031772619,1.7681907073606307,-2.3585236928705133,-1.2503495755280951,-0.3490291490634485,0.28812101703462994,-0.5460222677568493,-0.3440117909105577,0.4020002696138479,-1.8456095912419144,-1.121040106231585,0.9301349941096999,-0.6994683208808953,1.6875290200625233,0.25010326752593476,1.661240413995603,1.3208832245519535,-0.31819953161305786,-1.5002106729450335,0.45061562326397697,-0.27902844804311927,-0.16824377221342104,-0.3232806180606675,-1.2899357836740653,0.4907343286149837,-0.7324902460483368,-0.8557519403913363,-0.25043178954327905,1.074911379494527,-0.11721857181467757,-1.0221987158542802,0.11683022913552304,1.2783754851568296,0.8187510981618542,-1.7918541632450742,0.20955818305913523,1.2465619659079374,0.13546178311807966,-1.5623185339700387,-1.5991608167146614,-0.8984362071915453,-1.3900184572216028,-1.2072719535672432,-1.4166796598020905,-0.22636357042438995,-0.5309388161750197,-0.15507143099420945,0.5675523366159034,-1.27539862269974,1.6219256897647611,0.8878522261568269,-1.8780062331915648,0.32934453223154003,-0.5545536348286748,0.16562225447916903,0.379832790112903,-0.539740111876873,-0.28531074394620975,-0.6381754910921444,0.25899447497374084,-0.18172983454389338,0.32606960756558745,-0.296553312311402,-1.7000434657612178,-0.14307268693107372,0.5776816199307423,0
0.972271696998374,-1.7897078165563143,-0.0126493022344823,1.1081702719803113,-0.5616906015311414,1.2298874382679545,-2.173822592289469,-0.9663957167149496,-1.2431653420605635,0.04715155068709515,-0.38740022141085345,1.1491659066923028,0.9432945403716485,-0.4731739407186991,0.7049684437516834,-0.880075614589851,0.8370244495301151,-1.8723015373025218,2.637034281645931,0.5493054222995222,1.7258483100334083,0.7618607309055941,-0.795461983418635,-3.1974552456635728,-0.7481807108288641,0.6647331410948077,-1.6221714085014856,1.945406735916908,-0.19249714327068787,2.2930117617351544,-0.6082579155148587,0.5837814516891007,0.5457037959551803,-1.6105992867283832,0.4029345739022843,0.5573860913138001,0.7384045964058366,1.2697766540802649,-1.5723659185279344,0.5347302662121608,-1.2219158470381752,-1.0222911040476523,-1.1010522750238512,0.22195148665905967,0.6789398309193913,-0.30081380069249963,-0.03873956275254727,-1.574737514351712,0.32970432683190337,-0.4977167005006382,-1.0755273408607036,-2.533193954634177,-1.034241317499473,-0.2633692858077108,0.55108733236399,-1.0330651343705743,-0.3466353921149223,1.4943344953269442,1.1550382340369365,-0.5431180858706951,-0.49343170359479976,1.847973043485196,0.1646665179528002,-0.34173274255782565,-0.10207545458684937,-0.9091783756230976,-1.4268057868301671,-0.3241301867821506,1.2154520837169576,-0.21385421476155322,-0.24568246019764414,0.6090831300070625,0.12048691812376564,-1.5208060934250498,0.32306518589539474,-1.8450015982698875,1.228452930034102,0.5168093862009178,0.4667963336529826,2.1048359763714433,-1.1056874040226035,0.697379630563868,0.19090868546617482,0.5573219956919906,-0.42402293695472054,0.5188891249983004,-0.09355000403513335,1.0046320065331928,0.2805362808381074,0.9534930663570418,-0.6800929399867035,-0.4812915570357115,-1.1240562414085473,1.2772556664340617,1.8029934451200456,-0.7701432261400866,0.257644970262957,1.3645573885183666,0.14097572041279785,0.14723538663185454,-0.8265523729309621,0.10484261960204548,-0.9820403510396912,1.4995204011001753,-2.279272671125521,-1.2169160181696361,0.2228036600493382,-1.3333688838445257,-1.9234861538560093,2.6013474779458585,0.5963428480481765,-0.24202876598183218,0.5075862777536728,0.42181297261754175,-0.6934054625447792,-0.3040515431141787,-0.2702484145565191,-0.3927983030880973,-0.4449984070273579,0.7994476953724964,-0.1983573815720714,0.9333586015198977,-0.7736008233746157,0.44996448650827947,-1.9775604853765316,0.49890413250562254,0.861318534464109,-1.1550673574964514,0.25163597374921826,0.7576921657203015,-0.28527732563566455,0.8803141784334161,-0.6985633097548782,0.2869885387798428,0.060173190288277084,0.12895592453242402,1.101892341540648,0.09348221050565153,-0.450389426651702,1.7576626525185894,0
1.7029801788576537,1.9761039459677041,1.183150387595469,0.7283199494484408,1.353794617893883,-0.5864810022959088,-0.7994845781600296,-1.4578637174850395,-0.6990856959746726,-0.2121650641248067,-1.5264294677315868,0.02677325149402333,-0.9795896155786329,-2.117365999531794,-2.558839413233107,-1.1912751960438996,-0.5847161474575677,1.1947120816066528,-1.1246508233212003,2.2436139691039267,0.6908512264373189,-0.05689486131565825,-0.8168400300014289,-0.38566066372352953,-0.9605843073414813,-0.3118222121149406,-0.547298608620458,0.6593459860299361,-1.3514828638576386,0.27775226262087244,-0.1559477201597586,-0.3895172047902188,-2.3185731587214478,-0.5241636699753854,-0.05632522548087867,0.39989038454669934,0.4736035384301896,0.8651117919157906,-0.10035643402014349,-0.06505160879684795,-0.2214856392517532,0.5546134386374633,-0.03220180810268593,0.77896177795051,0.9423871613192493,0.831861191310934,-0.4265943472667709,-1.8625163658816588,0.15076735250242498,0.2125765061513387,-1.9719043830587526,1.446817953557168,0.46012601936344993,1.446895483210202,0.14535585919477267,0.25398510301739025,0.37850787278399656,-0.46622308024918596,-1.1692286650613979,-1.2806615726509931,2.2783564521101263,-0.197309155644698,-1.1840870102982357,1.7826003730393218,1.3032592014251685,1.1204994892395816,-2.0778978028338,1.3184377672074115,-1.4704723648535116,-0.14729518515928813,-0.18267995050318284,0.5330167517868097,0.16812435188694488,-0.5327546703536055,1.7128236763882494,1.7091763203306032,0.3557470789765468,-0.13053280737843273,1.5136211757900664,1.0564956038571043,-1.2708761624024951,2.227408018240095,-0.9608085804259712,-0.4527990963932451,-1.4843606926482857,-0.5211357878488759,1.178597757342255,0.030489404696516457,0.21666383495629282,-0.8096433829829465,0.7041109951648833,-1.9196424750899561,-0.3327557200932775,-0.1461414450931592,-0.32905585413049865,0.25495052238416366,-1.518581585304828,0.8971576886354563,-1.0782259960372176,1.9133491802654379,0.37400316902944236,0.6182148470624362,-0.6730852422637487,-0.4818084092571238,1.3263370295114425,-1.4212447219905902,-0.007367854714167838,0.015898100065138206,0.4555462958822156,0.23529584351808455,0.46293565658148894,-0.5612044021624726,2.545007172909559,0.011334243887907212,1.0408964532621208,1.0449994707403845,-2.639320474210285,-1.5645230598222972,-0.8195922257858169,-0.507284631177839,0.2731111143381501,0.29478339423654265,-0.7901956696426381,-2.0319879393406817,1.6229927200829875,0.8821152684681898,0.6624297549409587,0.4867665822158512,0.6298363374656502,-1.5054051421949937,-1.5619973027689547,0.6304772087138076,-2.168299771822043,0.4266516883378915,0.7800565301580866,1.751738848292538,-0.31250410838337433,-1.0901768733955781,1.0517106476219895,-0.2415582886864859,1
-1.7016900052501278,-3.109236734682626,0.5810151955229215,0.7931517968726413,-0.01004720021938133,-0.04532853834897483,0.018431081613621014,-0.18224966452029223,-1.5962153341728387,-0.36183024251504625,-0.12418826798432075,1.0001134708932755,-0.7725579243081435,-0.43236652308452345,0.47289723345142326,-0.670996137626638,-0.6908381512676184,-1.497547576609575,1.332743558052766,0.48333285109195995,0.8299996998269148,-0.5329409960617284,1.8319352303078602,0.31516293917519783,0.6467072923198709,0.31731753098504056,0.17385782903353292,0.14914445389220998,-0.777794700855798,0.35658856488732715,0.3290109800608154,-0.3507557259293333,-0.3265406507864724,0.08844607745016513,-0.975070690691431,0.16114881725235322,0.997676914898089,-1.2746031743685953,1.145344236084703,-0.748455296735381,-0.05585565570707555,0.890865497703564,-0.27611668812935664,0.5494668172901038,-0.9124232825673632,0.4846681614557092,0.7351311275904995,-0.5669041708658642,0.13178512744848864,0.2593514410628542,-0.24543655289274555,-0.5934525667626283,-0.3079748121744641,-0.11276248928080768,0.03098559227451172,0.29470875346377623,0.13841465151135426,-0.35381399792880364,-0.3960771224109082,0.5976804853784047,0.23702054075351325,0.18398690793087755,-0.25019408139482624,-1.0537748476358366,-0.17506299883419157,0.11063445384850401,-0.7238250054595805,2.9290161681392806,0.9787580875673688,-0.036221759133023036,0.5291832650259559,0.09846254124696804,-0.15738061940517634,1.7145677498013419,0.2346388185515045,-1.0016818950699835,0.24939225824795005,0.10589348086543787,-0.06961827762854257,0.38064998457597804,-0.24426109233730292,-1.87983370008685,0.5487333435924653,-0.4936650143914638,-0.16660089460335403,-0.17947590259624707,0.5856266114753865,0.6401512216354275,-0.6195227086520407,0.6185467882562677,-0.7422120071868702,1.5536978859803523,-1.1247262449759898,0.582457985114597,0.17084975488005186,0.7669040289589073,-0.37313306819728054,1.5448168293287352,-0.34023461499702207,1.0439332452725625,-2.191881045746409,-0.16299534849241024,1.2690184724683398,0.2379003887267794,2.725889751273636,2.043592119492498,-1.380708248798912,3.1207101474896195,0.8653482044780729,0.512743215370743,-1.5130310044684059,1.0271075082980865,1.138790249578104,-0.4170498121091604,1.521507108435364,-1.3164643212081646,0.04358381158534218,1.4592334405249006,-0.6651436528919005,-0.3548808301814267,-0.572452124062889,-0.35029617870356766,-0.09610396109332954,-0.35334230467521666,2.5566579800446667,-0.5808919936249919,-0.22190610102812042,-0.8933555189280576,-1.3153199375780444,0.480159942043929,1.5511519260347628,1.9870142829505475,0.734631034464748,0.018354631720178136,1.405219879021599,-0.0877588192517757,1.3188729217043036,-0.6280632454470243,1.667702919188654,-0.1274342704540799,0
1.3502248590981214,1.781166538979827,0.2242842989120914,0.0474471320924568,1.375898131633848,0.7580503968073793,1.329029782310117,0.8329136956245684,0.3734277013374366,0.8412887509800092,0.19908001850348053,-1.057819989277522,0.44851738902374344,-0.46220990059274625,-0.7948992355744662,-0.26992671098115967,-1.1653384796792674,-3.1014226728817316,0.7103499959850551,-0.5691067736135965,0.28470160940341316,-0.15744383692821062,1.0185245490809756,-0.46774479952595105,-1.260828243635137,0.8516130508271149,-2.3760378440350447,0.2216323517519873,0.2097409151078895,0.6471705015357657,2.4086699674694803,-0.38017629321094587,0.46985311508588623,0.6441384577625091,0.09294418736603628,-0.8247067299666755,-1.5441498684812267,-0.6916939568524009,-1.382580824502492,-1.2650268790212769,0.0547523774000156,-1.3088161240484295,0.6113700517634525,-1.1241555031971115,0.8267580560967073,-0.962192986539271,0.6902676262067771,0.19823999520979466,0.5705011967773423,-0.414115409339892,-0.4873983004507262,1.7451966439182498,-1.0044897236601815,-0.8003789525784434,-1.958367359255651,-0.7280376568543149,-1.4775831844528988,1.6632616660715382,0.6894322833970854,-0.6248667094022525,0.8044791428677772,-2.797383927147885,-1.1028818032107537,0.7276044270463979,-1.158402042264097,-0.6495379073427554,0.9409493335967488,0.38816129013158196,-1.2355885588153086,-0.36544077892011595,-0.6246486939290251,-0.6928790986317892,-0.5969628073517669,1.2265341084030503,-0.799889495888433,1.1805640318685853,0.8621786961567226,0.962881620569144,0.5261676182328946,0.5317063981939331,0.21102839364069548,-0.5203907521628941,1.5807669976896004,-0.411613907091111,-0.10693695993636758,0.6690746543644092,0.4664445969437328,-1.2767878179381245,-0.17606238835391871,-0.19642133018850588,1.3055342119646494,0.47383189302700623,1.7648068033036488,-0.08710662089868751,-0.0523177119128465,-0.08198736996602247,0.45434228809977045,2.742907535172203,0.10509361982524579,-0.8885568507219006,0.3276474540703633,-0.6702797449677691,-0.548810515980815,0.19270438597159922,1.8208741181400485,-0.28814600577665744,0.3015525794379909,-0.02018320339539693,0.6706852576565756,-2.2848442817273678,-0.28244869101054215,-0.1274634944163981,0.2506309360008912,0.7696808401486133,1.3704274915536068,0.10192903739758549,1.5366405375309504,0.8070334223668885,1.14196553946051,0.42658931169269987,0.3392249559889261,1.3818237603515942,0.44338740650039676,0.5281995685649272,-0.9140225604123902,0.00771399984849121,-0.32404616593119695,0.9548350935289092,0.5431498987620917,0.6369130381379143,-0.2252214916444352,-0.41043555339099647,0.30609190149700094,1.2145880060030227,-0.9075875304386039,-0.4710986126100665,1.9739860493606523,-1.0326757374883646,1.147238560087324,-1.6708806965756409,0
-0.5967782106979139,0.813452507204768,-0.5058742399188222,-0.3587923480208902,-1.695764120136812,-0.9191772046062164,-1.5461882944447376,-1.2861656574944145,0.726032341622233,-1.296214140315251,0.2879353981427374,-0.11519923421934931,-1.091482931964131,-1.1810258434521703,0.5831668194173001,0.6588467491149099,1.1903816140989347,-0.16888679156352884,-0.4710814987183803,-1.8311943490347684,-0.013353055317177311,-1.394877618428436,-0.5737662104523547,-0.3363358338758844,-1.027241473818419,1.3807060627193215,2.4838779583440385,1.460638519806334,1.4203378094031793,0.47538672016019395,0.9565003380715071,0.8027179729927026,-0.4120239580608962,1.2258351727613586,-0.5670799425065167,1.1796513034759921,0.8668803171200121,-0.18066068826842957,-1.1490032424195218,0.8048398409352625,-0.926891866115741,0.44286756258640925,0.3437638690164613,0.13845014777428521,0.26031500169088057,-0.2571300930471863,-0.8716687108469924,0.5471121533439396,2.0007643397846246,1.011971477719514,0.693102984044672,-0.4576253558875243,2.7952162096453543,0.5538366384813725,0.31906722682194216,0.7965655541751427,-0.9954562946433535,0.23948028636132934,0.8532892037361768,0.08589722284614631,-1.5346613780862604,0.759018715841735,-0.24745219944063282,1.239460591951389,-0.03301912413769266,-0.8277719562083803,0.19390474124637302,0.12116690082764972,0.9579486545066755,0.46529492304931624,-0.7253278967033296,0.5698917352052401,0.9168828454482385,-0.7868844298173053,0.19839924559137767,-1.0680307114737748,1.4518469597535668,1.0119333560691697,-0.43255959547949197,-0.5017560098764369,-0.04239409092792918,-0.048493866432748875,-0.2062255593257369,-0.041944799462581436,-1.0620398106334523,-1.0923616189537009,-1.0458760738615198,0.20964752909439208,1.0756966546169453,2.1830951619959236,1.5986758653125943,-0.8021272699571933,1.2004899397618145,0.1521893159839101,0.5705206929257454,1.6114760586316603,1.2853150919296064,-0.6057350633020472,-0.3016909993613975,-0.08373940378900199,0.17722302959752526,0.42216935723010257,1.5227192648514045,-0.11177440113342847,-0.3695422447416143,0.17708585994592507,-0.5548302555461544,1.5359433717842768,-1.1173837994620808,-2.0889480736345396,-0.8539762936213229,-2.077547641856763,0.33816736785934237,-1.2660740530121224,2.0869148918557126,0.21493604283555637,-0.3098450342565403,-1.2100490127183632,0.19212835605296755,1.7692186623247181,-1.9050174164900433,0.8072469669357324,-0.8410556926983158,1.1431811832722814,-0.7747476375967749,1.5231107512002895,0.5944567237365856,-1.0191126789732268,-0.9451609348968946,-0.2197301441648474,-1.0542010732285052,-1.6059486482278094,1.231547303571423,-1.9382282475912915,1.6172392765063592,-0.42485469050999575,0.455825673803314,2.3074625183989,0.6834542342907248,-0.6474107252984025,0
1.7842025022620118,-1.8454808663257347,0.22312713182864038,1.287295755516556,-0.4686042890035168,-1.0431194219870616,-1.2439541334381157,-0.09879072027163431,-1.9936706905103823,-1.9163534554114952,-0.6475628398771017,-0.4471299575819151,0.3191753661176884,-0.32778844911000377,-0.6891628481406894,1.2565425081952892,0.35460872645996216,1.8581602739286454,-0.018076867530282478,-1.644639173967604,-0.6964765206948095,-1.1921275927374189,0.1327379649209353,0.16025558796151937,-1.229744349047432,-0.229559067466133,0.43867435300623997,-0.992491121866138,3.2283768272548556,-0.5025855133188725,-0.1936296787735883,-0.681060800624585,-1.3922553620380809,-0.779520792258792,-0.5521512374452103,0.385343869029952,0.09224755414631709,-1.213764074458713,0.4561482259932326,0.07581394854764978,1.219321706504687,2.024123246708923,0.6522964059427476,0.6918115250550612,-0.7711227216770508,-0.13956148799209359,-2.4850258169713504,-0.4781894660010564,0.5037900850415471,1.6042579602943083,-0.25530323755131973,-0.2845734914517247,-0.4268376370853802,-0.9111326421659538,-0.9643088335262551,-0.8793495124554896,1.2574904891293328,-0.19468775524486698,-1.1353778582016123,-1.0281904554716994,-1.9373171894587855,-0.3599676696336885,-0.6539135193038453,0.16687629654742608,0.7441594569178582,-0.8062476993533929,-0.22863971419665524,1.0489606978339527,-0.6967640888759316,-1.2456974264514997,0.421544499677083,1.1411828185837338,1.0822597656144948,-0.705662408572927,-1.0858852141037323,-0.2512510307178839,0.026167851888271615,-0.01938007824757517,-0.5777740599811574,1.173431905059741,1.3327737282073724,-1.3640061331099653,-0.9591591493608538,-0.23971400565851111,-0.11400885258020546,0.4843136124873441,-0.3854088341153773,-0.21736513249367728,-2.3557043712689323,1.2126699681331818,-1.7919964984846297,-1.7900193559642803,-1.5951333785069037,-0.8762705611204845,1.0138180690309535,1.0125809423393723,-0.5462526410125529,-1.5179879914714058,0.33842528138085287,-0.3398766813647129,0.837489265318174,-1.251326753008481,-0.31224340396615374,0.7072195733709491,0.9369545926847911,1.4034051105952612,1.4171171155771582,-0.1576973794902352,0.9460529387186467,0.9976417999586201,-1.2340788246193386,0.6016063877911269,-0.22225494964759837,0.6406962556632129,0.48525381547194646,1.0574298034786749,0.6324906401311238,-0.29039659788656424,0.1992874148886595,-0.829297920897301,1.2894151012598443,0.9039389618592809,-1.27096746008316,0.337062652825543,1.5085978296143352,0.7543765298891596,0.4533603486543906,0.6510663234327358,0.13940217250313888,-0.7309247339250982,-0.39986345646751204,-0.6821774298121348,0.395567378464454,1.27379252840969,1.11528509622509,-1.1425798339476694,-0.8565655978562696,-0.5781872556409311,0.2035272436524245,-0.8884898752323904,0
0.8692563624645343,-1.2746952360571724,0.7924849268769999,0.562198725616861,-1.2785905526563672,-0.0997512684210829,-0.4942597050237623,-1.0736112153273543,0.6611746937577313,0.27694454886064335,-0.7538310118075238,1.7224223779436052,-0.27666689837633357,-0.8688656633082665,0.16048543421351702,1.5909303342038177,-1.113056056543749,0.12143145457525778,-0.19617466232305653,0.3129555657649748,-0.9160171304828282,0.42794884164783037,0.33548202483916645,0.8240887585649802,0.4385807512083059,0.9138948911849679,0.412098371416343,0.9539140934941086,0.7530407703883764,0.47965290935626664,0.5854273042589689,0.34501554264310247,-0.6701253393129614,0.10685265657832228,-0.5462231038461952,0.5213078445625927,-2.298959550924887,-0.31438150863383396,-1.2190435045337493,-0.02148529518505718,-0.9055975611943646,1.7132748801442192,-1.1555644027405245,-0.41540294237811315,1.5292261181162505,1.1506674772394947,1.1254738202501786,-1.6261465658948508,-0.2092127836982962,-0.9893884033276885,0.4340346840139822,0.7030606163283462,1.2423555201710543,0.05489353597705261,-0.6215298917840968,-0.6858330005939695,0.006360626442641602,0.44372824284053924,0.714907616941395,0.2615455979304084,-1.1694945303383268,0.14524967160272004,0.35394071953285605,-2.3878599314102216,0.20090993092754872,-0.010066914022588956,0.7487433704607519,-0.7661183400365142,-0.0879753663034868,-0.30622868585867935,0.14908128386500646,-0.8880819714258134,0.8345478224376727,-1.4532720111820123,0.44082264716771896,2.588614749647427,-0.20367284628725518,1.175901064308339,-0.44219302450431,1.5374619747578868,-0.18577898526384617,0.10010198015214054,0.10670184286082927,-1.2284052830918135,0.5568437738690409,-0.05655122230879582,-0.1631981783570815,-1.9995278842426025,1.658246334236374,2.279209885083711,-2.5505077777060783,0.12609563731975026,0.1500799717597348,1.7887412833208494,-0.7112050914777901,1.436251744187107,-0.8315918342661662,-0.06804343684820671,1.0448767113821036,0.5117636947539292,0.0480749060341058,0.3045659711737954,1.1085602154121497,-0.10037775281195278,0.3542121213398808,1.2806778988803427,0.08961414921432452,-0.4521711711441537,0.7166086823811707,1.212788074255614,1.204524807732564,0.6979511529919092,1.5754341739546918,0.17400915548245463,-0.46360577252461593,-1.3855664186341365,-0.9851224985002425,0.46599156060376695,0.46684162757535747,1.4501084685116763,0.6611335470073832,0.4235917803758353,-0.5614956188653802,1.1830842286618926,2.421474110774603,-0.31779550222643876,-0.7371092750352972,-0.6737533378350938,1.6465239395698006,0.7577442166763841,0.08470454477965855,0.5686941966487955,-1.606112001471872,1.7182376847642742,0.7036878421827815,0.8482574323334143,-0.44996095861853336,-1.2056245331673043,0.2004893254638191,0.5257079008719278,0
0.17057740083876555,0.917201087163219,-0.868874599636032,-0.8811143524673609,-0.7911621550708808,-1.100771628511882,-0.4161492029983215,-0.3415261351078617,0.16657684953660662,0.8970449859189515,0.3695494149025417,-1.4308620655488924,0.8042798651114204,-1.1114807833878697,-2.0986213450233775,0.823971429829301,1.0107205007773088,1.3630597085624996,0.27162905219217376,1.4753294594990314,-1.6170809070387688,-0.36157991320565763,0.9102433700328975,-0.005457434504078602,0.5025909525599901,0.47868238862814,0.8930448333953263,1.9324043130226376,0.49435016349571914,0.6133502486234139,-0.9093611784317497,-0.4400700290400289,0.16257199944224615,-0.15528591961048754,-1.1569867174625386,1.0006072897960367,-0.5075582318829869,-0.021981982460844863,-1.2549334002646735,0.6639404990430375,-0.22072828382819437,0.5985932338394251,-2.7359040065778704,-0.7598763027728627,0.8692568300047175,-0.06021647877671295,2.142388300265032,0.3110130990980875,0.8828470954235345,0.693272552796001,-0.6840537426189209,-0.27875221600952066,0.6748690534218673,0.44108567953318545,-1.7408731713622463,1.0042165635604796,0.15385972936552678,-1.9120358050965918,-0.6227538146019318,0.6755715917409325,-0.6224024798487626,-0.5543590977883697,0.7408369871094957,-0.6906491867881155,0.6738350219088317,-1.2121878252958749,0.8010834861183153,1.1366271954731795,0.17127611729653855,0.0032857613618095826,-1.0531572974204233,0.947406935155093,0.12335453644075915,1.139723193483694,0.5617644167120418,1.417044595497681,0.8787829900408634,0.9638616781921295,0.28280870651991313,-0.3182496224306994,-0.03732821359449348,-0.40358943678038517,0.536466834997915,-1.5287530701838465,0.3440837259154958,0.20028804342509995,0.15465623315239926,-0.7894406250549711,-1.289393624780222,-0.7583503329137512,-0.057753323212759965,-0.08881134669645811,-0.18106046319945182,-0.013870778268242059,-0.8978787651408668,0.19542044398152117,-1.9028822362374174,1.1664294130252724,-0.3322721782358658,1.4814971839024664,-0.1615019365669448,0.41155752142443375,1.7038830538092207,0.3160248871018967,-0.6948486729356765,0.9581815022286955,0.3101220321534857,-1.1400134219126918,-1.39434045334467,-0.7551531192989691,1.526761901800284,0.1485273845459399,-0.05743631379791564,1.231051856358919,1.8205774618505652,0.050615768881388454,0.6805093403537347,0.6968358063046802,1.1332324179329867,-0.09355870813163289,1.22866120381122,-1.6173923909302024,0.37563926957158106,-0.9084632194089176,-0.5348148660411746,1.4987019074250498,-0.359987710182117,0.009322043904893836,-0.23361391951753407,0.1263457860875346,1.0444699363483607,-0.11253745862577005,1.004783576849636,0.5763057317857808,-1.223920500283785,0.4351428501408283,1.2354774521985679,0.05160814096872058,0.26215235009785076,0.5202397544355462,0
1.1068180610828764,1.467886543593428,0.9531251676282757,0.16365539981235286,0.7633356572578053,0.9421868429886213,-0.9994924596344236,-2.353826663934616,-1.7228979183676731,-0.21277175746582838,0.24763367127059724,-1.0264551825620494,0.36768483388739687,0.12856638002908508,-0.5424724784715734,0.7081111527413748,-1.3957164492226204,0.15114429502793159,1.5574397047935042,-0.20025843490306056,0.7692215330889732,0.736389620026217,-0.3598868308688089,-1.3703893142363452,-0.6057369397511075,0.3116944123628865,1.0548425573141533,-1.6141254719849136,-0.7928193466656116,0.025363565870618825,-0.8352341792483804,1.4422037417613724,-0.1397491132801692,0.2694652923791348,-0.8359657029931173,0.7204935073219528,-0.9185125207748263,0.44837969649861464,1.600614016415182,0.826079338151326,0.192488253199008,-0.7837895476770762,-0.713948660693688,0.44274822471146413,0.14298065662907167,0.9082441659470193,-0.043316582849511835,0.5345768250022973,0.10044701628583289,0.6475417219372582,-0.3056975097795498,-1.4616395770235673,0.9954486154106643,-0.1373181092776381,1.3575771815746152,0.10463496783693976,0.031125297500193785,1.3324099485170537,-0.649502868946362,-0.43500725623852876,0.4387954113993871,-0.8474966126972341,1.7932092663240575,-0.3149872891082586,-0.1896613439190439,1.3605186193505623,0.06416231836075897,-0.8267628941602286,0.9741257949336559,0.8652520334646661,-1.1166989676513273,-0.6943250200355366,-0.9901976976408127,-3.7011053323180247,2.1135402761757813,-1.4088720593853317,-0.8278566236439832,0.49506612953351753,0.3399281802804138,0.6583101146151917,0.28775752208642813,1.5281669188606144,-0.5789485159791804,1.7575327844935937,-0.4053089168240526,-1.265869706307778,-0.3833766843662218,0.5112198347884849,1.2658988660194193,0.6835211556096259,-1.1891121789677297,-0.8668720853259803,-0.5665754474703221,0.26266375223989874,1.0244755720116105,0.15453237964803318,-1.6320176267095572,1.3559459479897245,-0.6313357810855119,1.2694301310205451,-0.33390806479169444,-0.20135164311344017,0.3494997158203004,0.9048286573941866,2.1785149890245146,-0.4013949874062274,-0.1667838292472144,-0.8948608131330157,-0.8338048643226035,-0.19967118088411087,1.001155948213207,-0.5674643626108833,0.9873558897405549,-0.37998326923648945,1.1086928138770968,-2.466561569578311,-0.6337310343349267,1.017487089855922,0.4604799332416199,-0.12565580775895016,0.3105354530764418,0.45710986809670134,-0.035999365618401086,-0.2983471715980496,0.9223120101667481,0.8738272722248251,1.0482194976654406,2.1123009357147926,0.31555470482280346,2.126112142510964,1.6118755229194364,1.6523359307772678,0.490496604511544,1.0020716350803962,1.7058093769530294,-1.0663742328170525,-0.02606472519548493,0.28737175812760285,1.2141334983232925,0.731387619835491,0
0.9340226164885133,0.5172036511522979,0.2856458108394671,-1.5835558073360645,-0.4207537643064398,0.8906708297919201,0.03366290496745507,-1.4796604144718508,-0.4910006633548937,2.0204085220450754,-1.465889903364119,-2.256649157421832,1.1388244086363517,-0.12147367426339353,0.5781089945908151,0.8890969700221841,-1.2972616141253286,0.8994445788846972,-2.0917459318075426,0.34040865668354503,0.8089273035905288,0.15094432485490103,-1.294132690971463,-0.002880025787422164,1.6272852240006161,0.5506050679988358,-0.5949201641416785,-0.020666913103600547,0.9645075314585984,1.5706488707666202,-1.7632589511423684,1.144528460303944,1.0063866242096846,-0.9320812778148019,0.5022892392655179,-0.25267440543389824,-0.8842637758159694,-0.13400886951740165,-1.403349230766949,0.07987263924602771,-0.45859513236382166,-0.2687410812900758,-0.30953429803877663,-0.17859955864704977,-0.7364392429070898,-2.5337697022547703,1.9575743096969649,1.7271771114491996,0.7305854844092496,-0.3911209339968745,0.7856168043882916,-1.746970761014935,0.924831064731014,-0.5254617555036456,-1.3279993883473649,1.1607809115538688,0.5069894460790585,-0.4849079665897983,-0.049044064906055104,-0.9291768534644337,0.5207954420653779,0.47521328094379434,0.3710520259355624,-2.1470177159043677,0.23795086902852236,-1.12186419730609,0.8947176134638629,-0.06538471561499101,2.188491838738924,-0.5579118032060684,-1.4041961297597878,-0.849272223784762,0.010345653425549778,-1.0870203828064247,-2.385949021601544,0.639908155395286,2.0764520996881086,1.3870189739359604,-0.35736239874419845,-0.5734267450360455,-0.0526680833880557,1.1414245610288403,-0.5767661646991753,-0.20593377070676092,2.242188455254586,0.13808731982955008,1.420818758824299,0.3258963676128236,-0.047587143948072536,-0.023342254357172687,-1.4582932930425465,0.43136015274838013,0.5065618455634697,-1.0781532009043644,1.1559228755724305,0.11037208580029836,-0.2644379170157073,1.5177082427105364,-1.4654735201556552,0.44915145119871686,0.6519044666498303,0.2768396241130118,-0.5462445664679817,2.191049373769203,0.723563762841171,-0.925048504677024,-0.6346017664176264,-1.8195246815549733,-0.15967289997332637,2.066556913173889,-1.4167387234300286,0.3100234447251585,-0.3494003676473212,0.32031697790820934,0.37079570705275594,0.17800861531118728,-1.4304121965356285,-0.8373185182060233,-0.40773274524287567,0.11546566037614797,1.3553149508716293,2.1662888562532445,-0.11807163428990199,-0.43546098369127706,0.1495997106271535,0.27856165109251213,1.8545512152484729,-1.4441626867490298,0.7079644221155315,1.1535229575798815,-0.9150121146666752,1.3013570906854173,-1.0053433460812644,-1.484167654895962,-0.23119911786148223,0.7656505789637172,-1.905965715882888,-1.7367583998746714,1.0735721516335341,-0.15373147325736833,0
0.3762935863770876,0.5853658658499711,-1.4691096745529544,-0.5824920222376837,-0.04023128702408056,-0.8936783390054006,-0.3951927001532665,0.9299346438952663,-2.057738725970297,0.16202990376221743,-1.0462176268146817,-0.28248785215689165,-0.2540799486015946,0.10912284862379794,-0.07363049729286901,0.301153185913965,0.616659681000049,-1.5698944886152106,-0.3488536387982657,-0.78811158781642,-1.7336755963225876,-0.9851780508083672,1.020987182422854,-0.2543891761532942,0.513673668779139,0.43197948246524004,-0.9045290231597195,0.538472135205396,-1.1034868559896922,0.7249268935924564,-0.5949556771407399,-1.333782844860392,0.1404695473392929,-0.7061252818401123,0.6292986150352952,0.7111410884619526,-2.986500156856674,3.4437360626493394,-1.28341720720888,0.7168949751566761,-0.4526139019649639,0.33048074346219936,-0.6244520657706505,1.4735845536533694,-1.434102623830034,1.0337308973850272,-1.9134089453630707,0.09677173713273851,-1.3868282174244062,0.7131875643821204,0.342105121274162,0.52506947178419,-0.2696880857042346,-0.26486050356471913,-0.13534691478043012,-1.1740038056933697,2.5759070957207086,-0.7966540654132732,-0.400209403590649,0.3207897140830341,-0.4479712794509151,0.28556380247338836,-1.8513095675220266,-0.03634288336693068,-0.9398738322217141,0.4020270147330653,1.5285675010269772,1.8920808035521697,-0.4524389471019125,-2.5077642902027493,0.32770544057295786,-0.37256763817972316,-0.9376704100029261,0.258120749752582,0.21001490372104006,0.7150917419670216,-0.5067305440767701,-0.6019804653152934,-0.6293402039632853,-0.6778252498177696,0.6759801314590163,-0.7976025495364364,-1.432304053067756,0.4909548589218022,0.44708701803615347,1.912576720105991,2.4817248752749586,1.5192395380433754,0.671320672580119,-0.02010762198883154,-0.7608943193561566,2.2249766626509153,0.3905195478240315,1.4518327009155876,-0.051206458749317375,0.5116049006800031,0.1920110082590267,-0.6706432996239714,0.5470124871067436,2.256568130758419,-0.5262126479926382,-0.2112004400507665,-1.8347324771500932,0.6159113526138823,0.5966835160331323,0.5656834609110117,-0.2712708105592355,-0.39603363914228235,0.19068066223469768,0.5207920201546711,-0.012601767985667435,-0.47297008416451114,-1.5865293090175334,0.9713158390358552,0.13472090433552036,-1.418056545702671,0.6238911917479061,0.6628789953387447,-0.48530771452385124,-1.041489632907013,1.0461269087276357,-0.48945955776316874,-2.3550200007600197,-0.07047023544972666,0.142131576845089,0.11094330636167837,-0.7156878242995393,0.0583728345259291,0.7035643443246694,-2.134857889139882,0.5440137090608493,0.8490516370035406,-0.34031587211013703,-1.3401180163389455,0.8998576128928533,1.2888165017549773,-1.1199801870167798,-0.17034675776056163,-0.9841687456673266,-0.6231099163795478,0
-0.047101103884831366,0.9280769052395256,0.6145479239999253,0.14008048307669949,2.208647549430281,-1.299299975946488,-0.5681522699426392,0.10554013783143648,-0.3115164822437687,-0.20652596092036987,0.8649538083267087,-0.8836875149061391,1.7757326193603455,-0.9128275657446187,-0.7397025732593199,1.1379699989721286,1.2148393116893184,-0.3239562753012004,1.2437656528296381,-0.9071791094320454,-1.908215189972307,0.9909464443147331,-1.5125234304505737,-0.014094747773926627,1.904482497547448,-0.9458829794622184,-1.29456307851467,-0.9530723046209696,-1.2285040054269194,-1.106326468481365,-1.5383306782613233,0.9711604992303686,-1.6818505507119796,0.6514995222683568,-1.6499233246601852,0.152713990676921,0.8882192583509062,-0.035506689346497075,-1.213161827049868,-0.04595162575537228,-0.5375013047054314,-0.18805337470708947,-1.2892068756183988,0.35917646369858974,-0.278025178196239,0.7620282803500248,1.035880313385367,0.34875586679570336,-0.3219704297060939,-0.7691839139339515,-0.8725050859046618,0.3321588678598757,0.5180294142187548,-0.13480711961103167,-0.013322203671868314,-1.3862045656912254,0.14325511235332347,-0.4610967999092322,1.159733567433341,0.3222520265327894,-0.3039654736346492,0.3930216101041551,1.878898055413977,0.8722251404350005,-0.5696073038508972,0.5102510094124716,2.9009749949869406,0.8766700523790256,-0.1266707376314389,1.2431975297334539,-1.7958739527202154,-1.0509257838715842,-1.882659258463929,-1.582643306273163,0.014263049266824967,-1.378777029431004,-1.005888749856477,-1.7163194952080785,0.46474894901502906,-1.225872323263845,0.8722711983049587,-0.13716847717372005,1.3953628193852643,-0.3571106448157169,0.8674238152849203,0.20613358151060984,0.6082459287183172,0.9484131624339703,0.18370818167790065,0.3803564962021349,0.5612256531494256,-1.6122564471775476,0.3695457945737627,0.8371957814963057,-0.08174975457328423,-1.353367028488276,0.4997397060294412,-1.4029840148935249,-1.6820066831765266,1.1630751004807944,0.5221985919161743,-0.8001827098543619,0.4234743681945234,-0.1982265313497895,0.8056809518365577,3.0530326769020664,-0.8860527558349026,-0.3511929706513311,-1.1795706550815228,1.0451130648366391,-0.22980262303048188,-0.22227757018495323,-0.4265837243575403,-0.5847459812791189,-0.5241404876603888,-0.3882079972910131,0.7860888873077505,0.9292768278735041,0.15681971675654535,1.4416625491399264,0.628648142200119,-0.62887904599262,0.8756343742231338,0.9354872212115335,0.1716480324421348,-0.2813671037690376,-1.3473418219383362,-0.47162238139224655,-1.8545555257774335,-0.35306058759428854,0.0473422938818117,1.0864162778862558,-0.5284576406183485,0.2519556015623387,1.141958031970453,-1.1383307649368957,0.5658767171505525,-1.6589739974343203,-0.9541231415146084,-0.8609902658276687,0
-0.6912270100016339,-0.7166411390090345,0.33929937967698265,-0.20858757791193383,-1.0346321370622047,-1.5200915999930709,0.678731310429426,0.9575359109900197,-0.009787870538103753,-2.7982394581521657,-0.5095146076126831,-0.6801629084864571,-0.5183960410787302,1.3141046027853236,0.6712130734542284,0.7928973544912147,1.060695969843247,-0.3957443581287132,-0.3370690576744647,0.08352846595989394,-0.5696530939500907,-0.5894970131802176,0.8414912116143619,0.5817114929446151,-2.080427665298585,-0.1894207255165897,1.1761160778255724,0.7830693136739854,0.10923840161984279,1.530061127714323,-0.4071267758159586,-0.23804065145388367,-2.0617792637111796,-0.01210136827514869,1.8703535597763266,-0.012886041895640896,0.21041149310762242,-0.18048276487888348,0.4539286171006912,-0.661297022667763,1.7806654925301961,1.0876954930197404,0.7076026466909638,1.172234662263547,-0.029598999792541998,-0.6639288097606064,0.37033181579243546,1.1961416841704504,-0.28223781175946816,-0.29746686981292114,0.11786102091673735,-1.977857556556771,-1.0367188420824414,-0.5733431077819783,1.1778151988518495,0.40725531223527606,-1.0487517819813277,0.33853418696298726,0.10217077925297106,-0.5120980269360685,-0.6152354644007321,2.3670844750808855,-1.780589683755445,-0.5554382820286101,0.8144392417888834,-0.867261316102096,-0.54719316064485,-1.1852705662160876,0.2517005172821112,0.36589712277143327,-1.0817548181621863,1.4436522112996535,-0.9641576946781599,0.45584727290845767,-1.2832430257253844,0.553705528451703,0.516112120565401,-0.7300892441033984,0.3770287149750547,0.34603519130401145,-0.22846929288807066,0.8279570116790249,-0.8903275627042361,1.2405923218152708,0.5445167790397893,-1.2744681745735738,0.5569567253421399,-0.21369881681914799,-0.5845887151281541,0.7687907009042675,1.0461903739809346,-2.3293805298422954,-0.054720645526697434,-0.13246705803100522,-0.5283372342612167,0.1939055007719436,1.04068284637403,-1.2961179106769751,-0.7482099059176817,-0.7306502569432689,0.5746238561000537,-0.5686827033293973,0.7649029879427032,0.9181851835482269,-0.2121728950998988,0.18486110487965607,-0.13490186675800514,2.034298296439108,-0.9563792283643956,-1.504568590647223,-2.6043727120027036,0.21581185086783838,0.23799356280902859,-1.1340564060213432,-0.760443135902648,0.9892539974016253,0.8232050357347155,-0.23977242416024158,-0.45332637195414877,-0.4954417572329416,0.35655369209229365,0.3721826060551637,0.7938084454340713,0.6780013474243318,-0.7821713802517087,0.114773975997433,0.4757190994797717,-0.5338704979613693,-0.013227312321923815,-0.6566027519728151,-0.8564477700135998,-1.2443365789257506,-1.1542779710579572,-0.3952235850511948,-0.6230620625167568,0.8863426872973158,-0.7335143855508137,-0.15751168058840764,0.2021553052592223,-0.8460811240189581,0
-0.383180471027954,-2.707355648672324,1.0706983236696526,0.30006024714397794,2.8043356595305102,-0.13095497868758857,0.646706546013549,0.9599742776760779,0.18218130525156612,-1.4913937367257286,2.1328822890996433,-0.21183434164195525,-0.3545984474447886,0.14876577317518663,1.6719438184772213,0.8541071687928301,0.8994473979821819,-0.21526709687836607,1.5166445570819616,-0.22865193391284522,-1.3723951082055645,-0.06745780203121353,-0.00759304505224378,-0.9822125655211658,-0.5950946982411128,-0.6999911871797065,1.257671846797023,-0.43032055885255244,0.6372485932421945,0.7470791241863403,0.9136276042772977,0.6607894636713798,0.3152588794848552,-2.3941536089604742,-1.7903240627317372,-0.8565527908931317,-0.5916408282293492,-0.6653019249373943,0.15702839305252733,0.1412623098165033,-1.4876709639842745,0.8475407022640498,0.31137334456376187,-0.2869443040449461,0.013413172957902515,1.175871687177147,0.10375506891640796,0.5731295553043309,-1.349317591109897,-0.11586072252091556,-0.4549193819803319,-0.561475326361242,-0.17818968091081805,0.2742921405437997,0.20796439997156396,0.3301234229504339,-2.407410726385243,0.3336398489455772,0.5702304044188418,-1.163939519596254,0.6140759023358524,1.046500572920936,0.16828942134949418,-0.2306621690654573,-0.003943092036915509,-0.9858019589264035,-0.41648082092019045,0.31213181263808887,1.4196683048436074,0.8130153871281575,-1.8799476579660797,-0.9879064447432633,-0.5578664604602103,0.457266543966777,0.05585702995305079,2.8528134256236766,0.6539330584162828,0.45945028048915626,0.5723625718696776,0.19138435273859059,1.1765306890951188,-0.22644382059772264,-1.118546096776894,0.45276312339411456,1.062884443036745,0.17000975611752936,-0.33812738800789527,2.5828716050263782,-1.2200837224912882,0.0034662144853114703,0.7018896105420852,-0.10686814646423606,0.09312801982716533,-0.28640758456342275,0.6061724794519784,0.212041475901404,0.34503615573403823,-0.6687139110435443,0.4854021548932145,-1.6672518732258783,0.6063713215114811,2.6288144983148425,0.48004379882302156,-0.02655245979816847,0.6183296022175125,0.07057822251266363,1.6788684448033755,1.230565612771868,-0.191172504978306,-0.9405514567179213,0.22039362020203335,0.21818642796276413,0.41011317206209674,1.0922631976626511,1.8306127006683162,-0.3605336270295765,-1.3717001327580591,-1.0267767636416458,-0.6803418481614731,1.067119611302675,-1.8134362816561438,0.14755431621214668,-1.2133533304943531,-0.18331532516001164,-0.4776890227245089,-1.7500805262087038,0.5948324085280888,-0.9539996393201465,0.26784306813846337,1.8708652091162052,-0.9580250619425481,0.5752327066589564,-0.7411612196734823,-1.561065430157455,1.614559880133641,0.17761249258635922,0.37964995386654443,-1.4073665038086327,-0.7027640280828272,-0.4710572498009109,0
-0.06302624471395912,0.8605072013076176,0.48210980122174873,-0.45787214688002065,-0.7908596424222439,-0.38754607027159543,-0.1789607234129738,-0.4742737093329176,-0.2237342282747882,1.1445748602276216,-0.5432829803633837,-0.8740059296090584,0.35705407537455797,-0.757165645736255,-0.22426228404200657,-1.2816706782417338,0.08930672708323047,-0.2676394389041174,-0.9010718579271965,-0.5648264118757064,-0.3123296200946296,1.8641159120058264,-0.4792102405574654,1.8557334489727806,0.30422512927754114,-1.1609996508047944,0.213103831045222,0.2830138651701826,1.1284492755463609,-0.3011932955740316,1.0742740293220587,0.9521929453324517,-1.138687343088224,-1.1037601724728692,-1.7136537965863008,0.9192428392825388,-1.2997966392805658,1.1629025304802623,1.3695730386858065,2.1650707435888994,0.6265471747835,0.7665497475622379,-0.035620174205570634,-1.4832994534988968,-1.1579908096971174,-0.5425997584508021,0.5772805493155644,-0.45206446259644023,-0.5497619904591692,1.740860266977501,-0.727069138786534,-1.1810247063308934,0.9694835838845821,1.0027859696001953,1.0258799874239861,-0.5927561610089935,-0.5680956408532559,1.5051702719321147,-0.3308823404479146,0.20283060949429396,1.525468858022783,-0.6886858868257343,-0.6500890880644951,-0.2823214624812319,0.330548865012049,-1.146035920721491,-1.1946116739263368,-0.45728767261164954,0.6871720032344649,0.4392586201454668,-0.3440976420672236,0.544464323523213,-1.18070654412991,0.06549732344934936,-0.015922751143686537,1.323114811488068,0.3807590348452688,-2.000526686033719,-1.261399214035954,0.38481377804725847,-1.9398286660695805,-0.05685990610165884,-0.5364583181279264,-0.045682024333730566,-0.6600069848368667,0.8966712032441095,-0.3875496409797571,0.4591183967411132,0.4377020913939075,-1.2221831751045529,0.2840054304075022,-0.5704429828770744,0.39353693888866115,-1.0901160984068714,-0.31219007983604424,0.38988433003454415,0.3241858400180607,-0.9183022213083051,0.28418977223859543,0.40967348601568054,-1.4128362709550324,-1.6833533029365595,0.6004408515921511,-1.1811352847824226,0.09820881131633993,-0.16308402744763922,-0.5228974945266435,1.5624367533647954,-1.0324807033358014,-0.8199508571137786,0.652500170501924,0.315013804579852,0.1348414099908163,0.2792817268194476,-0.5747273034818954,-1.061830210272832,1.5635938348839113,-1.1368068213631433,-1.9885981279581584,-0.7290836632258195,0.8073851027645471,-2.0171013339158543,-0.844984024325059,0.9087361997979518,-1.2605103008690124,0.18061744975137803,0.0035928263103831015,0.06023748534304431,0.6172128551678034,-1.2621873039124158,0.9123248977354408,-1.1995414597048357,-0.48234784616626897,-0.3534010757365177,0.4217032371360986,-1.5744427177077305,1.6183889728921343,-0.2821511309689046,0.7907265261495762,-1.2306231906099043,0
-0.5314266847805211,-2.2629480424979516,0.8363320307927521,-1.0235072683665423,-1.1614429627209237,0.5405911166267346,-3.1315716044688817,-0.2235962359730324,1.7823298948251962,-1.0063046958660347,-0.8905098927152127,0.9295248609584572,-1.190572595597076,1.4239237325865026,1.0921977101768017,0.5193538604978934,-0.9669628629211786,-0.0982003984359729,-0.27400716303120215,0.08821906689835521,0.31004630858049714,-0.531192929094575,-0.5390314569239576,0.7244853607894665,2.3223011944346834,-1.220947275379964,0.7508738814974664,0.5288393943476833,0.4688248636842443,0.23761406003928695,-0.5485199558733768,0.14441667659860924,-0.29450428032253956,0.5543097831952548,0.45882165467050046,-2.4102088887413893,0.1834852981482457,0.2319652495270567,1.0542747293920938,0.009730599706442127,-0.4130921346536474,0.9362176588490471,-0.7454510204615667,-1.5257070182020862,0.623631647260236,1.3055852972666886,-0.35650195179522387,-0.749377019230237,1.2068956341803165,0.512596143375047,-0.27314304999972033,0.2524787385363915,-0.9883102972551353,0.32988850195778324,-1.9750270058786514,-0.8611516886016716,-0.1611155605234562,0.15874908439393576,-0.39751808273275624,0.9711475306081842,0.17786343919463343,-0.47510958464497743,-0.2093176769284589,0.642383932430238,0.3872025937158178,-0.3128879509444457,1.4572499581216818,-0.9319692050880071,1.510060744039485,-1.4354755362278402,-1.241227210938339,-1.129272065385392,1.1956750195796546,-0.58337519102886,-0.29564155229680844,-1.3912523363101048,-0.5158667549068187,-0.24243711505785223,0.5884750657926627,0.34940033745521654,-0.6650381629056407,-1.3517832920906572,-0.25360373462385083,1.8057404154038197,0.3101992713292896,-1.1111531218259834,-1.5485476805839866,-0.9931571571070078,-0.30782478999428214,1.2088623642637126,-2.6534092227177415,0.2819445197733352,-0.9707991545392888,0.694100050985642,0.23201661790067216,2.1250942161908952,0.13054232085203338,1.5912674851280977,-0.853585149149382,-0.296057100479093,-1.9675904692404766,0.1572952420802786,-0.2579356224637676,0.4093447266400466,-0.16689185702617595,1.4173256051490457,-0.24566739013998892,0.535677253411398,1.627517876296845,1.762374911926281,0.3999051093930601,0.14175725131664757,0.4144858646262058,1.6260690803918443,0.09970418389578344,0.1500395368176131,-0.836426346965853,-0.7780987161592897,0.5713088423760022,-0.9015554140515646,0.32147604559186016,-0.28455194693216673,-0.636704362771978,-0.8435052587217917,2.41021245145592,0.5433150384016326,-1.3728013097605571,2.4941067224109177,0.14877550510945808,-0.7193070078985525,-0.2007944590540501,1.6076779348378998,-0.7109379021174681,-0.4164420885729687,0.5621386939531307,-0.23006285362870102,1.3731603832084562,-0.7666963237594445,-0.6854097018040982,-0.3690922078937038,1
-0.2671912210253207,0.3465929180888995,-0.19906644888149383,-0.7184929019912009,0.5029144515069535,-0.7843364052093362,0.8410839337101153,-1.9219756777919774,0.24726661765167052,-0.06687296218900901,0.3823898341155724,0.5063616350347804,0.034142404497402586,2.0830590044491477,0.6453851063564284,1.8389627081736903,0.2927128927225853,-0.6046730584544686,-2.0703451098122105,0.3714423268763204,0.6412176649485765,-1.2554973737838386,0.0416275576935504,-1.4018553121465986,0.8313906868520158,0.6729449883232868,-1.8361599945213507,-1.467650385043911,-2.053984337703408,0.3691530183051676,0.3806634240221623,0.8703116196155254,-1.0962598753506116,-0.4533132503913998,-0.7704300991088419,-0.919890316072091,-0.9420954072437521,-1.2881127255149984,0.3856518068555049,1.4575701161662116,0.8820606514091404,-0.40745977771886405,-0.10909916677729109,0.3945429468102035,0.15113259312638602,-0.9031479634930653,0.4499956991573287,0.5154458894766875,-0.9418835101354212,0.12301705348474956,-0.22243905442652281,0.4741753388809875,-0.6583442079771555,1.9287093850170394,-1.3948239620518117,1.8138942284818917,-0.834871644615316,0.5550615252089037,-1.0849590892021117,-0.7535562866775612,-0.8992184168923935,-0.5195786537360404,-0.9516757517738517,2.1623443266009432,1.0295735676495004,-0.28867910305819067,0.9928202673376674,2.2620776285894504,1.055430638170393,1.517334033869279,1.255677858666355,1.4530683385173242,0.9865914368717881,-1.0329449460122075,1.5351307874303144,0.05686650482833591,0.32061622045406124,-2.0653777518719605,-0.7691143761702036,1.2454366515816049,0.9956540044339081,0.8038753743217092,-1.4375367096268594,0.23983700688586118,-0.04926727634521845,0.729083786174165,-0.13409690404856328,-0.7639894568577328,-0.6245403692213937,-2.5443220653749057,-0.2773211677965364,-0.16241139592308898,-1.3920922973608447,-0.5026728800893328,2.645507118597553,-0.8197616543280072,1.013811538568958,0.03588075812918508,0.21534633484052207,0.8977333308783874,-2.3478042547875972,0.5795539846021004,-1.0188148263511154,0.6818836946455668,0.3747050153385056,-1.68824482002731,1.5404567189144938,0.7335586522644535,0.13320786635716284,2.2654233404017714,-0.7904660064212546,-0.20907366032166844,1.0663481012218248,0.8971182033392121,0.5026078531919528,-0.8620713497684503,0.35733302677749756,2.945847848098929,1.1753686864220438,0.726073014679556,3.389108017712865,1.1356168456234685,0.6150510282707344,-0.27883289413198176,-0.4666691989408222,-1.1931810459501224,-0.07072517670515642,-0.5637803643596058,-0.15508210418381102,0.2516364343189522,-0.553115566983051,0.9458667659855577,-0.18173342246142984,-0.47650632766528445,0.7467807487295683,0.1064155653622448,-1.0951396666098026,-1.4901944485909568,-0.39785899543168546,1.605041050577822,0
0.507012078599241,0.610828962036851,-0.2013418334718391,0.3609600872277612,0.8229952235785277,-0.16713384814582147,-1.392066874878575,-0.7998029117059905,-0.7990932982731566,2.5055635603558715,0.31356503316378137,-0.24342601245349124,-1.3490437428752229,0.8100047749011717,0.4660697689262128,0.1373882522281211,0.4580573065636649,-1.140220993918911,-0.001630877082032216,0.1095827958024543,0.7715281700932886,0.9878991478573402,-2.7349070795523636,-0.22680164084068022,0.8963504860716021,1.688686127498417,-1.0436920686023425,-0.057897769920315346,0.6632179308116992,0.6127417488810365,-1.2341926871059756,-1.1041297627695357,-2.130402035494002,-0.45407081743383343,-0.8348886392303108,-2.1424769998730215,0.4374976007947794,-0.2693775503347609,0.5813731652553302,0.3688877730703229,0.819961916051771,-0.3183281597841622,-0.009724746851544896,-0.18127932215687825,0.9544309774220162,0.7165718830662613,0.4883490453873507,-1.3490516204887775,1.9968267300807663,-0.4721309409299074,-0.2971146649512171,1.6729538456208084,0.09606913727594688,-0.373267366120684,0.726106142399248,-1.0122577169428468,-1.6940300393287568,-0.7319541007074093,1.7596743039992229,-0.875717829906741,-0.3563354832080166,0.17187162961665262,0.5707853740778583,0.36604324857642445,-0.9089061184565705,1.560548697972452,-0.11341354155453287,1.1778423389072072,-1.1533008546044548,0.45595402487866205,0.5969698776551399,-0.7796417435511239,0.7246321041972155,-1.412218391851847,-1.0246836082688426,0.7044800977505016,-1.4743810883389399,0.7141826203692306,-1.0761001362533975,0.7586614063226386,-1.7666218310008706,-0.30674285199200274,0.5264442192131724,1.8800499116177452,-0.7859272709007825,-1.8175118658187306,-1.149994635595177,0.6166104836590107,1.9489401898212058,-0.6694407354303203,0.9569458646200751,0.08805658844051176,0.44890470225541285,-0.23068741420390584,-1.0780337224745684,1.290852952041563,-0.4509201449927933,-0.7771756430483716,0.194084182236436,-0.1290958689821611,2.050941894326007,0.10098400249252053,0.00696658651369782,1.019586350495139,0.03952701634681313,0.6514209449130703,0.35346596753894743,0.9863055585510672,1.0675096417220342,-0.8703404572142832,-1.0906056261990054,-1.157267601716522,0.3858613842045941,1.4631183108403465,-1.7651608567668688,1.8589012434098913,0.8929318631913362,-1.1909687903916548,-0.3610938930724416,-0.9205555649624855,1.2332980492308983,0.7448946981731137,-0.3350065340482788,-0.019212810302426782,0.795941430464369,-0.26098554469838736,-0.8195768450152908,-0.1137511001724665,0.3066592728595227,-1.0453279474572947,-0.30329940475098094,-0.05377052903653674,0.018849047359927196,1.2655840491711274,0.5626285385908365,0.48696332109053375,-1.1094904364859708,-0.49178253495360025,0.2705538295856052,-0.06991120612945925,0
0.8588848357584185,0.6577075937701841,-2.059782214171505,0.24285304744286712,0.4823381401471115,-2.066707604873115,0.34822829776327585,2.7550402309117277,-0.5098662777961732,-0.4736082200353775,0.224552969239467,1.0362139508831558,0.9167177953912071,-0.8096474433506966,0.32809758279715745,-0.37106431674041274,-0.5817471163070986,0.8605250642370105,2.422409852257596,-0.21411059236292485,-0.5993671784723856,-1.0934280094620663,1.1291719619103566,2.174858016079752,-1.5001663119192423,-0.33353331940436354,-2.200999055812001,0.635149590040055,-0.6594973568833511,-0.9740380348937261,-0.6198353769591397,-1.344285520459956,1.2132210718861534,0.7958448141466172,1.3544002046074508,-0.5265928893700166,0.3804218540519962,0.4435970331737121,0.5022098685344527,-0.4781331723305261,0.5924924799116137,0.8692514835701821,0.24143778759517331,0.24353834669121466,1.7972885575478728,0.7812360597478912,-0.8031263371173013,-0.31901281779388685,1.6518321847663109,2.664517391374535,-0.5711204210716516,0.5471552438632824,0.39449740411852857,0.4736403305713916,-0.8073997793571283,0.5809642258313523,-0.798261780681538,-1.7574813139290149,0.8414094398849756,1.8368496862492067,-0.40021925432238753,0.014577972897263449,-0.9089128370251107,0.18928580689310892,-0.12462124877094174,-0.8530064482059386,-0.5939358227064618,-1.9915039995845205,-1.7091788720368004,-1.976401763204681,-0.6954906474051982,-0.31014323113825315,0.3470271201145649,0.9776513124831724,-1.4494320590642071,1.0055648891809812,-0.32263997322284954,0.6499881237261469,0.6458561633267569,0.23198769338109235,0.40248759467757006,0.6965747654247075,2.522692261819528,2.8174506140620905,-0.33421649679211635,1.4236373240255877,0.05904816409877546,0.6269601022739355,-0.6971815089507118,1.1852513447139048,0.5975681587020746,1.2306282716594505,-0.6694825478639953,-2.708021272854544,2.024796595946366,-0.6676180722825051,-0.09913397337523965,1.8919461894832694,-1.0120520916009463,0.5779488786429685,2.0915484658441206,0.31530703294980855,2.1209129650573617,0.09408406022837969,1.0619940753083341,-0.11906812137802265,-0.7620191677099891,0.21831426818398325,-2.254395267087256,-0.9559433700969358,-0.1768000139519507,0.3781367521464886,1.7632803383461837,-0.27029606397586714,-0.7314523905452167,0.2856195327461644,-0.6476848706754114,-1.6422641445805335,-0.6800886439180844,-1.103499697534662,0.7635094395459319,-0.7191520752536721,0.7579524191286929,-0.6812922748800351,0.3283142591123375,0.5691880290669831,-0.6804344610784753,-0.9981927236660454,0.7614490278692545,-0.8618330045115584,-1.4404923051806973,-0.852640283171016,-0.6735925264100918,1.0706554350639506,-1.928125350253091,1.4661207447615348,-0.7979347011955492,0.2539249578876314,0.8121206321162228,-0.23229153651667397,0
-0.9786362262339121,1.7595610776685509,-0.28011765626578733,-0.405924321102442,2.010873188562991,-0.45557288839686594,-2.0944647263164984,1.5996001302998695,-1.0894673321147288,1.9588633435304907,0.19492873869255992,-0.05637342085887008,-1.3154013970597778,0.562570418912806,-1.0203449603104537,0.5543901198464172,0.11058707072449565,1.3255863132236398,-0.8648023374665461,-1.2849648520279513,-0.6151855293504549,0.34693481866648856,1.4546421310330881,-0.4783035980882038,-0.20896816664980034,0.14672037971250104,-0.8754095484669177,-1.3085332860373917,-0.07825200237940635,0.8470656021134682,-0.3079377104075438,0.8759770096811503,-1.5906916175669825,-0.09366838450957811,-2.179340805507342,0.3339740443422161,-0.9501709667333449,0.7898315701347357,-3.122144653444298,1.0491957891325052,-1.4747965263312894,-0.5711372772886895,-0.9467893093775356,0.7238387421083161,0.22431846861370616,0.830144810067763,0.39009856125969317,-0.48917090117246853,-0.9815865826020661,0.5748050046881734,0.5256814964563716,-0.7010876859270447,-0.9696228286997525,0.31225132820196,1.3053742010075287,0.010036126146291244,-0.23483268006658264,-0.2738886214626546,-1.4473556156722647,1.1759858845429365,-0.22775039579926035,-0.869454378751246,-1.6856154408051838,0.7562850269705043,0.8190146086181216,0.1651338996689045,0.617987995775011,-0.13720418674710336,-1.202025979426789,1.2707187743792112,0.85847789900529,-0.8886080206417064,0.9171619136143384,1.1194904501872514,0.09657688564207732,-0.4802032467552772,0.42977795582488754,0.08777607264136925,-0.610055675699293,1.2274150044854233,0.822472500914686,0.2892381164857026,-0.2733915924896481,1.3039997923527558,-0.6373793015550884,0.5284800136311795,-0.582863067396349,1.4789754092985214,-0.46700327943786574,-0.31015726713926395,-0.21058210105828618,-0.8680064096197605,1.868117296178791,0.6505095004245475,0.1151169273767759,-0.5322738303847979,0.5588716697779519,-1.0845718396989654,-1.3060979350721045,-0.7800617782695733,0.795011023317558,0.858286985874473,0.10560934004391609,-0.20669750142374166,-0.03970905513868591,0.6702311499575141,-2.066953076042774,0.4111789842780445,0.7639525141024847,0.7618715394687673,0.31869777861124265,0.558921883669025,1.5849531989803085,-0.6548847194247764,-0.04542645854147518,-0.19144925578031333,1.1808705506411592,-0.3265561630449522,-0.8777122522406051,-0.6971832694634446,-1.5286095440623757,-0.21063655813191973,-0.10432881924386929,-1.3057952362295175,-0.6050089939163459,-0.36378760789159914,0.8563919721078825,-0.8465720112902001,-1.1539891649516962,-0.31243061649873766,0.7438287849566952,-0.20147988207837034,0.4563175670748334,-0.7369854088678485,0.3398915039010617,0.5374492237798636,-0.911597880424046,-0.7595754653261624,-2.025514047994612,0.4966392267435492,1
-0.7751864723430643,-0.2534080484289134,-0.18086535099526202,0.4827344006349269,-0.5740173991622327,-0.16688624953483283,1.2179620296244815,1.580195151857026,0.5552581516113856,1.2337618475230983,0.3406971491089803,-0.2028326828099236,0.7011904662557876,-0.5543897562622936,-0.9659277910306999,-0.8609317847105373,-1.0534849346848625,0.23215509709008753,0.08392253451329035,-2.350387536570433,-0.2571748124107599,0.8616661866372383,1.5460102532075422,0.9970703915685525,-1.4018882154768149,0.22417415257229054,-0.14838724270443687,1.3289299200871636,-1.3068741051089758,0.3884152629119916,1.28315021477536,-1.8981471293431786,-0.3567227610107786,-1.1030824471359513,0.6573108876909017,0.28638881475510275,0.852995456387677,-0.8000684542585934,-0.2208380084623874,-0.26346405535660344,0.3266691979899285,0.280410471394151,-1.2503618350984107,0.15821656101132764,-1.8578456217322894,0.5478481822828285,-1.5914740801654772,0.631612701717319,-0.7357272209461081,0.5395050875057733,0.9391666917924546,-0.9776524579927294,1.2414838462544902,-1.048180641237846,0.13038866858229065,-0.8097983815114953,-1.6991199928180198,0.256927381394748,0.9575724278660629,-0.4176967484738332,0.7545509351387705,-1.0611161968761444,0.5718660191741218,-2.9657147397473707,1.2384269129906653,-0.5699838779650981,-1.1820966559000976,-0.5729417293174828,1.8834376177710297,0.4551693254261211,-0.20895967163031723,2.6211889882483037,0.6811484006684551,0.33597407338213153,1.1063257029119695,1.2335981637409053,-0.6282726529793174,-1.0734183946468334,-0.9851631611382234,0.0637160178955411,-0.07765983729392707,-0.6203471388473872,-0.9329821629156974,1.2395750649154624,-0.5897898461549916,-1.1296159584142735,-0.3504562704456045,-0.8943671218990387,-0.7981133544263036,-0.012629195750017804,0.5650521907790222,2.9890272151043105,1.7670472110414246,-1.291568853409076,-0.19311303024435872,0.4802240473986977,0.3966778130683001,-0.6077940872513883,0.8432461142692205,-0.9381365141926579,-0.5911001276878577,-0.34207869693240334,-0.6439946216446707,1.4498032368379465,0.4588766384905268,0.507992637157752,-0.5700455929260144,2.604475810089073,-1.2932840206607459,0.8733304411041836,1.9560483277956067,0.421712381573279,0.20350764464866272,-0.3244560856257617,0.6390864623550735,-0.03799116908684872,1.6539350134008137,-0.5673895106153596,-0.7263882858484594,-0.9550184355057928,1.5794456965618489,0.5111599697741357,1.4162253081230032,-0.3114448656140272,-1.4168862988552726,1.0571734012524339,0.901056283580455,-0.6853736014122205,-0.9799261284386086,-0.6835179086140434,-0.22490498959726737,0.11852826819777985,0.48814871788577,-0.4037536507263036,2.064819040897991,2.0407968831686234,0.29675564905132096,0.3400804099506109,-0.6030067931411585,1.1910207933208041,0
0.21186952359214076,-1.3884481587874082,-0.5954465228211157,0.0720705623300432,1.1132210917568195,-2.386906076797749,0.372699912031318,-0.010534346542777675,-0.5093576004337285,-0.4283087568222698,1.0152867215382977,-0.004617281253293427,-2.4450587568289284,-0.06105050595411098,0.5507456873140028,-0.6685907350461295,-1.7491039681461535,1.1885451929255877,-0.4655643828778642,0.2221378267725209,-1.9405516152577955,1.186651910987683,-1.2571069157747758,1.3342253284924446,-0.6425406496647856,0.3974066079687903,0.8500685254080276,-1.2551248350145054,0.5791079445936488,0.6775850886113113,-1.832534830389045,-0.4709558434906606,-1.4297368984012266,-2.1158943280149174,-0.23105689670518728,-0.3059187181615637,-0.7030398593495417,-0.8740140051026519,-1.6371680019166712,0.0006717236937070191,0.6050080603524166,0.35703752697002916,-1.6658734927801429,0.7496741140116678,1.0355904843581687,2.37351936992701,-0.7319606922222266,0.6312751622084054,1.5971800203619824,0.600776993696953,3.0463601280045647,-0.26073225372135034,-0.4577907854815331,-1.8305992280564827,-0.050997305901505884,0.044352375452988944,0.297780164972596,0.5382760395826646,-0.17666840427873137,0.3127515886471141,-0.2661363315603566,0.5819743659225348,-1.3486171609164945,-0.6939139086051562,0.3275090954669005,0.7307064494099894,-0.1418263441098606,-0.3471114995258506,-0.22351749291891107,-0.870689890697599,-0.23139131153461703,1.055545750483182,-0.10705292720447031,-0.2789389384768606,-0.18358109042922074,1.812079576013719,0.8686348815227807,0.8597204691043561,0.5394719423512508,0.5584693110657577,0.8675828902393949,1.746583033343057,0.20059628632629828,0.2139347597602588,1.3872127460964903,0.15359952645505962,1.0343028045594678,-0.3497652547086202,-1.374991335616326,-1.2922911058330655,1.7229038588695742,2.838826156186787,0.05139212225703886,-0.535646407250629,0.35537403373506987,-0.6627146783062351,2.002649570611722,-0.7652029510966879,-1.307195464852957,0.13752370787948978,0.690529529597739,-0.04048737324383684,1.4115640670574594,0.08415044004467949,-0.37235946779962975,2.6605141329059667,0.40806195551965,-0.6563561943618206,-1.053145484243288,-1.1317207217006144,-2.9573449074994658,1.2580809510505089,-0.12909427196315124,0.7511329640985711,0.2117920954102257,-2.4054296857013977,-0.23685133043649265,-0.1556589032805372,1.427091821252798,0.9514095038810672,-0.16954437724835986,-0.03573526850253164,-0.7545018781627,-0.9058501445812657,-0.7518061322083199,-0.20449413227242,0.1117855895032883,-0.27944184795559135,0.3415252069899821,-0.43815584620875964,0.6929950487613514,1.9677614485174855,1.251228128490549,-1.0301234162601072,-0.575669532049615,1.259036439123502,-1.6341490381758015,-0.2949337170973658,0.04547766473063795,-0.27440078855780026,0
-0.22256918449552243,0.3236038245448802,0.05719792802056389,-0.8131053916184776,1.7473708328215058,-0.011303847049155871,0.36754239360227986,-0.30778638693095306,0.03737799681360502,-0.756739443721077,-1.2493674640898826,0.679628018519362,-0.9123566347385174,-0.2910421936990829,1.7826786188215415,1.285971857055151,-0.7695256223599545,0.4292628095602623,-1.426924289740513,1.2849063065029165,0.08825898480227758,1.168296551117338,0.2799566569275975,-0.4165644419607011,-0.2766213115410506,-0.3871804758874874,0.4449467610576803,-0.7662478878408234,0.01055358372537667,0.11819993894534446,-1.5852227623572692,-1.108782590181978,-1.677384901581092,-0.29276899311014,-0.09052854557283223,0.7307227162514842,-0.8736968159239152,-1.3338250738940833,-0.5367606212823935,0.38517562441829867,1.7122739262650644,0.10106630485405665,-1.0352744325831482,0.40457847145717246,0.10433028853272786,0.033378642342567766,-1.338758589360045,0.39639652505597034,-0.46883546188774716,-0.4777694800656665,0.9003300544007643,0.5809662008622465,-1.137240328570235,1.5031030549115156,1.048334971318376,-0.842560064022927,-2.187404667646694,0.355705589125279,0.26739240210326753,-0.9312530339940907,1.8234086945332786,-0.10896661440238559,-0.03509090638498961,0.33958413094269063,1.2260430010373227,0.2887427881009574,0.08026530160854467,-1.4455628505428924,-0.019231074918306286,1.3436227998719068,-0.6674267418673437,0.1305690498502338,-3.0832266441787595,1.4248005510046962,-0.1062206600253366,-0.1631565493932993,0.5204496678736146,0.29732340127881673,0.418299276253136,-1.1646354583760328,1.3262633086977638,1.1587840363374422,0.3380202302270443,1.55684329973731,0.02933423147265925,-0.4654960579269631,0.2763920724604195,1.2027227794728588,-0.41299558914314294,-0.48140864714351944,-1.056932550790722,-0.011174129819900128,0.2103130867643679,-1.03232279004858,-1.9888345386177821,-0.3679804917158273,0.2590882571006858,1.7075274729812462,0.7853842359302206,2.393012625023998,-0.4815047370219176,0.4707659041476928,-0.10689701423189621,2.5017415072196867,0.6059130353212627,-2.3492068229709266,-0.6172527792170923,-1.5004690494482005,1.3075100017353922,-0.8081663535359932,0.42593691247111803,-0.150233509563287,-0.3975274771405606,-0.9604774066309734,-0.48874760669998435,0.05206440548508429,-0.3261609376980844,0.5127710332807621,-1.7364938439460766,-1.455444835416639,0.7569122346709027,-1.0296990011914595,-1.5591390720178897,0.2867332296946317,-0.18062614513127306,0.8512412670612473,-2.626203217237792,-1.7391507836744446,0.5186098869350817,0.5375522758524333,0.7747644219655634,0.6106660424397331,0.06149206500562269,-0.6025131147587169,-1.8736098990102006,1.9377044313986482,-0.9748690718028069,1.1719016174392332,-0.6094081962947441,-0.2395047901614673,0
-0.8200040774689552,0.06565815420918325,0.48942435409436597,-1.7248339347604524,0.5041358135430202,1.6473147286381535,0.5172947432318218,0.8030874573283836,-0.17743999555913192,-0.5241588109179157,0.24521356018298138,-1.09077240734938,-0.27656098706162735,-1.679886082380215,-1.145436049969411,1.1752959184722298,-2.4808238904451114,0.7456806688898471,2.010610272434072,0.24805184239742453,-0.9604222351124506,0.614863235387723,-1.4402375795000455,-0.8036761866528418,-1.3316557190611633,-1.325910104978614,0.8794759266080472,-0.18293248993164657,0.6184063205445801,0.22962700949996834,-1.5360115623027346,-0.2909201850487338,-0.9528530430988644,-0.4780951297251593,-0.08629614038461567,-0.30512588888091635,0.20753702988904912,0.12780984917196517,-1.002770811198921,0.1060278002912932,1.7376750976101154,-0.5459577581978231,-1.4636814092668877,-0.24971790193259016,0.79405764726436,0.6500081384442101,0.37139037508561556,1.5833303124650555,1.4491611580402306,1.1313993576291725,-0.2694657162286833,2.811304320687228,-0.6681872688037431,0.8935097463519465,-0.6547691833832592,0.7661401479026623,0.5820896356879275,-0.3283450737773617,-2.081022469318612,2.176246611233938,1.6094778360139212,1.489194314697653,-1.455434040541991,0.9935970492007953,-0.14635797594704453,-0.4182409454490691,-0.8260246450304337,1.4548959127312868,0.3224934182624905,0.017380271526931845,0.3701069431906567,0.1983287658062116,1.0062931261755947,-2.079872291494874,-0.40317354840393216,-1.3921953907716973,0.247961672268502,-1.5694006949159727,-1.2310970089983073,0.31840810978427225,-0.2935940230205841,0.35607055744962796,-1.201647150235615,-0.23905539808053974,-0.05091421034633369,-1.3689674255464654,-0.697638617174393,0.1761650193361853,-0.36728591657619214,-0.8474738291557745,0.23235801078036075,-0.5069261972466171,0.28627051355728345,0.5502735957113654,0.599538174360356,0.12583700280867258,-0.18271762942974443,-0.042578789248910835,1.319840050713515,-0.6958644326374327,1.363157360593292,-0.5058762020851617,0.48061472809058586,0.19824263739904932,0.6798862563140562,-2.812072468323961,0.5621208453593864,-0.1784688385562131,0.6287440826323036,0.2914779967903114,0.925902736232894,-0.9844103737891646,-1.8217449909632433,-1.6180676685847013,-0.5041568224978165,-0.809227173709292,0.5120721734867208,1.227392105268082,0.7222586711549446,-0.5957949827827129,-0.09974262892605977,0.5919929944586875,1.3589521234748922,1.066243478479603,1.0683075550282484,0.4041506017703658,1.1226393310436307,0.8013979232917283,-1.5530916177382246,0.315130834839324,-0.8513315999681764,-0.8536486935345486,0.15543131549730502,-0.006143666269871173,-0.23059974326029503,-1.2792244778103596,-0.16245573195528853,-1.1887989077042094,0.3102870382399617,-0.03217701590713957,0
0.6260293892892403,-0.9929978162940857,1.1831327629354171,0.20396887075597933,3.383525714808583,-0.8572174841019257,1.6386592201116128,-0.766670635765103,1.0377704697480712,0.503557922375156,-1.49495740187211,-0.28283366673882715,0.9513571384072808,-0.2088508198829253,0.9934761239282583,0.5648165012716181,1.0973161838754297,0.5188501333802193,-0.934969929338328,0.07069453639735393,0.18756040922094458,0.007063041298522712,-0.738081130281912,-0.23922161829814315,0.5889260791725355,0.04536963347286373,-2.364511032570295,1.2972840831563885,-0.44641718154430016,-1.6317822738833143,0.0008551576857588303,-0.6155694632458707,-0.8906908089310609,0.17514985193990118,1.392440584980074,0.46471268666151205,-1.3644224147213742,-0.2639541026130525,-0.42709002249621225,0.5269806230511482,-1.9229938956959194,0.5872818219399292,-0.9253282587492668,-0.5698685617615389,0.9180600099639723,0.33741501917152866,0.5419940748035255,0.9706767479171511,-0.27786368168926984,-0.9945401808314408,0.2601103888110606,0.827235253786012,0.06612128895181955,1.3233850650112287,-0.32546147936075615,-0.2068128780934355,-1.140122520590242,-0.9452524275242691,0.21393297747666284,-1.278712599280267,-0.058301726104173134,-0.03919685898022119,0.5845673448493973,0.960309294634221,0.49795601818431606,2.1662453012344174,0.11653521554435717,1.738664407569483,-2.4089032940707096,0.35481263069453445,-0.3839874537506014,0.34418934439340665,0.3261321973735114,0.8353537275728022,0.7316654992368653,0.17988759194886275,-1.1735441566961229,0.5968675119520293,-1.2136401383271354,-0.8689174273823056,0.47826132531598975,0.1865536018823009,-0.9786832630803796,-1.3040278044811828,0.12067871001553267,-0.2151739262287575,-0.5467619801489387,0.6545483357472396,-0.030230462514182373,1.0196703856437204,0.5908531720039053,-1.5434013155309574,-1.8254380485721902,0.8270674543337458,1.128306231437997,0.5953216798858753,-0.8420540777042337,1.438487205901295,0.5343772287976246,1.0282490488872835,0.696872439638831,-0.41201386831566117,0.06181658762224938,-0.20055455049730495,1.9910173658771797,0.36125843908649174,0.5645236508116251,0.03097420294531746,-1.257141342553897,-0.9090976116413046,-0.053690451835451375,-1.795096895707904,-0.6012315583098228,0.2351838366874552,-0.21865026651877342,0.38293857600654047,0.7351419601972969,-1.1833646209664557,0.10073898198809243,-0.40096261638948816,-0.8363006061491494,-0.6417064297628436,0.49820568874656973,-1.471905209253312,-0.8355237426074548,-0.3871053480623791,0.5622316794129705,-0.5527716775122308,-0.7924411863060724,-0.4040429432926786,1.4141169061187842,1.927063949337532,0.1976753533465906,-2.535074583748653,0.867374358590487,-1.0713286909612545,0.42345209855503924,-1.4108502714383482,-1.1347601184089284,-0.06414413621908717,0
0.39662507930247,-2.4855085934147714,-0.9458554246567414,0.8680459880582106,-0.8040513789530963,-1.1033601110020572,-0.41385273705555503,1.6089809707434493,0.8511833550426301,0.35148217497667733,-0.15374780206442573,0.7018757789267926,0.7495268833539331,-0.6347822798729026,-0.7978118457914996,-0.24315634096122113,0.9394782414888863,0.8767432948843936,-0.3583774714809541,-0.7332255685189834,0.8330898522631898,-0.29967514210971835,1.0373572378486684,0.03456761482765792,0.5640943506063535,-0.637826575273114,1.4858413591435682,-1.1065280466386573,0.6753537295541128,-0.9284450396290144,1.358406746769927,-1.2546778784386206,1.8291645699359131,1.787036035626741,0.886604365747741,0.7907750988741473,0.7055440727668116,-0.6044261533075425,-0.47253824413244716,0.47690668841014344,1.352342879904321,0.7299485894216151,-1.6924238051598461,0.7523645827815555,-0.5035570973835101,0.715770872141687,-0.5881398414250893,0.9324892340082053,0.7172676035868323,-0.08086663283085696,-1.0856065196813252,1.2537862441538021,0.21033142806345922,-0.11437047035190032,0.19602476235463967,-1.2132239214810032,0.6819741355548486,-0.2881262548977695,0.024858097532304984,0.22888745719348308,-1.7078716333464359,-2.003637766789444,-1.6730360971742477,-0.7716685528761614,-0.24051948337467616,-1.659942384558593,-1.364374655280069,0.101793172177003,-1.176004260516485,-0.6753205578270395,1.155421532581799,0.32310450217293896,-1.6213893495417784,0.10613428667218136,0.41119723769134636,0.9172959532673902,0.6119613711377042,0.5010599663843013,0.051513849718359844,0.4637423097719642,0.917154191300807,-0.1369519352455401,-0.7409256575847704,-0.14306101752826797,-0.41550418077914747,-0.1270438404038999,-1.9763107077688515,1.0460797696881963,0.22289434848958045,1.1201003067256465,-0.9888838126807796,0.4935455124975337,-0.2024444842750335,0.11705802990699953,0.610212367021031,0.8219369087234925,-0.5111219798834484,-0.5093817122606267,0.32605385448738244,-3.108209630003902,0.7848641085874599,0.31253606425203256,0.19427388337782434,0.18475332340575165,-1.7033369393136835,-0.23754219182613484,0.2450402368083382,0.206520519159365,2.1343242084598733,-0.48099373647527083,0.4290928178848702,-1.4668655999868603,-1.049913586249687,1.439846343841574,-0.3799022716705153,0.10114939140019716,0.2762308944721697,1.4409671542089966,-0.06176682601161139,-0.6312472336825732,-0.7305400108177529,0.17762146506319823,0.7991060586010885,-0.6436375438912658,-0.7596711873137885,0.7418039105173805,1.035959413985781,1.5155877127343456,0.13178909018915022,0.43279369408892493,0.403482371205748,-2.134384313931683,1.1853555572727896,0.827359435185319,0.3551472944528192,0.28453195210841314,0.13649688478951533,2.122617376181095,-1.809250137482951,-0.45822627571942287,0
0.03656887460370908,1.195275000969058,0.36728659803221925,-0.6773551458737697,-0.8462046943933126,0.19232086822882802,-0.3541634937065717,2.090180231038083,0.231461047316101,-0.7008542126757771,1.8698456572033908,-0.9516041458422368,0.08440752740998578,-0.6329815867678585,-0.7079124155406951,0.33261104940108654,0.9460630158998997,0.6651984137781329,-0.8100005596390724,1.2267470172555852,0.47744663191798214,-2.407087357566957,0.7722672219767913,1.159937095333352,0.14265342623008959,0.5746515354891977,1.895384509199375,-2.560639024396594,0.5907817127802063,-0.913481138413406,1.1463751936670814,-0.30616488646996165,0.3845296542838496,-1.607209303573176,0.8077606150310553,-1.2159897025967352,-0.3294634394752584,1.228540689094557,0.6960792870234049,-0.28603956201700814,-1.4616565145517058,-0.1744428148004692,-0.5181435463232497,-0.5297201933350421,-0.7501955277214905,-0.3899789134701974,-0.24519836104539533,1.9280941796552555,-1.11409274636032,1.1448953788351934,1.2312707655003492,-2.279188819163339,-0.8188386821003177,-0.10939819700231067,0.14351026094983224,-1.512977455685229,-0.2096739194786799,0.4217422056934576,-1.4957077990746843,-0.060257250668105534,-0.91637387066977,-0.20937794476561655,-0.8146449242715281,-0.39136220294466617,-0.3958254511891699,1.6723806075460688,2.101323994308747,2.0781981202192825,-2.3158999510236637,0.6291822754946959,-0.28156912774591064,-1.0643186177499415,1.4554516172945502,-0.138256732777843,0.9231600047406399,1.015967104146959,0.6739267250594043,-0.3336330768655584,-0.3240239322194873,0.0946626437058474,1.4546742771396877,1.0373174695326723,-0.24514645813791391,-0.0861922668880892,1.7846569569024726,-1.232389142394777,-1.8746519244930775,-0.8649554979256003,2.1159330832220986,-1.1952999038020364,-0.9259045357914303,0.30723716456471545,0.18157765695978514,1.1596998404451246,1.2607578513507234,-0.4228007588759341,0.386191818379529,0.21519770799733481,-0.7905841495805098,0.54244169048848,0.13089799387603865,0.3321895339673206,-0.6236150997386534,1.2501406409128129,-1.0514785069470476,-0.8250574572039135,2.0253770398076307,-0.41871020606260956,0.0752922958570797,-0.1790944335609291,-1.1561698211557514,-1.333373458039102,-0.47984157340018174,-0.3567224534231461,-0.8425880897900243,0.4324298473612743,0.9239603922003876,0.3090201211178893,-0.4116667799423234,1.0186425470397045,0.605032955187711,1.5371466292164948,-0.6360312610360654,-0.8220259058567408,0.8020515206007901,-0.01751281865603248,0.2247228710709716,2.3134800637585795,-0.9758314525896922,0.4088412407877672,0.17899540784845358,1.2252722384794217,-2.079507059530428,-0.4344359667368538,0.5860887089461126,0.0436904029834978,0.1358632178756331,-0.6833634456046187,0.5966344521325045,1.1928837304385145,0
1.6763934659436737,0.11901553448841712,-0.028569085986390224,0.2716805867847722,-0.8106258033932519,-0.2953393412614284,-0.8723766967774441,0.40589435383988215,-0.6918705130693079,0.08331576607682815,0.08817024454997512,-0.18073279571229323,1.5648731056761136,0.8703293324678071,0.5932543148885504,0.9005302496133478,-0.5325077928128483,-0.7549330052769893,0.5912756126223901,-0.8845280755125683,-0.6487930181753979,-0.14585905294231902,-2.900135824910551,-0.750099205383558,0.835546725579247,0.12644147173617695,0.5979552791703647,0.712317675889977,-0.894839398444135,-2.0367224762651834,0.08523966226069667,-0.26270814229195194,-0.6393519124481338,-0.583642495219383,1.0806464866513623,-0.852804070470769,0.4880647933093835,0.720045940010339,1.0584099602699235,-1.3142445257037392,-0.24290710229648144,2.491997881856786,2.6620868708438015,1.9909070549757961,0.7088098045422322,0.3024900739127769,-0.7649170102083487,-1.6817672561678996,0.9348631003516369,-0.4221835254311096,-1.436492537211384,0.47771078977833176,2.9492473121940934,0.4691133783796495,-0.4400377141432927,0.6652250083800363,-0.6760782343202832,-0.4375116208694373,0.45912869803926654,-1.5904034735174402,0.2825340217871665,-0.15727948501020503,-0.09216996013016412,-0.5648071897943585,1.539925858108207,-1.0535567284137572,-0.4097010312868805,0.35985269644610796,1.507991669170572,-1.2482977442645946,0.4734113802720015,-0.25390102997966996,2.2249851661430826,0.6570086619668645,-0.22687158429233528,-1.304158261548745,0.0008864199262245059,-0.11214174444646569,-2.4546903273265412,-0.09868839803361204,1.4841749213883457,0.5602427441803819,-0.04271474163875065,-0.08425608591758672,-0.4623537339119278,-0.6812461735506709,0.4083242207830764,-0.45948412241154585,0.19596181997390902,0.7163157129668278,-1.6275456663209427,-1.4562321343760518,-0.7393895849411958,-0.4334288810095867,-0.8583593857255669,-0.8022630526976058,-0.844599051741316,-0.7355885882996311,0.6312970397158546,-0.5473546794546398,0.9094695415648419,1.1300727253992167,0.5377759163992912,-1.4264256428404922,-0.7876313764382363,0.6769082209718372,1.629468867670839,-1.8452657990038368,0.8459659552143468,-0.9179724859491618,-1.7203805462278488,0.7077991903196994,-1.3673281503281003,-1.3976556478861593,2.4688003690228855,-1.6863642763594873,-1.197426833211169,-0.07336901197377434,-0.7215439612302368,0.30119324420495197,0.4699381253842998,-1.0090287461166434,2.1251111635426185,-1.5680805534667135,-0.3005474865103375,-0.1551254698618362,0.0319334983594494,0.7139058173919612,0.7367629506152348,-0.0689420277470424,1.0780661211399454,-1.4145778001294014,0.1957881165111505,0.9101414628266095,-0.005368711948424335,-0.29161496293897854,-0.10760113261703179,0.20226809047396477,0.20386812642769794,0.7655460326396164,0
0.7312325855182549,-0.23541436590470932,0.2215650391842958,-0.38323111197373994,-1.7235995351225037,1.3275958520065085,1.5779670955748948,0.21658904857112385,-0.34190186467642997,-0.5561406591245769,1.434859895325224,-0.734770635486652,-0.7789501677138844,-2.207744680532074,0.6274798834119375,1.528771255102928,0.5025982245976403,-0.5315425588803525,-1.864598768199804,0.471805547740528,0.32310000307037956,-0.6352148982860343,-0.1405762250689751,0.6494488425946151,0.7598732435763454,0.6122321306231857,1.3313638388324807,0.25317154950054105,0.6662336792564817,-0.3730213879522493,-0.9834340389022745,0.5092065126691212,0.43735345056826147,-0.5181710085738956,0.9789446522508232,-0.23893019554278905,-1.945785282219392,0.143053840917403,-1.3630817591955036,-3.1531113346441937,-0.2448080601162667,0.6383093990315694,-0.4203265849272758,0.12458339337916094,-0.34395774941830987,-0.3197291147121181,-1.671575137337802,-2.3808941340814687,0.1427784092008999,-0.5864998575748994,-1.380082583411153,-0.2764031965022488,-1.3621965036669863,-0.10914608140110263,-2.704961009272432,1.2133709782431323,0.9808446073502479,-0.9576702686319898,0.41551761713494123,-0.6331877361448409,2.2552451257515846,-1.522784299499885,1.1184453932918594,0.9125520034769649,-1.1679194181475165,1.0967640565705976,-0.45824408003796346,-0.796537811042596,0.2597791693152846,-0.23524939262059527,0.11578080321664502,-0.7001242548617392,0.0007234478092466086,1.0199497396931672,-1.0433058430373343,0.3367583055712906,-0.6539600791456793,-0.675284518199875,2.4168838462947098,1.535606721056091,-0.6158313661092609,-0.5642151235113065,-0.8109605278791104,0.815285289325058,-1.3539125280810724,0.38787380037288893,2.375081521169839,0.18498429587628198,1.0336575134212822,0.906713776656228,-0.46928370407098585,-1.3834453975536694,1.0246437964997421,1.012581570307029,1.9276598134268814,0.009672558095693402,-1.0105935430473907,0.11208958655010196,-0.729115319600027,0.8493401219822914,0.7469620418128362,0.6551942090802428,-0.6596113204719495,-0.1723308998535303,-1.6425500682949157,-0.9580996860149408,-0.6516252802540201,-1.1372782293382793,-0.4985294668602599,0.1857553641156009,-1.1292025053468624,-1.0263853892293475,0.20131663297007624,-0.1467815464914585,0.4023501846749551,0.92514744702785,0.6084330724904938,0.9001138978744125,0.5268919529741628,-3.103715087668622,-0.8650779916104996,-1.437193167771858,-0.06298897330910223,-0.38836377338313793,0.8736983876771559,-1.7130705012344953,-1.3760998362734347,-0.5510287650429849,0.4974928035660755,-0.3903277251687926,0.6289019056768729,-0.18949544669326313,0.022030189427073955,0.1949455475893288,-2.1798252035127015,0.49828931416242456,-0.3047254556581955,0.5783014624371499,1.7486393478940667,1.2910264552691433,0
-0.10564957163378266,0.6295402988887752,-0.7718379921256107,-1.3645558058725469,-1.0128839272767018,0.7559631667413403,-0.6208299932748933,-0.007447354691066031,-0.0743083443954077,2.462754542737313,-1.5204495589352138,-0.1870992757407068,0.5534252111432595,0.28456457683747366,-0.3226279871167934,-0.5721375436707189,0.9763562715360117,-1.1570337581378638,0.17739977989742317,-0.8153668206251428,-0.7280887960534419,-0.5141802774026358,-0.1735268246584926,-0.4485723836907104,0.09243950133867042,0.6460879718662175,0.47975988792094,0.07769144842904688,0.013193210267794584,0.1366952398401865,0.01841395075913594,0.24326928871074988,-1.5489130485780005,-1.368217470173242,0.07733143360194851,0.37332211616271477,-1.8572540966327156,0.35715771441462,-0.8169969189546817,0.4451448152294927,-1.1561816002398309,1.9615286649898658,0.3273781119977856,1.0474124253463442,-0.261957293343687,0.7680260636029218,0.5374205602755243,-0.590892922175383,-0.2754362320731752,1.4917114498126012,1.1444556173642282,-1.4125705923766763,1.0185084185180404,-0.30307986245610086,-0.2455470438865445,-0.34494498479229435,0.8640164386917106,1.212657416054335,0.7631566006041184,-0.0871477020752346,0.07537930749706195,-0.31745212822026786,-1.2575985191876773,0.21503162357716854,1.2472648941631475,0.9855540199739409,-0.3605533128594568,-0.1963693844670132,0.0715225242173094,-0.054421866508544296,-0.5068959731570083,0.41688933235239944,-0.8046085238809266,0.34982573388335475,1.3493466476412046,-0.595079949857541,0.13425255634429337,0.2665730455162949,0.7047135290008191,-0.6792802590576283,-1.5960258289505131,1.9710061662962945,0.7102142398056741,-0.8465179512674359,-1.694335222904131,-0.5330523835521052,0.36309500630272207,-0.9906835904353447,0.31313465311820626,0.06586697131649571,0.21264765408698758,1.8135255683164102,1.302039115205679,-0.9323294410851026,-1.1482996262729943,-0.9063472686792594,-0.6236821075174965,0.881127583478662,-0.29219744267596487,-0.3277141150566723,1.39315939082856,0.21814497056369425,0.5216718642149911,-1.3973103257536708,-0.05083145660485847,-0.4902379265958602,-1.2615326462355372,-0.3002811511119504,-0.7336416546806999,0.6350903704280353,-0.01554687644840295,-0.06375155107445686,-1.5012215401985374,0.8391081695312178,-1.7077793093586344,-0.6154196914852458,-0.3129218156513708,0.47293647747481193,-0.3138667966081857,-0.9205538207130792,0.8896773897307007,-1.7174651306405062,0.6943311948361298,0.48395136922333976,-0.2249029056456738,0.044897994688994323,-0.4229003941147628,-0.9956279078746237,-1.2063371384674964,-1.0685749503333437,-1.2724033544819644,0.939491626060399,0.6557803761766091,-0.25751898532235207,-2.3932462174333,-0.6215956839460396,0.5896015398143205,-0.010891236394474209,-0.9607392314652979,-0.4108821849428507,0
0.7717838612897227,1.9403965470113662,1.0915703396014682,-0.31702818491946033,-1.0385011509941293,-0.6327520101031564,1.2437647753964327,-0.14067127669670365,-2.400030810917674,-1.9645263126661665,-1.0285523314607885,-2.9049349878252446,0.8668542987768063,2.2660097271116633,0.919786548061176,1.00952443962386,0.9464889037195999,-1.2428526897797911,-0.17994812499313734,0.02631721484201401,1.7321004379173743,-0.6876218508708799,0.6860894647489351,-0.7538797499854181,-1.2019501803677326,-1.1258242567501209,-1.6566036384934482,-0.11784435323071553,0.7677662044565194,2.5503161371037186,0.7546677943802952,-0.8444363987116744,1.0518335600146236,0.8256513372740681,-0.15946321024911383,-1.0402785469171036,-1.7336537642495522,-0.8260855441085795,0.09058976938375052,1.3916342408571927,-0.8057360035238845,0.1322175495669716,0.5214328188148185,-0.6922947072096345,-1.2505128577587987,-0.01909524313259802,-1.0683167836744163,-1.5440524441106385,1.5209601632369305,-0.6002408789909915,0.475181899257556,0.27424087018851334,-1.2268362940349513,0.24962587530179536,0.31808585753221263,0.14150679657054546,0.02284994302937114,0.5240048767865935,0.44956361689550617,0.6113650374757088,-1.2142216034395277,-1.7420439604700724,-0.5524954884240845,-0.10719695569748894,0.7857293167526666,1.963750294951125,-0.7580896674560654,1.1705543710739819,0.07002384618767366,-0.6251764904239463,0.3852861621352915,0.3674533418602496,0.27027467847310693,1.377640714575284,-0.5826867107429134,0.35702735732422597,-1.7368025404859744,-1.5337475792735777,-0.0972440564557673,-0.7951763667333855,1.2386471190423562,0.8185345717972776,0.45535506406758725,-0.1274276269647235,-1.0259749037948156,-2.9932915821467216,-0.8224100741547312,0.3465753202128834,-1.1537369203590075,1.4218461943870246,0.11369030692165825,0.669043547693292,1.4076105356318753,-0.9814969984325002,-0.28287188195342466,0.619257672683418,-1.5445479845281078,0.36333267811434594,1.1851222718942,0.5808190006123914,0.2755035910943277,-1.4429143864226177,-0.10760957657334846,-1.320372507163336,-0.0769748632327653,0.028909366127823886,-0.769868308492533,1.3023906103684402,-1.3865784322037102,2.4220913696421156,0.7204004863268477,0.8285469014443497,0.08359268520515997,-1.6094259562356215,-0.6880760473844895,-0.35826559859951684,-0.20093484902101397,-0.7404956314665582,1.6131225676634113,-0.989153113012823,-0.31976943914380346,-1.0187782696282415,-0.2147699802313769,-1.9784611231756035,-0.531763904945716,1.0312277841090027,0.08267537685545767,-1.5292343400840818,0.24847467208386195,0.4785637604083319,0.2605634924068367,0.3248689283008043,1.5286030982592766,1.1660935222629347,-0.7632129793255864,-0.5883997640078611,-0.820093433987336,0.14119272569582514,0.6316846323020785,-1.4397302254298388,0
0.24314170244115355,-0.7649385181647402,-1.1223515587643573,0.10274529399335673,1.846138922193482,-0.007991135054776825,0.9755116517705824,0.1736913487041416,-0.14711973657041522,0.48454262760290806,-0.5952951602637676,-1.5145991300337345,-1.3429883776391425,-0.16837772341999171,0.348821744720355,0.2038508485346777,-0.6744095785542717,-0.03664693185763295,-0.558349678797522,-1.2860819877065734,-1.8520453135875514,-0.3731274592083375,0.7493970490090631,-0.1096478191137024,-1.4708719086756148,1.0652352219050565,-0.790475212370986,-2.370342662991346,-0.1487474858797309,1.0572946486015624,0.1290021524121793,-1.1252365437166338,-1.0408277395171737,1.0700255804415193,-0.683609895707254,-1.3553428155775888,-1.2089705244278643,-0.4018837437480431,1.2645001142145023,0.6275194393908393,0.06623564251806349,2.3954595004756145,0.5024035322093549,2.714760405489788,-0.4677698528753112,-0.03585386648261676,-0.7901902287211703,0.07596062971669275,-0.23893506690404878,3.0697940025425106,-0.27162591348827353,1.0862505499864055,-0.056317531949913194,0.6122554275734212,0.3121612732912968,0.4188465936328805,-0.022816668474656222,-1.7191505795846302,0.879830467783648,-1.8998133911197375,1.4337840166566873,0.514692280508643,0.25668430608850223,0.02229755528395944,1.2945500835478367,1.3221656497488308,-1.5416940053253674,-2.3592584599302464,0.5773713267049712,-0.009495501533803245,-0.6184503197036632,0.11199811069789112,-1.0017017944360034,0.4851153146703043,-0.8423306158451754,-0.16886752208547548,0.46721774150259104,-0.6290348122083086,-0.4656299448302019,-0.13737562122192204,0.2552086083518452,1.3497064506965353,-0.4475730125955248,0.7207046649832204,0.5461405950956849,0.26622117877422086,0.8590008037814381,1.5423261584398191,0.07051881046063985,0.6784572685478852,-0.5716268392780747,-0.35705912362060394,-1.030068344367768,-0.3090244198484241,0.26873478567926257,-0.013915888838947607,-0.23770141123692534,-0.2457661555407987,-0.13395225685638898,-0.1263290172956479,1.5539311304046695,-0.040507236973265484,-1.033252370885113,1.848644205431872,-0.054934984864709636,-0.16522440210808156,-0.9087933710126441,-0.7678412622159465,1.5874692974459237,-0.9051037608661234,-0.7622882331556671,0.5979431267003267,-1.5538791926687174,1.013694298742742,0.6105111373403388,-0.13996502768728725,0.3888178028857785,1.5657514715864447,0.80403539179552,0.8843735993972638,0.5342313929284098,-0.19610669471736858,-0.10927583726815088,0.2105138128316811,0.6268715967325791,-0.42436167850846757,0.5201671917717536,-0.2420283477043155,0.2385622309388012,0.08262160679571409,0.391198430525314,0.3630000384079345,-0.0024980105906905214,-0.8243873309972957,1.3691328113374248,-0.45499756022058874,1.1738370049778433,-1.176818972462056,-1.1045089602436966,1.09679471965363,0
1.7458906378025156,0.5838675105910442,-1.4112870191995504,1.1375455135154486,-0.9339416104492455,-1.102621887571146,0.15454814211038684,-0.4967051408606729,0.8125667202078335,0.514197115240671,-0.3401270165593249,0.6365589486326945,2.2307592154971423,-0.27677995432057056,0.3509211826256779,0.6123653660037637,0.5711243991088981,2.098088368281308,1.1580546751370635,-0.9791337837623649,-0.950674137334123,-0.11481073847193869,0.5863001985702673,1.0276965707589787,1.0222974266254872,-0.016045710099575686,0.6025058843644477,1.5925573419405659,0.5348711629456785,0.3873618225266467,0.9858460499451946,0.2354992625998967,0.7054122658634706,1.8818817062018074,-1.1486574735408634,-0.1686300190735978,-0.5866831287412526,-0.6568966177527737,-0.5494602970324408,-2.117437331948303,-0.4263095666309389,1.083999906674838,-1.2285091032997557,-1.717210762067951,-0.5686953653830581,-0.7674022735066088,0.8502747090710757,1.7486327866403761,2.2274695822084243,-0.7351444617428716,0.603568769782235,-0.02149155208208479,0.4194531696225055,0.5736956773697636,-0.06334743656660259,-0.942852818232777,-0.767053550901675,0.21063912138404925,0.3732995103956779,-0.6163511752296096,-0.22125890953103886,1.1686739392428822,0.014282178910617758,0.46850171906687094,1.5037614745064016,0.14279054743267824,-0.4544025343187291,-0.48654215306550114,0.6365449853668584,-1.5027273357015523,1.5058583606003098,1.1634565389486968,-1.3394298097676334,-0.5077809522021154,-0.5084636196619271,0.5387324472110859,-0.7515440842251326,-2.3793752284965586,1.2270660431876497,-2.288803712295016,1.6894673020260726,-0.38686677797738606,-0.016147224309198016,-0.2647608419737156,-0.445130648513539,0.07120792361292784,-0.26681282718507954,-0.8454356100969095,0.6118822803840099,-0.23049526748273372,1.9735817819298074,-0.8844783270382403,0.4939580693174065,-0.5317849302465496,-0.6266789340423942,-0.018193579683315034,0.6457539141862247,0.8013980214133055,-0.16072081067886868,1.5740634119044181,0.833456752375052,0.28815435416180235,0.6912252493398945,-1.0043576139471866,1.1409361651781769,-1.298783168811104,0.4357465303981028,-0.08193638836161245,-1.4329724825965429,-1.2217491554897988,-0.030726148635127327,-0.10022169355223504,-0.7505632593941668,-0.3895234838426077,-1.4702887130784594,-1.4420371363672189,-0.3157323643714484,-1.8307833324893434,-0.217364610493145,0.45298352166642236,-0.20203725852490684,0.4816671936757112,-0.754184730890492,-2.0157645477828554,0.5282639821970614,-0.29366659269273215,-1.1141842509629634,-0.37517538365211806,-0.8070009317190237,0.7704898774996604,-0.9823380049732962,-0.8756984180063117,-0.06664440530575301,0.005297748291305451,-0.2725448988423921,-2.0413499814154155,-1.6401271279775982,0.13409974720501575,-1.155335853816908,0.49884764127903364,0
-2.343320641824847,-0.5144129291824658,-1.2493535234227984,-1.4952622458472995,-1.5828555220810898,-0.3323938921323816,-0.7660314058450685,-0.6568223794743738,-1.2027604525486153,0.8136980617105807,-0.0559024915972705,-0.4155312985807645,0.5972911171924068,-0.0068199562745735074,-0.8170360462904819,0.27165010078487356,1.6150323832418776,-0.3209449252763843,0.42367202564769046,1.1136542234428874,0.07985990268492903,0.9534385164693541,-0.27553127157664675,-2.3724830771305716,-1.3776183183748643,0.5257040349596767,1.7081480262745292,-0.7912128809515176,1.5373089800090411,-1.1159968814445331,-0.4367970789897604,-0.06878884381011492,0.4304458784704021,0.5172746714328772,-0.10863790521789736,2.4492967262632397,0.2860657725580582,-0.6664369408734099,1.7765781107737122,0.21677587997512207,1.2751015523464166,-1.636711438789839,0.15268017471722528,-0.3140547964624293,-0.5335608562682462,0.17900825362330924,1.1291626145619327,-0.1536016499715778,1.421840007638047,-1.2365799590770725,0.3157085414064428,0.5291776050831393,-2.3718641650781342,0.4814567174467834,-0.2539863510530519,0.41085441987504184,1.188426274786873,0.22946506290981833,-0.27039981357386556,-1.5096084804998013,-0.08057466362666456,1.4445307755887333,-3.092141217338093,1.1653295835363682,0.6297862340316515,-0.056212664591075066,0.6012703133533542,1.1416882862331137,-0.43797205364228925,0.09008479652983963,0.0073486909613943935,1.5439712860366213,0.005563602528414333,0.14638390121621953,0.9390405723672053,0.5075442838524158,0.21850262316302257,-1.3250517584039552,-0.4236288801728373,0.3611602395477723,0.1272281342726535,-0.13872435342902156,0.6917862269646528,2.1617873417871123,0.07489052193418395,0.6562064233246149,-0.20007270185965234,-1.1234868957952167,-0.3044341546823144,0.19431631338923488,-0.05976845450853575,0.09423730983560809,-1.7255620710702584,-0.46452421889107115,-1.6104098954105879,0.30383481795192435,-0.016965661113864883,-0.1887390935089981,-1.5117708031398065,-0.1572287627403345,1.4574419928748177,-0.5471791113488255,0.10321600548842746,0.1922678230758115,-1.5276517472052802,-1.502517195984761,-1.4228919429945202,0.38637117059825016,1.2286752455274028,1.7471097817022745,-0.13857469054379445,1.0942810212624468,-0.3999513451255372,-1.2088843245097842,-0.8656065438140648,-0.4327199521056064,-0.03712597185911708,-0.0729495007564774,0.6144424534133964,-0.1949383042348835,0.9369946106612977,-0.6476151925931412,-0.4077742104713704,1.6449935035684426,-2.0594061184766304,2.43506525992811,0.5012013468337279,3.042841572452627,1.3648756007043112,-0.21523291929850955,-1.2691906923156187,1.5527460329889515,-1.6510521716697002,0.4758520487698087,-0.9426063742439715,0.9650253091528874,-1.6064450861350417,0.7732563730409039,0.49290230685640013,0.22933223157542626,1
0.3859692396408999,0.21368831005486802,-0.7558644498136925,-1.2241428512379315,-0.12491846546663116,2.0319416775847046,0.5719870420760662,-0.7173400026545621,0.7280706390104942,-0.2873646919190767,-0.8574573625189423,1.2203204895618867,0.7159641971010804,-0.021789130495848262,1.4933780191931194,0.4985940446753312,0.224483834111394,-1.78472968144018,1.2917006434811154,-1.5529958239661734,0.17450815000168324,0.30715582784005896,-0.5075237236452003,-1.090805674590729,0.13092969798896015,0.6180063394804278,-0.6754419508261901,-0.5750340109026721,-1.1402439867328855,-1.6353595901433913,-0.15108001569854715,-0.7346846914279518,0.6636935720636327,0.6721949103536352,0.5970891238320255,-0.7140668785760795,0.9501242077363455,-0.9570165852573307,0.8226750969093101,0.4965332400839448,0.6877570510480546,-1.3981799062400402,1.2462607535211698,0.16656619240831738,-0.028309047517422813,-0.9511832094659829,-0.5945139203283828,-0.20988465314152757,-0.20407573242904034,1.6643530156100879,-0.06772359153659382,-0.3037474794459133,-0.23331792832731008,0.38370689540841446,0.23000893333219155,-1.0445592936155748,1.8471835769952156,-0.23753354904239304,-1.3171279056107779,-0.6475330736076818,-0.042371473470932904,1.6674576104162526,-0.24688516128860016,-0.8489234112520627,-0.341912120984307,-0.1295947672979089,-0.14864949396190097,-1.7573469803043675,-1.0015227074771016,0.8139782121228271,0.39610217379246254,0.34541557140991597,-0.6004661437423156,-1.5009884301937357,0.09602858087513828,0.4148531455204386,1.8288389112975223,-0.8317254845504066,0.6476273357625569,0.5641543769670126,-1.8453919996914503,0.3124709994722597,-0.8676103591834322,0.5682804716409942,0.7383625123358342,-0.6645001031535607,0.4084653786218786,1.8706337498484833,0.33184386951241907,-0.3180825838676471,0.20889079355719894,-0.5666480767964838,-0.8441986175498466,1.0019007143889753,-0.1719953062981032,0.6242343265250914,-0.4845954538942515,0.9056161473479851,0.5693927113425606,1.7320634942322677,0.2125925245211112,-0.022209875634954322,-0.3509809886549567,0.281925771875255,-0.02799811173371843,0.4328794219042784,-0.8613367426514972,0.30893206593486644,-0.015108514896319342,0.31147757663555503,-1.8559361630264226,-0.3660566561646293,1.3653947810030427,-0.5837669860965052,-0.26444889328954463,-0.48538988383750975,-1.231065938694607,-0.7771850890137912,-0.5419615099871499,0.607822582945723,-0.23037404096029412,0.8617476639397665,0.17017740469179257,-0.7518751279226653,-2.4250442509625776,1.7766713835995227,0.5601315567519217,-0.6833069601254624,1.3257418642505956,0.07747646143776935,-0.1270507954862864,2.051477719738467,0.5519363925166729,1.4516019416884771,1.4335750169324295,-0.39527115630426185,-0.6651085978794844,0.9679643911463689,0.8679843631008223,0.24177570218959796,0
0.4833521711428475,-0.2950911067541413,-0.561175142091355,-0.7166134232960489,1.377748421937352,2.4595944317838168,-0.31143417111865196,0.45301812047648643,0.09176028663524428,0.5137251536424406,-0.6023574862671865,-0.02045897501423453,-0.8857690152631814,-0.057400770567529166,0.32298801079773365,1.7886325910640521,-0.5452059997473235,0.48631204294070346,1.981277516524437,0.006982913536383092,-2.1352005508357674,-1.5709381942930685,0.2659057624838279,-0.30892564418288465,-0.5190957442561246,2.123318380763226,0.2820232540048651,0.48935776190345015,0.5910181539300953,-0.5644665330755659,0.48487745187722153,-0.8210956709287954,0.008250078461510334,-0.3905093433294306,-1.248352295779172,-0.2643608583344552,-0.2279088138239671,-0.656033760681359,-0.03129446815154782,-1.410015481184461,-2.7358308339684663,-2.6166551235610913,-0.14704572973258917,0.49377472378529114,0.23148644515032696,1.131909448625698,0.44566515865284717,-0.3682766959374935,-0.5929054491217902,1.2984714686098577,2.2534793559974093,0.26841382197192315,0.6711764350027012,-1.2283943749308832,-1.6137559858789032,1.3875400585045914,-1.5669876355685912,0.7900408603194823,1.914094504120837,1.624501046041395,-0.20264477447153512,-0.4076432200837672,0.21381972750027683,-1.0973143027027399,-0.10313102565518736,1.0583485845295677,2.250089560872588,1.167030231467626,1.154501086922701,1.4710834983522356,-2.202972490284589,0.103660980303764,-1.5063066542072465,-1.0837259680458773,-0.16932538664969787,1.5116583129821186,-0.31136848257249733,-0.5700543640037308,-0.11836762383408271,-0.0481790111003289,-1.5409646256326168,1.2146144521481599,-0.1772975774186934,-0.8306064531727306,0.8909784464308207,-0.9835240664779217,0.701575272772154,0.020619238784728794,-1.5052537619106365,0.5739803462263929,-1.505429690158442,-0.15343665144923918,-1.4652386315212083,0.7828128087684554,-0.8689341044945958,-0.007831448882087621,0.8676624421808675,-1.2579271341888594,-0.9284290417555255,-1.2319429139176639,-1.1071753899771932,1.167174627101085,0.07612436860594675,-0.42222827896123827,-1.1150536325661413,-0.46573096087393384,-0.3908269804593939,-0.8565347984915366,0.3694335702214175,-0.9070486471858538,-1.423859191783248,-1.2485878261161423,-0.4997494494141417,1.3468995398613854,1.4488346965899626,-1.4933050538222552,-0.9520055705615229,-2.2434831112532105,-0.19567503949478124,-0.7107032305168755,0.25943120940546155,-0.9252495338422673,0.906427564242565,0.38721160042562597,-0.20970398801604664,-0.8678809362679295,2.211649679204732,-0.010745089528815945,-0.3062011108532926,0.22407320453455434,-1.9610669313673235,-0.6909733808803736,0.6747041168105126,0.8352505004788423,0.5066951937157912,-2.1744832180399776,-0.18731887346961298,-0.8773303010243997,0.46119861833496967,0.1435516224793742,1
0.7911672155168343,-0.3765657673930978,0.08201040589549932,1.4409370241996924,1.5431422550493998,0.9899530552385575,-1.7661971270045673,-0.45991189222856926,1.3197876710572294,-0.04109363467346996,-0.6996801390864397,0.15508552991629462,-0.6241696222809434,0.15541910763285183,0.16183854703973524,-0.5783492380867435,0.20340559464366492,-0.45837526362206066,-0.5016140209627187,0.3020089780528215,0.5986632436321817,0.04304235822251518,-1.0807913907099653,-0.9475389059171478,1.293065848380345,-0.22730053632040342,-0.6786981144339462,1.9746642921081838,1.316642603622503,1.0760858881414217,0.008092217662215925,-0.23032116742537723,-0.21717516507974377,-0.318583252415606,0.44438430208846647,0.8593177993362651,-2.6067589307153414,-0.9214892360256626,-0.6204812902109347,-1.6921643401820536,0.20494521174225094,-1.1867446728308813,1.1844005440642122,-0.14948347483873306,0.10225040751181749,0.7912882274587344,0.30789433649510745,0.10871119250895754,-0.37124380037787863,-0.20477519591147675,-0.7066033309359928,0.9228516068017877,0.5055171964852841,2.0479156670798093,0.5201248576907418,0.166675059317616,0.27462988365386387,-0.6930907331189341,1.201692004154308,-0.16000106576653678,-2.076541964126727,-1.3740373375557045,-0.17200945023050765,-1.5116105980387344,-0.9844938043407175,0.7881497043525225,0.8502988345116449,0.6277368675347267,0.7802584116273155,0.6440435655486159,0.7494500643946214,0.3810082497807453,0.5820080571323518,1.636802783470996,-0.23744452493575993,2.281044125269128,-0.3612234424022266,-0.47789861387547033,0.30830030051692836,-0.41055930610905883,-2.1819282644597893,-0.897655114268503,-0.5944141635196992,-0.4004236569858806,-1.7717319381634633,-0.7219278131899769,-0.6264825996628869,-0.733244618043255,-0.36905662829734603,0.831217249062883,0.9104023216667897,0.25380314681973015,1.0484555272705531,0.05436505637129559,1.127877649066656,0.3895063904843604,-0.6700524961890959,-0.6328279706441965,0.5599323258894104,0.7609406546338848,-1.0072616348083947,2.0462597221129655,0.9054129439300317,-0.4100140066052626,-1.0223535991153272,-1.5204051423646514,1.3883485617395848,0.8116401884902803,0.03708342160563164,0.3532258134019903,-2.227955960514215,-2.30033358343304,0.47821843345532467,0.25941864153721955,0.14003395889512402,1.5317275052740082,0.7156696830006162,-0.49999406072479063,-0.4934307244357465,0.5850957249605201,0.5478431672021524,1.864764345450954,-0.7107262208274641,-0.9589481981811669,0.15838451798970454,0.049686155219919,1.1487000460689005,0.14754991134734924,0.4480306374953928,-1.7323249169914592,1.264861472787795,0.0003422677005023155,-1.7144266348558779,0.4044094304665458,-0.7139275545043273,-0.9605430748159284,0.3063608903243912,-1.0296159798399467,0.5415715074767975,-0.38228686342822277,0
-0.09792418297120631,0.4130831545655754,-1.339403162743955,0.07095558476313817,1.4325751098389143,0.4303681672827299,0.6555528566801644,0.5084465394850581,-1.5396713434003388,0.40840023682326704,-0.034179597244344995,-0.48850652032818914,1.8622652269447888,-2.710168697280111,3.3319889572628103,0.9077146991080499,0.8728037793334436,-1.4858057293350253,-0.3458371525505373,-2.2193474575176158,-0.7267996811687909,-0.3730519800800361,0.32645008045011037,-0.4105665731753427,-0.216556760337788,0.05312807884839605,-1.060012817016254,-0.3988870247356009,-0.8982963293540296,-0.5913837331599443,-0.3300444372676468,0.26761932685010265,-0.24751908601720016,-0.4145679272918454,-1.2002493639881018,-1.4192900166110134,-0.08228187514262042,-0.3713549320736911,0.3866035017838716,-1.65984477598071,0.6844887344484425,-0.7523747667999333,-0.4181536822796758,0.22691631824315373,-0.6940044416734624,-1.487024882253299,-0.31351222924598937,-1.3044530322133983,-1.5204542574833122,0.6471861665877069,0.029529162531531903,0.26836677724945296,0.5638420573398708,0.3132884169134488,-0.6835629023303729,-0.196696744454474,-0.7684288626962497,0.3325275776039076,-1.3078295870077123,-0.8721278607675043,0.052287572946762444,-0.25977609038574695,-1.0633546649099284,-2.9016669272278826,-0.3995487856876931,-0.06252711867425287,0.5736414384059484,-0.39190471172596936,0.9186006599025203,0.7983456030447803,-0.2167350762436311,0.6507483326345077,0.8264594566648517,-0.5050599616100496,-0.5273721390961524,0.210518918332794,-0.3787620668637188,1.8982671907418358,0.7041895156358056,0.29633592094439637,-0.5581786189391243,1.7043031081282976,-0.4605434311240209,0.4002273365859833,1.0730636409174341,0.45107243935624597,-0.7004779031666244,0.21334203754263598,-0.20744270196784365,-0.5781973442450636,1.318727063675376,0.34371158173127814,0.789403526523632,-0.49513762335513284,-0.3561037318627279,-0.06437438700722652,0.3700115926295592,1.473345936779356,-0.03904959417910786,-1.1316428301764032,0.6257493221685342,-0.4933071499525862,-0.19035696208736438,1.6121967547013265,-0.5785533003754902,-0.5252352126524158,-0.7140013025152696,-0.9612578231976509,-0.6154337001840413,0.2405225509303697,-2.3320898911052077,-0.8036800137485824,-0.3047843449069861,0.9817298779754926,1.9679149122687576,-0.9624905883812378,0.580916475093938,0.5475513903801498,-0.0695697322358916,1.7555696678884998,-0.12285190158218977,0.6647777010755971,1.1359993217004614,-0.1883903727823467,-1.0927602015216529,-1.6164381355996285,0.4469423342961949,0.024293137515765003,-0.3897793778067917,0.08375314794658768,1.0560146767341563,0.7657633494909901,-0.3433594351267461,-0.13155041025246686,1.0832452917942625,-0.6377395248151235,-0.1698105406044685,0.8186511305665015,0.9533175567563243,-0.10328642507581806,0
2.007980294688319,0.14079575467383892,-1.3007077490756425,1.1093970376399733,-0.5299771789522727,0.6829139095387925,0.19565475854345443,2.7110901692901854,-0.401321031646248,-0.029573845382539158,-0.06488892422992554,-0.23408663245643044,-1.2107653143253199,-1.278787236514586,-0.3346788096195484,0.027457324949756997,-0.4271766102409586,-0.39352356984795467,0.65399909132777,-0.4541082910994008,-1.4499492102719416,0.615695446206204,1.086078810970086,0.5547317979244284,-0.418790504780139,-0.15547391172446207,-0.385590174189139,0.4389964841327165,1.1871614045508774,0.39768134898222557,-0.033464016060602786,0.06060615730606652,0.403652765013257,1.8188756934113375,0.7813446269429604,-0.9690856418787076,-0.965064006776336,1.7993911973881094,0.7168357060022105,-1.030026740906961,-0.8575578581585324,-0.03190361945316564,1.1311046069267476,-0.9132154018920897,0.3654171914591341,1.389990445477616,-0.742617012596785,-0.34134544018208957,2.4480360064756557,-0.10934029151648096,-0.10613071360348447,0.08781967550029934,-0.11196215374157113,0.783742462597967,0.24664931171729407,-0.5103084958807993,-0.5688967195807201,0.3117973078729645,-1.1923964367266762,0.8500700029358019,2.2199044098860377,0.21110670263512277,-1.4540486495119527,-0.12481755397587425,-0.461239422405566,0.10554006447672568,-0.02662625829805428,1.258381693432801,-0.4883200056407243,-0.05335088825616172,-0.9165975520609765,0.34102353134661867,0.8705656361050814,1.3838816846614548,0.3872149496630812,0.2597537576546861,-0.7685265001973555,-2.12227743544317,-0.5569289669523733,-0.23946874723602243,-0.1173567294132717,-1.6006808885364572,-0.27796029207892914,-2.1417645113113166,-1.2888213560472919,1.0906867663605166,1.3151762393911204,-0.15031629274489405,0.2397761158962813,0.39228551453812194,0.3908461745328389,-0.8957202101919991,0.15866646013026586,0.2592037374970296,0.22610581886211392,-0.7624340669840082,-1.1418480913867428,-0.200029687363455,-1.374576074566769,-0.8003953242572944,0.4637133824561074,1.076329522206071,0.8624401775236616,-0.661740757740248,-0.3991241585440799,-0.47285811785278165,0.1973704364011434,-0.870599860283702,0.049968615383383576,-0.11200629617136769,0.5921629358403977,-1.1244111079641974,-0.9585910367595045,0.302487606208911,0.12626400392626966,-1.1515707341453392,-1.8668908854237973,0.5229955316915839,0.11964871158291664,-0.24676593395502747,0.5149688813822719,-0.8092529303625466,0.4138035046784167,1.070092968015274,0.3862408429205643,-1.3450392303130168,0.892107867381312,-1.110947443006153,-0.35598235403016143,0.4229026949831994,0.7425246825947892,-0.04952914469168284,2.04661036316118,-1.1974868424671838,2.037875950432921,-1.779234276215088,-0.04325142133831439,-1.54334019754608,0.3299351416412051,-1.5430926028167122,0
0.4549581554875812,-0.6235139124708502,-1.74040297055126,1.5115650313583968,0.6861675651948781,0.5019201397720344,1.8273405631867459,-0.4480201226307281,1.2079470840398914,-1.0184852265671498,0.00811507680605029,-1.6292791844423589,1.8648393004264883,-0.2365894158851068,-0.7555045552308142,1.9124820231544128,0.643326839466669,-0.7618093912723877,-0.5627013823135262,0.20782535775989908,2.45151224171802,-0.8109403094946701,0.7213013835582678,-0.30003153174205516,0.9569613220976311,-0.30409453403393477,-0.15611447817904434,-1.6314509076574362,-0.14933878124414074,2.6320008059865594,-1.116050305348526,-0.21748152834300535,0.02642431493867243,1.0124049469434127,0.03966019052125614,1.2745387167932056,-0.841042329095563,-0.005111255082218561,-0.05531546737349471,-0.5832142722066644,0.016645841611614955,-0.7715182812888993,0.7838202028083695,-1.2986894083375635,-1.5475759698736749,-1.0032651373685944,0.06649175834619674,0.4412421980081754,-0.6557893568744699,0.5467987646738158,-2.7369748637989093,-0.3877725822185365,-0.5422733018622763,0.3392239187305098,1.0290504756215897,2.6788789785921776,-0.11357181244631605,-3.9993322490280514,0.08326635863763217,-0.2523929177650479,0.3924818929785289,0.45969801311466524,-0.590934099874534,-1.2499675639334606,0.6313720535756531,1.1777184613595209,0.6151614410031652,0.5267937198802117,0.0972958274860559,0.9345927329878371,-1.1739866697820518,0.3716320565378835,-0.8170182787573692,-1.4426283864439329,1.1592262624572103,-0.7325419682467972,0.4029652771434644,0.7890464631146409,0.0952635064370343,-0.8588236685064766,1.5161712271258747,-1.6383251047165877,0.20869608345992782,1.9846645896939883,1.593497425680212,-0.6859086944532731,1.2650096973032134,-0.9558581924720134,-0.7664950838172752,0.574932454249702,-1.0348399621660251,-0.765853267488816,-0.264693540016333,0.21929127173485422,-0.1584832515506562,-0.3231837244306852,-0.9521172218890781,-1.9377346625714784,-1.1347864789457327,1.2204226146411055,0.23183196227490088,0.28038651719191277,0.9672481003705533,-0.2744858388488903,0.7526086541306592,0.7709953878680913,-0.7725707574523849,0.7770419224345433,0.31075037295312075,-0.8500895819498928,1.8082900795340693,0.8816936289163085,-0.990229804297567,-0.059987816824480594,-0.6469753368208713,1.497155418160818,-0.7400647607984173,0.5761518025963663,-0.9040752854749589,1.6889276200333292,0.6315789489101061,0.5983384070721406,0.28181300360412476,0.06613969853156501,-2.2349698488985297,0.5750475829567295,0.11299620622115743,-1.2947247217432467,0.21139639273773234,-1.185449071868175,1.7352731340579062,0.06930602113759556,0.0034498027900071327,0.5894803446398148,-0.44971116715780773,-0.16032062691045473,-0.3860257514106291,-0.7957869501740701,-0.7218955162327506,-0.027580596486595114,1
-0.33144647863482724,0.323684382765385,-1.275987527317981,-0.9253768749715413,0.09450987701140046,0.7189658074599306,-0.26576734759129095,-0.27615293436456995,-0.002785985353867405,0.09407062218114517,1.6105093487376558,0.5281167626540383,-0.6296506391579048,0.24728607755733328,0.1730489118834158,-1.5766564675780272,-2.357626491574862,0.7232189335206934,-0.9492549611545277,1.156881521821782,0.3609418050297222,-0.08361425958782995,-0.11460882108558401,-0.3607809348233835,-1.3503949862486244,-0.44444136084728464,-1.4240042662009622,0.8792750677799276,0.46657084773378427,-0.2028592300655647,0.3131797445253875,1.0362050123767792,-2.181722263251832,-0.2063740569112156,-0.24555865590294407,0.0066871619942865754,-0.5905531375097514,0.6284994466743188,0.9203641180571889,-0.16645489206158065,1.0130122729384807,0.4480504774347836,-0.2702252997374073,0.16344792514717046,-0.3434397103097749,0.5218147753022994,1.030645433892071,0.8471315537453996,0.28932744258026377,1.2440907528667517,-0.14322858247521383,0.7665220121280145,-0.9392703424852273,0.5846214863959714,0.5577741910144914,-0.2862122337516277,0.4914596801516361,-0.031341929525971854,1.749403816331567,0.25387699923771717,-2.7037781838058588,-1.2227505635503884,-0.0005879791958256395,-1.507529748242757,-0.15836572649800573,0.8514554617772309,0.8426658250193032,0.7356459367288022,-1.8135806604589726,0.8486331515470316,0.23503120193578875,2.359552630625386,-0.5250720905327836,0.7429822131630174,-0.5890246518689429,-0.6656742506257681,0.7417768398711647,-1.5043385949347226,-1.0447035735797117,0.18333038233759014,-0.5029635114759866,0.24425632267829203,0.17037489728681288,-0.24401063855488891,-2.063970788939606,0.16021346423159388,0.8433672436191344,0.462531028260546,-1.8168002979810967,-0.6244872342494439,0.8460835939066311,1.3573747966159642,-0.00661762891266553,-1.696931698371942,-0.7694833920166402,-0.8002658637086449,0.12298428086069842,-0.007381908231588092,-0.4978493698318757,-1.9568551005175832,-1.103280654048955,0.33640817689757696,-0.33942445579151603,-0.29876800181679253,-1.2537666715761489,1.2602797638001875,-2.48235456291509,1.566290936196986,0.4316790897890241,-0.5902992631668934,-0.35509738001884933,-0.21658442778330544,0.5753444483175477,-0.15859196330841088,1.354467966071883,-1.2331010541694427,0.7245599702546037,0.8698202499318182,-1.033481522461589,0.22177925063213474,0.02049682454601901,0.4793973306952932,0.18659060781977255,-0.12207412556415978,-0.20556828024915133,-0.13007924386037292,-0.7478716009339498,-0.6800109452390967,-0.23929293604115123,0.6984887306361066,-0.8548977857802893,0.6030542042175645,-2.0179954261724005,-0.7537520221841215,0.45160654781057835,1.4052474508538726,0.5390708163895407,-0.5882406159198016,1.20296662472188,0.29182695659085217,0
-0.19795805790551327,-0.22502939268044506,0.3996973036513439,0.43755878578108354,-1.1917799393197428,-0.35721422161340755,-0.1898868499670018,-0.6179387503153146,1.2636313292640133,0.6170358147042999,-1.0844414964985643,1.3937481428301708,0.7581823989330967,-0.7651060499114074,-0.9696948991850916,-0.19052313983666389,-1.454425443074898,1.1344335949016022,-0.543480885228445,0.6703361280220317,-0.12599991813155847,-0.4908759007964487,0.3188631082262927,0.13978272886906618,-0.2906917218978227,-0.16420917708315355,0.7908766525364419,-0.8475457560963728,1.8885288974946906,0.16250917111939306,0.005517482468639507,0.38526465085687167,-0.2358213603264082,-0.9325869027290338,0.4379928270138353,0.004333089480892238,0.6875685425550123,0.04125842133016152,-0.6789492685277375,-0.29832517371538025,0.7764600639839353,-0.311453182011018,1.1092743622479684,-0.6109500069649467,-0.08106300006735817,1.4224836269774013,0.34046983520237584,1.4021119543236784,1.1186403233368416,-2.557717196984747,-0.6846734494690205,1.8457501574337911,-0.6805761321726053,0.42894610551964946,1.056600947487738,1.438352999804556,-0.4075655210431151,0.7664098178562226,0.9059720851484467,-1.1466990628842206,1.004628718366383,0.9919186383607079,0.11342513990912383,0.8232831101342295,1.2025891667283675,-0.5901856944005912,1.271963454010836,2.0376131407220988,2.402853976084135,-0.07537854017563975,1.197356171351723,-0.043671755085650445,-1.1586676319872016,-0.03949574001102011,0.38858612659438857,-0.23583379181878106,-0.941522470205476,0.5426656342882363,2.2984444665077266,-0.2615450262866604,0.2865248602584478,0.017360773427672775,0.7833373827649649,0.025394536582513318,0.31856965437702944,1.1164418083598584,1.1822075691578848,1.8473663912432399,-0.27644121109845066,-0.5657929074947533,-1.9267673090289004,-0.2489870980164507,-0.6157966849156219,0.20212749144598574,-0.174873365163659,-2.126561666447261,-1.5530971504034992,-0.7671033822318122,-0.25247912138104667,2.295533516262906,0.01842553162581084,0.06882687100426578,-0.4347217862059013,-0.7218091801366903,0.6371474868298513,1.1855843496955363,2.0476008399462384,0.5719542856532158,-0.39206827528923704,0.3196651055345707,0.870701158806279,0.7377975388242908,0.20436518822981928,0.32148685974465224,0.4568420991966479,-0.7188512356296806,-2.0429257111869084,0.06365805039296107,0.8203276932191151,-1.4413620921748094,-0.6699447666948204,-2.2912561746709152,-0.6394034275857042,-1.4456569275383508,-2.586530588503597,-0.9461967187056125,-0.4994103649443499,-0.41610216302115055,-0.4874878818998212,-0.12116227062263848,1.689509666313068,-0.6017639851375923,1.4785181569044472,1.6693816832128021,-0.4116032874448823,-1.2869389230327533,0.37746674617580583,1.594781303416777,-2.5781749998089856,-0.2649278861625643,0
0.13736590527809403,1.7201332851951836,-1.8165417367712244,0.38481486481909327,0.7213116363211437,-0.8565860157664098,0.2515595408255424,0.31728924242463435,1.2094565383060092,1.3203533066258735,0.332969486232556,0.1959140217645589,-1.2785148949690701,0.06996391166213409,0.05746419950539148,-0.8638434398439754,0.8574839980536051,0.3464349693080937,0.279330555987938,0.5430011452501691,-0.8858139904259874,-1.469402366414432,0.5824331085731685,-1.478439000814687,2.056123499693216,-0.11514465280700864,-0.20865674391841632,0.9049353170870678,0.3280232368187302,1.7407319487121882,0.9873730263326094,0.0923872527534022,-0.518499916761829,1.2487437823373464,-1.1279582341977412,-0.08311242366072877,-0.06499860847342961,-0.37760873148007146,2.5636636373734767,1.6792484287094362,0.8742776629440413,2.679442056337448,1.2130143339162367,0.27115775247758817,-0.37343617808580637,-1.053749080214758,-0.7108139366070885,0.08227133571291614,-1.2184316876256363,-1.5385406097623577,1.1328800303335773,-1.4175617398972291,-0.05135992151263621,0.878606404680206,-0.07313604840100223,-0.8895103940313078,0.8535703402404347,-1.0219548258273372,1.0501801128454498,-0.35478824017382493,0.6047109478276633,0.2664459577700994,1.2957925073957208,-0.50749619372356,0.5978294262928522,-0.7821481704615789,-1.1175715380426592,0.30761476000695487,0.768856889097725,0.6121227054452717,0.47200077871221663,0.018842272607602788,1.1331412927526132,-0.752772302114144,-0.9946549188584308,0.5548797509588204,-0.5606563835494729,-0.8962687920078286,0.6385988088391641,0.9965640112555422,0.15436300552144813,-1.679459257923591,2.1734084149694697,1.0312648189875624,-2.231470566893272,-1.6749168998814623,0.21938716533137984,0.5274942053256129,-0.6890262188087198,0.13547928228982462,0.7341724776870467,0.6735280194153187,-0.9894196357087138,2.0584451157266774,1.6142042655509696,0.8991246353422254,-0.9289548225773943,1.1649947958007696,-0.900892998142223,0.7111146980620281,0.3629640445718889,0.8275464617262908,-0.4180678828803073,1.3386513095931758,0.32822968038323935,-0.744723735746746,0.7050968557989588,0.4144809261382545,0.8777017413010422,-0.5745967883271088,-0.25671688963427236,0.21451537718676927,-0.5922826012939774,-0.710014063823504,-1.277922090040787,0.009225545720278821,-0.6410299988341818,-0.6614940662080874,-0.5917210769496576,-1.4162124901608009,-0.5578397734426038,0.17157677730006432,-0.6480673987226729,-1.45711221621857,0.928848272383229,-0.28375125249892913,-0.14864115804729808,-0.9083997903325974,-0.8895541189047388,0.119615434458786,-2.0244075220665225,-1.8788610968261314,0.440011910304497,0.3209137406599947,-0.9109019926628882,-0.3720766911356245,-0.6198619699777418,-1.3176971041367413,-0.2751232467609186,-0.33422846227353786,0
1.0704446311243192,-1.2434517235758544,2.606075742145709,-1.1427940968411663,0.4985947013073438,0.04994139232002479,2.538073079036325,0.782309685769525,0.6661842845212741,1.2519858835119542,-0.15260660943673998,-0.5161269478999542,0.5445703933420707,-0.39391747033273133,-0.12991705808922904,0.9499587224537677,-1.3828960589690529,0.06470779719623657,-0.1667014684561718,-0.30486831384129287,0.5108336565690751,-1.5138850957144858,-0.8532065578427457,-0.4648570040428242,-1.3320906056986757,1.1643407856160521,-0.6507446519347144,1.9943065392345554,-0.4848472422036098,-0.8023668343399722,0.8049090150525741,-0.9076348900303259,-2.8895400458652376,0.5151711678877251,1.7321808435928783,-1.6371725405948823,0.42063940411314704,1.1019616646972725,0.13837351334266812,1.2915052839669272,-0.17332537168804085,-0.8285128328318374,-0.8921638915424334,0.4781558973033826,-0.21316726621186163,-0.37913439390476034,0.8150413200104708,1.2537692624684944,-0.27470467410028193,-1.1016174635388707,1.1480665057431663,1.8754596331845592,-1.2181920719097197,-0.5650501618526552,1.919421984498333,-0.2411418331152883,2.0277909433984194,-0.1491567723292425,0.3877249415106749,-1.2834574513188917,-2.0924103134080254,-0.24949614390141006,0.22531797285071337,0.651138518849012,1.4661338220967985,-0.33923079940663,0.34047837589257923,-0.05871892873531365,-0.8581839818330856,0.20126099399999428,1.8248071947024835,0.9114816508672292,0.4678683872041351,-0.6549274827856327,-0.4782691024138708,0.1970779034206598,0.5653387275727723,-0.13687635344634907,0.0010419376693217772,-1.1154420989399252,-0.30885695984456757,0.21797119182993374,0.2181307251666494,1.3186135830878138,-0.8697545120187741,-0.24817899228031717,1.8285814929474282,-1.2141299038474345,-0.20224959463968292,1.6304145284672553,1.7243883759629648,-0.020546348538940124,-0.8867612561241338,-0.24749927524820017,0.05049525755631839,-0.011876458482016634,1.4593010787263578,-0.6254779652193083,0.49241226147903405,0.004346812453470442,0.15194487899029863,0.25817198389519214,-0.5287319792558611,1.0095590508561938,0.5945676692901956,0.5876102504832369,-0.7797556228420319,1.6505194794380353,0.23139768324742244,-0.3652221257804858,-0.892819446665858,-0.6175847846420854,-0.15723440603108277,-3.11498992169399,1.6697632230675181,0.6922436449414326,1.232679119764996,-0.11815977136168732,1.1055413689795663,0.7188412455563518,0.3506143886963734,-0.29988998873251566,0.5167690743133747,0.65537383273137,0.7369330243565855,-0.13097096428545288,-0.43836485199173014,0.12179505746166483,0.32639301665234866,0.9399495723754132,-1.020862044589212,-1.1880203564350362,-0.1932125329335585,-0.21273091212642306,-0.18943221996368664,2.0514973696251624,1.610057550489444,0.6367620839947219,-0.5933882399465353,0.6845782662749921,1
-0.35659526720425133,0.23214523987161523,0.012924228598338743,-0.6745269233629873,-1.8355666377550561,-1.621134845048794,0.655231393742474,0.1494275851734542,0.9883069205434319,0.6019273552978462,1.993550048411079,0.20283214895678162,-0.11213648496662529,-1.026539802053791,0.18796176994447625,0.46685193656055834,-0.23228535979374684,0.4090661697735948,0.12362208009256564,1.4346431589222997,0.03396370634896594,0.025590862844915845,0.44162571123683014,1.7610000118059252,0.03476014878003103,-0.5151285885150535,0.2854987152101192,-0.2416615953293322,-1.2651359870372074,0.7346381073352866,-1.6117461697254216,-0.951276086528893,-0.46791852700674125,0.9461703321105212,0.4964506662414735,1.4795262337782347,0.4874970342346831,-0.20604814431645882,-1.6169654293177342,-0.31783899612216576,0.6473836779374215,-1.210531256334676,0.49013979229459276,0.1655575764549504,-0.1254068947039692,-0.15568647888874798,-0.5174284700147229,-1.312870136580135,-2.922207983176007,1.1313667836537928,0.23372459503176615,0.5430324658713833,0.41929957723260114,0.36363838004027316,2.348700717378151,0.3633533991597255,1.0969296827264117,-0.7642515521127717,0.42658169332576246,2.081334269289412,0.46223550689746923,-0.31520339029086347,-0.006712608251708584,-1.8002198291410694,-0.8714758882259549,0.5654247025703419,0.627687874650542,0.4503098419793903,-0.6928767948227721,0.23628518972490978,1.41848486723667,-1.6121937222990854,-0.25465839993579437,-0.385827159075236,0.30262456137980503,-1.0516827284672792,-0.8776659500692101,0.5758815993517514,-0.43059924810924355,0.7314734037430445,0.3845322567298156,0.8779845877652174,-1.0060028929679836,1.3814411332502032,0.34051385477341367,0.9780034317373794,-1.3900718793454665,-0.14426390184102933,0.04638188343952457,0.47385995801652964,1.2570248570566573,-0.3313817509180886,-1.4109001701829542,-1.9819913301288832,-0.3059064294320786,0.690316369520433,0.4909974600826481,-0.020234949660206804,0.7218280437804199,1.820086609730628,1.8135276446840245,1.275066818177758,0.7338991494037574,-0.6294534829162745,1.988292138047771,1.224262303220858,0.21555443319235842,-1.066066253728273,0.7355785793275671,0.9412813529071191,0.06025362570271964,-1.4721950300633708,-0.4477964860247297,0.4305265618282621,1.2267455838290702,0.04547445615333236,-0.7365806112443349,-2.177148365136072,1.9624199553932946,0.031221812515344838,-0.7277055465198328,-1.836955234110906,-0.4847478803404226,1.5455594605276648,-1.2367753335341005,0.9016381490535655,-0.9208706115174334,0.049369655687858185,0.9128146141520119,-1.288908969063167,0.8801925307061916,0.3176809613516138,0.31637818055815203,-0.0437004091580969,0.6230895758379624,-0.156996897965394,-1.5228240417481498,-0.09575716245395002,1.9098521745227515,-0.16722345666711297,0
-0.11352435212118028,-1.1945432252282333,2.6594830407812746,-1.7690976226007515,-0.09650297530306236,-0.5213594989123947,-0.45589849420415796,-0.8865573019034948,0.01395038632917074,-0.7825887398750627,-1.0760786361011871,-2.5790330975021862,-1.1088823270154853,0.2758297845612421,1.4123530624003209,-0.8705280878465305,0.6177840754976053,-0.1937924448128504,-0.5535259113346555,-0.3758814253238861,-0.9830715348882674,-0.847059165702553,-0.5509273388917557,-0.00869552478973614,-1.162181628461214,0.12715667093621003,-0.6599085161161417,0.41397406874558196,0.9580613495760856,0.21912460419004967,-2.3719592204754143,-0.5470041883520561,-0.6013741645288603,-0.050819896542315654,-0.5355894074894043,-0.15229215520891112,-0.025409723489202396,0.8129297660344873,-0.45435829940656436,-2.2623149630892754,0.6808347147127357,0.044918038873094986,-0.7675991805667243,-0.9677134812551045,0.10575893325081305,-0.44817677202602313,1.8729800496541043,0.8829499229916986,0.21174580417757966,1.0078147607041152,0.15988273907335954,-0.5515110097291795,-1.0510555504123213,1.065311442513449,-0.6760227931907661,1.1033022224931628,0.6944491349149533,0.26434052755585846,0.46255595380767434,-0.4173993975805996,-0.027897989286128043,-0.2705547299886308,0.003684989975371885,-1.001264326300817,0.4653339564735385,1.1592779735184322,0.15024132456830858,1.5129724426242708,1.16864601005946,1.51465144984192,-0.36980026608838795,-1.1497968220108628,1.0919980797362019,1.0502314637895005,0.2731651140474992,-1.362990571849512,0.2133617395442791,-0.33467307600275203,0.9141561190187285,0.7571556041199411,-0.3753214697683754,-0.7669298211319022,-0.9082800287549749,-0.5132992853409242,0.08406300355921521,-0.21126965244355653,-1.7021505983120806,1.3942797519218915,-1.3973224573531593,-0.9339808522849372,-0.3470802132463902,-0.6721992821158265,-0.2942158820872494,0.04545381732176807,-0.11355655535683577,-1.202145654332194,-0.501909814340134,-0.48781761599053997,-1.248153773552287,-1.492331090586779,-0.5865327946070255,-0.3916147771909551,2.6933237256048126,0.8125742098969133,0.868240895190919,-0.3841908752258295,2.0321489361356306,0.4078309616352684,0.4902893449913711,0.4130759354997612,0.9083728673706355,0.2698917419666049,0.24710408566201725,0.9843887980324408,-0.06431372158121094,-2.1768662394377642,0.280879396325986,-2.0629711631231396,-0.3463508308798549,0.35404329193469175,0.3298142289800157,-0.6047701570358835,-1.7089264069456287,-1.1636997772739635,-2.231926493855505,-1.4137166859523551,-0.8477158230218577,-0.17094209341291647,0.551507531174705,-0.41754638134187994,0.2891302901772184,-0.16508905633533374,2.0715119171089396,-1.4231951830322587,2.081970924790226,-0.8041666564590552,0.5927921903407168,-0.7384305813950313,-0.648372370206967,0.11868863447456551,0
-1.0872195157427023,-0.13618034684993707,0.209465710062842,-2.2225394837482124,-1.2403722775257016,-0.8104219211550069,2.1710278545112462,-0.8905013417341565,0.21470457824468564,1.028154336003834,-0.5511465621780295,-0.7170509636088661,0.2543219848498927,-0.8666891853628437,0.6858388480821452,0.9290723617933343,0.18226866712799572,1.0367384152977233,0.8705089018568074,-0.8935941617456529,-2.187631037218426,-2.465840393537828,0.6082927498971006,-0.7411972624107592,-0.238812191819455,1.047279893238371,-0.43048812624830296,-0.3477735169845227,-0.36266960929290043,-0.7919167610175168,-0.4875885005507418,1.2189772488401376,-0.9430005824744971,0.34865154962152584,0.7671637003043661,1.173177995318456,1.6135811293327438,-0.21436860700965885,0.5744814110418899,0.29865751054658013,1.3651221182629103,-0.028983353981923574,1.4848520875886948,0.8390804592704197,-0.4183080670547863,-0.9212759757568273,-0.4204173604914352,-0.30066183809132646,-1.1846040773344004,0.06479050100049612,-0.09561956622850974,-1.455695925250604,-1.540819537230079,0.460917514432756,0.36969020771347344,-0.5231309220681776,-0.8826925040719523,0.7908701744418418,-0.8817213909905435,0.7343077767424396,1.463006308468217,0.9108692693879625,-1.2722880305732804,-0.8319335769439743,-0.48981233733727036,0.08973241817508035,0.16194936939867272,-1.0285536941468985,0.9816696443669576,0.6101405368123163,-0.13750267717204456,-0.46275636276619203,0.33526413569404817,-0.24426019199820065,0.06355437799234369,0.20461327031203136,-0.8295250443503497,2.1477798586905896,-0.6072462761261171,-0.5934073672343689,-1.103839953359069,-0.22306328579752732,1.4892805047464948,-0.9875670905424642,0.14003177345660528,1.0016435101245227,-1.3738969272547257,0.17185060535779087,0.35925511870175825,1.2826406797548964,0.12462774424538133,0.3822922835586589,-1.6043990151009448,0.7326600775356265,1.6329972465569211,1.0297309448768444,-0.28144528019490755,-0.13385707552005222,-0.0038935197352909377,1.9909513559296448,1.5135266985378606,-0.7631243764989419,-0.8683782353750988,1.1669285300542114,-0.218751427903824,0.4486961210209248,0.35464291014859234,1.4691132359512626,-1.054837218349075,0.4295498581705729,1.4730572146485188,2.2794648478743786,0.5612550014023895,-0.7455765558442911,-0.10202972947273378,-0.3264079983121746,1.1276297857629145,0.5664570058572687,0.7950854408893613,0.12764321074550558,0.3449177635605901,-0.09828698671520687,-0.11266696264751457,-1.5651557971185581,0.098811437703818,0.8265081197255759,0.6631546940451181,0.22202146529008496,0.0027603117158139998,-0.5625209589583371,-0.27055275909127047,1.1525448583738311,0.6102459285819954,-0.014213277534708448,0.9897483540843528,1.5231852533777914,0.6671482802324121,0.6358727850866057,-0.7139802139812856,0.7531776134900625,1
0.011300723988909642,-0.09617511282559767,0.9497478236368937,-0.22144348001805778,-0.9287088132409527,1.1441411973421887,0.22533695137353993,-0.7000236643863028,0.042569366023936,0.37615961693338934,-0.8420487998385628,-0.2199907017887732,-0.025070374696813075,-1.989295269989733,1.728824225608501,1.6526042161265135,0.1449173521005715,0.2501972077612497,0.2781848389973715,-0.9090556599609786,0.5392538098648334,-0.7902720678165971,-1.8648686369953216,-0.058962903079254704,-0.15902450758216669,1.6605565252786787,-0.6557901530241735,-0.21148837736155038,-0.3504030994537012,-0.5830003618619509,-0.8642955367110962,-0.6873557165663957,0.24420996316031368,-0.8291197293370213,2.282086841541913,-0.149556204146432,2.4117738702285014,-0.5923227726295637,-1.7722112057571036,0.5086824021384551,-0.6269887127874322,-0.8555535352296875,-1.6666467914065528,-0.31346783274420464,1.298934209930455,0.17590988597401466,-0.11913604164026341,-0.29420173490370505,1.4468310349523443,-0.2096462174966108,-0.9331944060535032,-0.2429413321333834,0.12967952743463393,-0.51863030612325,-2.2084451680784305,-0.30134136415426216,0.6532247603583382,-0.5278042261989558,-0.5204928349700775,0.8670127051297924,0.751811487816276,-0.3229367175080533,-0.47373583789525403,-1.5308997029180802,0.20000058428570716,-0.3536951740365495,1.8274280135151746,0.6348434941166984,1.1449139725291375,-0.9343123335606018,0.3847771453791864,0.04640580953121681,-0.529582023302656,-0.3923562897717073,-2.0108127445771573,1.2062141026517894,-1.6906232272761172,0.09714208951136369,0.6377715894351834,1.2509381341019525,1.6552526612685663,0.6512547915654541,0.33926678141365085,1.5586591050704384,-0.40843500082115775,-0.6255945300522369,0.055708679862835876,-0.8169373031844581,-0.7641864350635907,0.4495246227711994,-0.05943623465650882,-0.603557906680528,0.08279247236499931,0.3867342175783297,-0.5304576575843013,0.5553724809185541,-0.11496702325729297,0.7559824245765142,0.21904949987601868,-1.889514331444021,0.6039176382892534,0.6243262986503066,-1.1479052444997835,-0.4140535792618601,-0.45334082856108315,-0.6965314757199494,-1.385140366426447,0.7275737791363948,0.5096053155892714,0.8861280343382851,-0.14455635389332264,1.167204377904716,-1.479627595603042,0.4131276882391613,0.9895726383469684,-0.9224916332622927,-0.4291690762094453,-1.3434648352395697,0.7668594007897575,-0.8784306084469173,0.0025630469251254552,-0.45024910361190695,-0.9402863231877561,-0.312159300373068,0.31705278848005225,0.09819799271600124,-1.310138405769046,0.38850263982860095,0.3407003766291722,1.0704888820773557,-1.1113565124660572,1.0493676905666645,-0.7983350999557113,-1.4335615102521568,0.5928915758166076,0.6163472893904621,0.8753741258242803,-0.8117881669490009,-0.7885363215754989,-0.5544063738208356,0
-0.14522509302150194,0.8436981909389415,-1.0323871348687794,0.3754434146162055,0.28300998032540914,-0.45411302655879704,0.7671384199738988,1.1987631143898791,1.1076174303952744,-0.1621165378603644,0.4915036801626748,-0.26931673462225436,-0.3074450667943157,-0.24176377861236614,-1.073230550496735,-1.177968142416937,-0.9570391358607708,0.4354686098645722,0.8471853529534806,-1.5821818515302233,-0.7466544725023534,-1.5525707185320847,-0.15674369220741788,0.08715945759582731,-0.07801881841819264,1.4967937512665472,-1.2232953621966738,-1.4367253253001027,-0.8372136501236487,-0.3967838801576909,1.3792483565934828,0.5649318009641651,-0.1430032663865944,1.0840772339846054,-0.14847226911086486,-0.46687562696420803,0.15553029013941422,-1.2145830602205285,-0.9107584908497546,1.58931288086936,0.4845541243264012,0.6920916337150272,-0.4020832673243828,-0.17533286047451418,1.4240846178067899,-0.9006335483921397,0.242940165245398,1.063158346496762,-0.985080794130362,-0.8040280464629916,-0.7194153866177277,-0.03661854276598596,-0.1475970916205608,-0.6638711590435687,0.21458637893517257,-0.3741907483823994,-0.3039303723070519,1.1241547424285434,0.1465214314209101,0.5394489204695583,0.17376291116852283,-0.6602659875103413,-0.02912306277116285,-0.7301960260921827,0.030955379480384553,1.0208458647771503,-1.228957114244358,-0.6256659599855079,0.7911392318921341,-0.30573191204350825,-0.9788385530714709,-1.4242932052838528,-0.4075337958512417,0.08188908350051363,0.7649894779105972,1.0537244947562365,-0.3286355189279666,0.4388349358561221,0.30288223599578173,-0.011938494514137114,1.4875768836649454,-3.1590479534889355,-1.9265223346169944,-0.32739736983458506,0.4117954708321541,1.8486402770259553,-0.03035492452374327,0.415633878484222,-0.019758843662545066,0.8783930002051049,-0.7148226530952377,-0.07085124385451358,-1.2232329831860378,-0.5958601351516439,-1.0763469708048041,-0.5947411746568733,-0.23473683694486183,0.26418006213215917,1.9718324893292545,1.031246648642345,0.4784591257197812,-1.9252987700125646,-0.9723813242589682,0.07024622045569075,1.2180891540700811,-0.2241327819101964,0.4809150897613045,-1.3006927533823618,-0.8846187816565856,-0.2626129904312882,-2.030985636676865,0.6018916813288961,0.9476875192637783,0.7215532351700634,-1.6325797447672639,-0.12263943651987683,-0.8560390576412638,-0.6451063888059803,-2.691718819602988,0.6966391962538814,1.194759977080869,-2.4734006701909568,-1.1540870962057432,0.35363542294949973,-0.13420422052731676,-0.032623361972909395,-0.5515700664018129,0.5928695089938267,-1.272669658691198,0.7229200847390741,-0.007876935826266588,-0.10790830333340083,1.7186091995784871,0.07164231712657285,0.0158912334860212,-0.49463946036503215,-0.40111840614375194,1.543616467789269,1.3519693181844443,-0.18142646511969276,0
2.131825265030714,-0.5268785084555935,0.5181732456446483,0.3857520806282104,-0.6767388207046144,0.3978247080657218,-0.7589469891009714,1.2693319093868485,0.26421956406991476,-0.15643276596850647,-0.2099426582278737,0.407468371574677,-2.1307738322644796,0.73621086302815,-0.29421050317182196,-0.9680566967778013,-0.6578381858156338,0.32869251220510876,-0.6892355894170279,-0.3809407557356079,1.727253969113951,-0.8562176837652077,-1.6348687605549246,-0.41482630774695733,-0.8675617374579002,1.1591686366065002,-0.8196892332875279,-1.2158879353715972,0.9746336122000189,-0.4931206999809066,1.4323915489410022,-0.5395736781149232,-1.8479136819136583,-1.1961628503884452,-2.5649679662518494,-2.7215891252796487,-0.015332820803261966,0.6662951546226803,1.1642006556405138,0.18780446678298854,0.9387886600438948,-0.5308154413331396,0.49911069478533404,-1.9187599155757906,-0.45540552465982553,1.1768531881082325,-0.5623186966708238,-0.2227248903248274,1.2367498531694276,0.3538635062070149,-1.5166959825105308,1.0408823856954887,1.2285723634709171,-0.996729261528248,1.30972577535206,0.2208530795282737,0.0778929947950757,-1.5445254470157843,0.9035729810929559,0.6182893697861138,0.7920019947488383,0.6059541752993655,0.18244510799037775,-0.5666219252722111,1.1260103118367193,-1.9705555593225266,1.3308431738200788,0.19414212724949942,-1.1927498167159414,-0.7615036164771334,-0.4387368175470833,1.4761819425965559,-0.20909579857854627,0.6374501923900119,1.478497404302367,0.49733162063945774,-0.5652928912839321,-0.18750483036282292,-1.0151702050604308,-0.3164089717496806,-1.2265867902471577,-1.044193475994095,0.4788679279292188,-0.8028269713752787,-0.00010974764489346749,-1.2268872407837632,1.2211304676926136,0.11842408414800787,1.3002737782003642,-0.16939402273602014,-0.8854241909929931,-0.6288883019593202,-0.23892698344161917,0.3101791798508135,-0.3777123471821022,0.23125630570826325,-0.665763183445759,-0.37830563098927183,1.4395062768285145,-0.5166350966972383,-1.0640556334646485,0.7614235903752722,-2.7100357206274275,1.6120278841026159,-0.16170779608162172,0.0923585140651845,-0.8017052081289906,0.6554814872724317,-0.7049238089828433,0.2804096457049154,0.8687870172077322,1.033610382228738,0.5026638664322773,-0.29180361842335073,2.399537409768137,-0.6291753296717585,0.12718865682360578,-1.7336856012789015,-0.33507021781284746,-0.3948385506954319,-0.26260969324664696,-0.5483127238728464,0.16227085906046135,1.2811280277383505,-1.8740780752149002,1.9224517312649712,0.46053734760625076,0.2508176210165092,-0.8173927954426302,0.6409420062179246,-0.29272604825828136,1.0048991402028247,1.1513245752519834,-0.3482244483559173,-0.8574351047509359,-0.819267803838566,-0.20408716228660095,0.8384909070232409,-0.10838220224884176,-1.6777955389399133,0
-1.5737098689493014,-0.03340404906593184,0.5936112234846669,-0.6477389752209997,-1.3893799967357727,0.9305875112334777,-2.1295237081556824,1.1028977202872872,1.2324801690019145,1.1819971546959314,0.5833575423668579,0.6174214067307824,0.8934127626654255,0.5832531283231911,-1.1606398959616946,0.043575217833190544,-0.7948218943543952,0.7301442032523018,-0.16629847211996254,-1.1496805511049546,1.2481477559046172,2.1755862424145027,-0.8236733819805451,-0.9477972014177339,-1.2425477438491173,-1.7642828346009993,0.43403906613179616,0.3072948483443693,-0.86618293339097,0.3492416279608527,-1.1480916218692645,0.7158972395954066,1.2230206665180654,0.5113588518766686,0.2950789407290347,-0.2405816925605816,0.6938364550076879,2.0193603936338502,0.17234266365811446,-0.6278775110839625,-0.5504832986855746,-0.058403940012357144,0.8312344605222917,1.2779598509709027,0.20733394306189679,0.3288552334218011,-0.3173357111086415,0.27460773998373533,-0.07952626560361596,0.11655437837168245,-0.731184537793732,-0.5215674714806775,0.8793804180180826,-1.3829173726918031,0.25470664912454255,0.6519904112658583,-0.6206614402060077,-1.097916612580787,-1.2860831838159292,0.006283088337130356,1.0015298910157355,0.861253892856878,2.400356612095882,0.7456763075342773,-0.8867256435008981,-1.0074856635284077,0.12258305069154814,-1.280785039430584,-1.2889051578221637,-0.7145810448730997,0.062268274885578026,-0.6373186689643574,0.19502282387591466,-0.3676062682847007,-1.722497321009199,1.2293617960789904,1.0564861087692572,1.6863449799619847,0.7490960227596599,0.01580729132617947,-0.2685871990874368,1.0667149230367632,-0.07314564610929811,0.5284018593499678,-0.6122428226655605,0.40881414994292,0.7139354156957727,0.46054902681080495,-0.1642117308922824,-0.30463667277306766,0.8724499521049127,0.3947873725107905,-0.052319132155988886,0.9422245800750367,-0.9938867901411813,-1.4310887043331948,1.6771117102653192,-1.6806525838839328,1.1544931099683604,0.9545129976812443,0.9387728515930179,0.5095000261526943,0.2813698061048682,-0.2830428387661492,1.0489399370609394,-0.3746377925367866,-1.5918696882392358,-0.5085538032508056,-0.48447664042531396,0.6500385294415495,0.33841939664127485,-1.7788345629074238,-2.1622586819114518,0.3794713200563815,-1.3519553096314447,0.45867169601617347,-0.7967314652273433,-1.2711240128729109,2.1298903833531155,-0.29332624464875107,0.9120930027365727,-2.2669164864908065,0.30786869407468653,-1.1698945167831674,0.8159142139689345,-0.6924550451959157,-1.1753663092438575,-1.2104293074093044,0.6187663349073125,-1.5777954821557538,-0.8407237947435612,1.0168429390877327,0.5205800164583573,1.2187209031685642,-0.22435357625705277,1.5294805889588572,-0.4587197771077562,0.8119510232751415,-0.6235788076513241,-1.0869625865390455,0
-0.2496384688209059,0.2142445172169092,-1.752779710518071,0.2688832430560679,-0.5617369727332641,0.6073105629757016,-0.2150252430700516,0.5865615445162607,0.4818026182916245,0.1668463738718079,-0.15311920670664222,1.1386392761975546,-0.07012343565342002,-1.0326592750359926,-1.2685639272534521,0.6174714343931456,0.3352300655557964,1.2850801556614315,1.5292256024169417,0.4473457457812149,-0.7190475969866551,0.5549511750294063,1.0641566279812213,-1.3658097208994984,-0.3559043643475748,-2.8175988285507776,0.5441512824763947,1.5536406194431127,0.7595711898807117,-1.6640731402073112,-1.0698686930377983,0.12640344108338952,0.638864968171591,1.4489806683853137,0.35271284612545356,-1.3871033009385214,-0.29229403830688905,-0.3943240722503146,0.2045670435078736,0.6919891638704473,-1.5135009847062233,0.39299631981646277,-1.4792590476605372,0.10001654363500721,1.5684002576939644,0.14892670755805743,-1.4926364317999061,0.8774016418635671,-0.9912992064543286,1.3405313621634758,-0.7202098768220434,-1.242606975879191,1.7387409623744934,-0.02227989958348015,-0.342538262989075,0.16844967790393145,-1.3331546424844658,0.2274182644975655,0.4493678917147188,-2.0438180788355074,1.0861391030223673,-0.6591744451772394,-0.10434223982717253,-0.453428370074505,1.1924408848397476,0.18325116606495573,0.058493013993919624,-0.0010064151065490338,0.2983310655800002,0.8178904180292732,0.7658060454404576,0.06816726584601153,0.6939495230368993,0.3181505897585357,-2.1741042762808487,-1.7457550762053582,0.9651260889318366,0.09672203165936619,-0.20449744943628317,-0.7523138221796712,0.7657562628568966,-0.3454154556850185,-2.273965644746011,-2.132121334811645,0.239958059306479,-0.8880152416919286,-1.204225696852213,-0.10308323210495049,0.3877374249950071,1.2113205259864688,0.010037365613484952,0.7186988355224979,-1.4612638541412712,1.258262101446296,-2.1108836703855256,0.3880170945928216,-0.6787306303602516,-0.2656922760860137,-0.46456490863376876,-0.4298992426474626,-0.2943150801119636,1.667601410366839,1.097790700898014,0.6084147501619515,-0.3124359455984934,0.3049044365509912,-0.6842184068697407,0.34683743199500394,-0.0995624757613236,0.49256360576918456,-0.4630446171928494,0.9818820214125328,0.05044256246669084,-0.19091306278729825,0.7601025344900788,1.6100835778473694,0.017351487450867703,-0.18597763588135827,0.4116587424300261,-0.46465233145716817,-1.099511703711989,-0.6666857007252933,1.2849352710566186,-0.4980742266468148,0.24481071854956038,-1.6626103448194203,-1.112283472697023,1.0588545754362535,0.4411857568467989,0.13839039999997574,-1.2958091282504127,0.17398243974034558,0.11355409455776082,0.032534415760436836,-0.7768613914427338,0.7254900291536195,-0.7835290847581818,-0.2507393976979724,-2.051850115200918,-0.05721012522148149,0
-1.1663129236441396,0.180981618068938,0.04230020381685852,0.0012078235161360148,-1.1715708622177716,-1.4713353431959932,-0.0661632408968669,-1.7242164442691237,1.2373975578698808,0.2815088494860253,0.841939155577117,0.958863343810554,0.3288765002943747,-0.0793107918621762,-0.11014489465401799,1.2761769302131531,-0.5576154023298089,-0.14132652481962982,-0.9630115338886837,-0.6197419930844739,-0.44876353832712895,-0.17699200041217517,-0.14822435106436097,0.09953162300094452,0.29216944546843476,0.14630764382374548,1.4982808651684356,-0.051730417258777084,0.0589530553618345,0.678658171801166,-1.1607724868443556,-0.2220011452889423,0.3696783865068461,0.44923615526467364,-0.43932068129779017,0.253346048867475,-1.3504628170614899,1.0604604214876991,0.4876796892723451,-0.013764092857632144,0.26608874686070483,-0.6946995581094045,1.3131523345276588,1.7469687889547492,-1.5703860567403527,0.6498643427078452,0.7376070909759037,0.4685446902893537,-0.9173343968077753,-0.5551732701434758,-2.228383887073003,-1.1153888860656633,1.8675925666668627,-1.42133135899133,1.2460254995367621,0.4331561820925389,-0.3340573560473241,-0.09810774535261002,1.1300808832832459,-1.1931938404237532,-0.42606202363886386,0.6963965185225248,-0.5033378240112206,1.682355856608708,0.5343000866459997,-0.8479040594465646,0.5524234322170856,-0.30458540988951116,-1.3501633281683119,1.2424439925639892,-1.5528309481405203,1.05821012646502,-0.3119934261384878,1.6229306300230621,0.380925966250272,0.43292558443646567,0.028201366051691542,-0.5420548293759445,0.6692122949636014,-0.2611905222762401,-0.4608216975985832,-0.3805270868933921,-0.122808132066994,0.9169522575203918,-0.7270804328891778,-1.0278059385772524,0.28019434299360474,-0.05543118889497048,-0.017610658030445193,0.9682629424945624,-0.3823389280919906,0.5353494646018474,1.4974333577245238,0.14332514383488706,0.07823176005640622,-1.2742072890718674,1.1971243934496938,-0.6514515078361875,0.5615979977575711,1.1406460908958327,1.5391253938616671,-2.2644067876054854,-0.10828140714032643,1.4457400936393718,0.44939022962403263,-0.42267131813883974,-0.45065734514092765,-0.3495289936025901,1.5011357425206888,-1.8699961673176073,-0.35462156308715126,0.3489665688983277,-0.42950569054718424,1.4251512041323586,-0.6900522537746901,0.48137839293688184,-0.20068999042093447,-0.7489308007686857,-0.5324500064449657,0.6316559248988786,0.19977893265532973,-0.9828191376902486,1.6752061274334995,0.29456378660354915,-1.337956776667621,-1.2145307111210306,-0.6096585147184684,1.9758720181851623,-0.3414800106863719,-0.08496484603541135,-0.32270390995227893,-1.3146759635079828,-1.4591347325300172,-1.1083692303858725,0.08326414642123824,-0.4585600817630807,-0.3312683454682529,0.6005909509228468,1.0581606647799033,-1.1954746867534736,0
-1.1403944505274544,-1.2108255276632394,-1.5490065075363444,0.5179505551428744,-0.6098578837799875,-1.178402957199762,-0.4491735814025544,-0.3855052968942996,0.6420029450515334,0.531983684729298,-0.9945065347721466,-0.0003524753450716882,-0.731777692442073,-0.5575270560944445,-2.152168567551392,-1.4612559497992201,-1.4306430271119965,-0.3778872089682883,-0.36637937399965953,0.3507381405960777,0.32048323833764425,0.21109475134686548,1.32193876644718,-1.0958635449453087,-0.6692891015996746,1.2652175835662944,-0.3587119083079429,-0.027512142883552054,0.13034937177315387,-1.473075301521599,-0.7837594202622037,-0.8523715947384726,1.3655528963997192,-1.3107580464780044,-1.0614927357826638,0.09296355836430366,-1.1724005524695418,-0.09154585659571697,0.9157154329216991,-0.15933566259409412,0.02192370414120164,0.00036914336245517183,-1.128692817102847,-0.402607279365579,-0.2600359931841482,0.3035888129699307,-2.0490552110198563,1.4792664887031424,0.8902472696889271,0.3748038261292394,-0.1542097301021903,-1.5365512023225352,-0.1044264935549736,0.39583643407556174,-1.3271442496291987,0.7737926326718029,-1.7703922433385362,1.8032719827773853,0.0568491541769308,-0.11519802539454581,0.4638339043609596,-1.26365550471501,1.372590324778105,0.7453672642914726,1.306576070686695,-0.06256445277124267,-1.6181127952439567,-1.3844153697641264,1.0384096825160127,-0.15842599965489298,0.7653178793429036,1.4218126799588413,1.0137513713091941,0.7876943986462795,-0.5597804456815492,2.1980438786609136,-0.9463949366957748,0.8145679168902478,0.3367226598506707,0.5592733233206472,-1.3191882082049147,1.8883681766148577,-2.3215913968752617,-2.5038028028448465,-1.8049510992821967,1.047216218325062,-1.8826984008911147,-0.8945959107913372,-0.023080157269282853,0.47038086313970184,-0.4494361205352941,1.5722834367970349,-0.459918237383255,0.877316471648993,1.625567364347214,-0.20453281499082024,-0.7922609881019048,-1.2532051195574387,0.18069714668427117,0.9968509336061597,0.02390773817791154,-0.17661700400415437,-2.0946688584313153,0.1460090813983137,-0.3211118107682067,-0.07635226157666747,-0.4473143797960576,1.4170250230932426,0.18689859975509557,0.09866987167757953,1.2519341108661928,0.25215697775557905,0.9595406260570131,0.814470965290091,0.52551681380464,-0.2913822165030858,0.2825948923691227,0.3076943738404697,1.9546741687378122,-0.09388385462340107,0.3944441270161438,-0.3555414103878412,-0.2413449481757538,-0.3508239649391894,-1.1235347550385748,0.3870189196131218,-0.5291350112718523,0.9525950921548197,1.1432063576984581,-0.14493662593185497,0.6919560198083906,-2.4172874093429013,-0.09023545013172461,-0.31153868948878455,1.1304140713165882,-0.44750744749970567,0.9364602091813772,0.8322415886398625,-2.141502549086809,0.3170424982892528,0
1.6777677870214553,0.6897388760714327,-0.08346259753524048,-1.138493260633872,-0.9151456115955038,0.8907901099278279,-2.5977790284774454,0.5169806559145655,0.1332732273403972,-0.17819480496765178,0.10127584334650115,-0.8901634577805956,0.9016413027596284,-0.044455582752422076,0.38663438890588914,-1.187272800856751,-0.7506227272456205,0.29046463984948123,2.09439873014734,0.5419384973278228,1.7055717532780628,2.160819182145828,-0.20219745084829627,1.2840845901523639,0.019908404403376056,-0.7181426303118188,1.2921896110979731,-0.003189944170106087,-0.21461733581198217,1.0832314204754618,-0.5210484953763481,-0.4754106515813193,0.745798732110632,0.6589015942274185,0.35024324042582483,0.6603131959615092,1.3887894061393178,-0.6787670589777709,0.8916290276380964,0.7782793166419528,3.0826313105146452,1.400857979482218,-0.3460132711734724,0.4470012038294394,0.30409095064572045,2.382607913303798,0.9255910258338463,-0.20214727586264142,-0.13429593746292853,-0.42640995628002404,-0.3544878076194107,1.7096036594576716,-0.03400197949145646,1.481147437217966,0.3866033055773286,-0.9896916325762287,-0.952373059704141,-0.4620609250581283,1.0716997747789807,0.3527649181309901,-1.7752904166451422,-0.5828757590334688,0.0801718224803695,0.19208313541812894,-1.5029294258424817,-0.8905914928544972,-0.11370185579984038,-1.1357890671082247,-1.1944914426676954,-0.3018381046217316,0.959111191604612,0.14589036018855847,-0.7836037379013877,0.17421364425759533,-0.5972958478791438,0.4973747691134057,-0.8583441242300871,-0.6518433468187268,0.005136256395121902,0.6823575148019994,0.8151137188515833,0.6386728282509709,2.092170080171218,0.32244303243126754,0.35940991425249214,-0.12661123471567257,-0.7725448177219593,-0.03604762804258426,-0.008917625299209262,-0.187301902382105,-0.2370050608053078,1.4147614051024813,-1.1150491751165774,-0.6020149756435615,-0.7197513859917074,1.0556826490115199,1.1866694600943009,-0.15443497581177665,-0.7093265818698553,-0.17028707368788534,1.6285191400181642,-1.853074681378996,0.041911649849534396,-0.25052917520108814,-0.7684485383375417,0.4547525923377461,-0.10906502120381963,-0.9233234046976633,1.7445769507148063,-1.038630313721916,0.04381343177792697,0.08047288909624215,0.541168354333591,-0.30928195366393224,-0.6853515663436095,1.116567612277918,-0.7279671763840916,-1.97894914808072,-0.17683928311507022,1.196115783999129,0.335231347793351,-0.8434343830741486,0.482756954821591,-0.16712779430681904,-0.01734253019879546,-0.9797430485056331,0.4742396073657017,0.2874524223382681,-0.8402575562202941,1.0511728385987773,0.14743090442191853,1.2293034098490767,-1.0271194509239652,1.0431350225563112,0.0458468808077459,0.1936835637453606,1.6015302797556366,0.18234907929925506,-0.11407272517675424,0.20112813799225934,0
0.8073960896167416,-0.4366914162008197,-1.11415942604141,-0.744666274721823,-0.13343605113424795,-0.5487922888843186,-0.3639731452820063,0.5892932246488328,0.4207314811988694,-1.4830797689599236,0.19322595214998464,1.4231257221352993,-0.14280275088581315,-0.6239504246600419,2.204910938256573,0.22939865204523036,-0.0610837111922645,0.6762061813592529,-0.499747966104084,-0.4355128115184818,-0.06088402871588129,1.1455393802105232,1.3768703142790815,-0.22709809446692697,-1.0583808349668904,-0.21317259099525473,-0.29757231773549486,-0.7084803960534594,0.6486120102582695,1.4977813960598652,1.2814920652897903,-0.08120458898753555,-0.9490457364995246,1.000617209002577,-0.624789489946599,-1.5759748907892157,1.3719784757660813,-0.8198311137586661,0.9154810570070947,-0.4037723166061876,-1.2464655796452275,-0.7769459395693713,-3.532092595420914,-1.264553839982177,0.6867568250570698,-0.33259109462136555,0.06514143568091268,0.77361666598619,1.3205671150649125,1.1051204456983614,1.0153385188258823,-1.1917659562985714,-1.4930023282200615,-1.822645638465695,0.15796791558888804,1.0325117689617127,0.12258468785201612,0.23116955660417676,1.7922310659223872,0.4599019868495264,-0.44529094778700734,-2.0153642005684933,1.2658879090785204,-0.20096117931726787,0.5570086418576053,-1.8941425009737807,0.6520235619862328,-0.10514057949186631,-2.049762328070216,-1.227338225260975,-0.9151938382848088,-0.7932809885898262,-1.2322594683266574,-0.20961557868652983,0.6759599567140891,0.5092088784372035,-0.3745984636729126,0.673663176204079,2.7212021726205817,0.1644573300683828,-1.2441863545925331,0.042438241579012874,0.12808087733441198,-1.5332400553349936,0.5803769736277097,-0.49464217380572695,0.9934996913662754,-0.06058316029950949,-0.07416900866435017,1.000754149451663,-0.5874211965739218,-1.2322578290075032,-0.044040911180597477,-1.6117910685019607,-0.8954605781393695,1.0945189238333857,-0.5681785164027614,0.285299165802596,-2.3700083533423855,0.6912615931352845,-0.8740399119322576,-0.6075268324858574,0.9489367318788041,0.18711069456076254,-0.1379750613148745,0.1203559943201992,0.5829532248904653,-0.11085526969867134,0.1692632175363954,-1.333284444928531,-0.8996752257642133,-0.8034295279579523,-1.3718504022895324,0.268223846050514,0.924320475358404,0.3006346372445676,0.5851651927699938,0.8267970627453707,-0.28272649371231234,-0.42502719700069647,1.212445397782052,-1.266306405549853,0.31742533487769287,0.21949833408191788,-1.0573258028138293,1.2462709400530387,1.334929101188072,0.8965270566449127,0.2733791092622327,-0.27340339246265133,0.15388301010141278,1.6981972375527943,0.17542042351613563,-0.19960360942321181,-1.0723799295910665,-0.4976996546385296,-0.40899901176384756,0.3295004485428584,1.4333463971223104,0.7251244228319225,0
-0.7234155541504859,-0.4625532109106597,-0.8113299078788709,0.913177947206516,1.3926366755629442,0.4450621933374885,0.0822715230409921,-1.0416472174283113,-0.5700184282019254,0.4285687100956811,-0.1743363695978113,-0.4668297568803193,-0.4884489532740371,0.5861951101024616,0.27511606345640416,-1.6630927539295708,-0.47670522981552055,0.4653103309857679,-1.0079140485355236,-0.9574887648085373,1.3650399462452336,2.303463865308026,0.8380762653652426,-0.27816636097972824,0.13484384799751745,1.604929309725497,-1.5976326520476567,0.7879420240413566,1.0949076936217241,0.4363878523089118,-1.0669695373210728,0.4186866407654099,1.7189423512609188,0.4259371598374363,-0.23672120946292438,1.6584818765160492,-0.19326445010388793,-0.7715457623598243,0.6464740695506458,-0.4778562131988741,-1.9663250478410923,-0.3573620302179197,-0.1352504500708247,1.3337546663607218,-0.8283223319389071,1.1498720992221243,0.19264518191022328,-1.4889125054451873,-1.1126294552194833,0.8884110982097898,-0.503113058956088,-0.5873327173743458,-0.4895306754133493,0.9012993783380808,-0.3923533693950105,7.620049778976143e-05,0.1554960279255622,-1.6403957144615857,0.8297756494470576,-0.33444654494449655,1.6754947590280216,0.2706376266469432,0.31458015687249424,0.07728257129925185,-1.6747155025111435,-0.19400407507755782,-0.17542008655528019,-0.5829052888694872,-0.007075900184683562,-0.7034304985675277,-0.21237878058133913,0.11644513472174485,0.598418068608523,0.19911868138723982,0.18021381502043612,1.243472308547786,0.6115555152859027,-0.6263162762649439,-0.3618809028388631,-1.8920019443347529,1.2760246256487149,-0.35106689143588266,-0.8757772685554465,-0.5166049840898393,0.6932143196001009,0.15319561954132518,-1.3357233000621571,-1.4588112967829505,1.3781608802669332,-0.779808306107595,-0.39429541624660663,0.5237940134083274,-1.2193240836555694,-0.7352657468913316,-0.9136335559149558,1.0803482186663587,0.1206550536304098,-0.037442585023610794,-0.8069957467978065,2.4858595973731226,-0.7426548295439357,-1.3379557715171053,-0.5324347979936294,-0.5568962019084405,-0.20625282684330534,0.8651894027527974,1.77995355217519,1.486164917752184,-2.04281867226718,0.05953259440143284,0.23051508187909914,-0.07826582342540156,0.30512153179945706,1.2221775047804895,-0.12123239654205496,-0.8666147673644716,0.04108071656569695,-2.7685046829627638,1.0674277041866467,-0.4870490783624936,0.8967377273035119,0.022727844741433804,-0.09896549145197696,0.6518393414476429,0.779796402883805,-0.6658223645634007,-0.3166005100898576,0.02386126601366932,0.6482475170754575,-0.4446458532607804,-0.8222462355840465,2.3467079596622726,-0.6430584307510061,-0.15763430626816555,0.8281085419567874,0.03573004786089966,-1.310818586927323,1.410483223873938,0.7250325394769715,1.5573494428955488,0
-1.3417793888944416,-0.5456182942973816,1.215278586723349,-1.7296138969567265,-0.9741109306256109,2.0376944553889476,0.15634081616098913,-0.003845791885859501,-0.7874936837644327,1.343743444684913,0.841801213909626,0.12553763599829618,1.5727833823881834,-1.4506148725653683,0.3169608418371854,-0.702266823909614,2.3152403096792393,0.18749530758550445,-1.5459621791174336,-0.28558294059557343,-1.0944344846549234,0.6181146944237349,0.5793475246308912,-0.8618255758189274,-0.28749694214723776,-0.8829391450082327,0.23499299912408683,-0.7744191323475315,-0.1611563330954455,0.33927143275310745,0.10605200519887133,-0.35047477796614424,0.3595924330183517,-2.0526632467315205,-0.21486470844698383,-0.716792053481823,-0.43116264873012544,0.7695718793058516,1.2480605468742192,0.8174204629683188,0.9741926639182666,-0.7996156145431331,-2.058824824747361,0.32451923096322205,-0.7358212083608627,-0.8476685785744577,-0.848461990648103,-1.3858398631989057,0.592401265631357,0.8105259986905462,-1.546317986565364,1.0505660086461592,-0.3463855641204798,0.7339496794088715,-1.1105703913244158,1.6979445610036281,-0.8953521938262382,-0.39291199243763847,-0.31404755051576405,-0.2870469296918952,0.5070216260337591,-1.971635062370376,-0.5863798998043104,0.7760226067088919,-0.5215116985525317,-1.6688575504335106,-0.8897851410125044,1.224312322793433,0.049703871182983264,-0.048880831596582505,-1.2058526489766679,0.9061688780250866,0.4470912371820701,-0.34912322475250834,0.858166346251826,-1.117193942442173,0.7644660959145736,-0.5021752947324248,-0.1466564855755271,-1.2306357935841934,-0.30953893489134604,-1.236311083903108,-0.6658485764130619,-1.0510546926997575,1.126620436976949,-0.03193857643471689,0.20081495308716954,-0.0469893067413933,0.12017630691856206,-0.4322252084320346,1.5179122445450939,-1.3087122946160965,0.18731012731517294,0.4014262855221526,-0.5970973796561707,0.7287379785295905,-0.3456548330197972,-1.8028911909730385,-0.037924442446945525,-0.44217035624828044,-0.6992015545870481,1.3902340943062903,-1.2653874291899954,0.7098676616959645,1.936782518172446,2.539286742605222,2.0806927047041093,-0.4016222755971171,0.1440244794286034,-0.711579486347969,1.2042712981960495,1.7180269563803348,-0.8286086717751693,1.2919261417768966,0.9490967540111348,1.2080702684087608,-0.045111676991377636,-1.2447247383918716,-0.05721126746702056,1.3511355009373451,0.5169020268437422,0.007656340990335922,0.8063406581300515,-0.9839115388852498,0.32324422311297896,0.09571665485921686,-0.9352333864252871,0.16330283568350196,-0.772019475597665,-1.5532203373304665,1.0598250984675401,-0.8321141059667735,-0.10939954353052918,1.2983572556133878,-1.7450170319203588,1.5890384235282773,-1.0313460845445315,-0.5335589496684165,0.8275393596658636,-0.29595351668626974,0
-0.37273053403319556,1.3566828807354367,0.5083685545075987,0.44913804540040747,-0.0669704355618009,0.0952660657293702,-1.5366993904073785,-0.04911136271262851,1.3328307847598126,-1.3752717758596498,0.7286204185670728,0.0822818635641092,-0.9535057963929716,-2.0849274162279254,0.9440791152921081,0.9858567169101844,-1.6535893623295208,-0.33547003936711045,0.6903634048451082,1.515823454837636,1.3662495558114498,-0.2061802205163642,0.36229944662505625,0.09309911831158275,0.18385116272847427,1.2575553471429257,0.33022880245370767,2.196278589349344,1.9720250882780155,-0.5645376187583769,-0.7543808815887667,-0.9495387247156498,0.40678945895003443,-1.344579682287456,-0.5625875088345327,-0.6391042344960698,2.4919104386217197,-0.5507992871091865,-1.8998224268589952,-0.05478427661568144,-0.8627178732550531,0.5657296679322518,-0.14443110407682452,0.1916068035808583,-1.6256075686485905,-0.26160848027855543,1.1836681985280009,-0.46674888104914947,0.06677493428112517,0.35205180742421965,-0.6335100558949506,-1.1796614887425605,2.5485630712725227,0.6453371010940627,-0.12389333220638254,1.3394414314029257,0.23737439163850194,0.7496354147104161,0.6079945737450566,0.9956967904907279,-1.095606918173778,-0.13560974361239028,0.9300299826484828,-0.0012447758567621084,-0.9138598277714551,-0.23448044309086635,0.03411568461127468,-1.5364250289330112,1.5857834317611834,-1.2107059919613636,1.1819668337988527,1.5900633423893056,-0.8192431886815467,0.7911093178385135,0.6999850283786805,-0.0696159947424784,1.4400012407862337,0.6486963359196616,0.42289748647280134,1.6796474264464192,0.7700197913393826,0.034187104838340227,-1.1092308394448207,-0.0015576695559646758,-1.4925445838708697,1.271039877992261,-0.13138521061056105,-0.3866588734273425,0.9603496648311958,-0.11875345952358485,1.6233362055279286,-0.6395240076769122,-0.3892307991042469,0.6931428195538003,2.436705946562748,0.22493493156011424,-1.096769923756364,-2.232618575096788,0.9170310931517601,-0.6881439775671709,0.2672601610383835,-1.385232658540368,1.9196601050784567,-1.574404631146752,-2.10870107114616,0.7817491412054578,-1.7259338069207544,0.8030410068231237,0.12265063717589281,-2.1348071157799406,1.2965442986905436,-0.3077562258084259,-0.5249882916198234,0.2431820217429136,-0.024797343507263637,-0.4751640056170291,-1.1209498942637632,-0.37360147779925146,-1.084902984763962,-0.527523948922487,0.6509026291041046,-1.1873312268073364,-0.32934606503420255,-0.04406232640129429,-0.25885903215229566,-0.614892085930295,0.2813912017688461,0.8234715950580124,2.3023025737773346,0.7399747938232828,-1.482895457923135,0.6499230768428101,-0.9587370752423364,0.1448659778859128,-0.19900980247754033,-0.4153006401136244,0.8835862711499332,-0.6909312702360979,1.7052306246609665,-0.6111562173569874,0
1.0428022719969705,0.4100535889085374,1.0835477646080005,-0.14613370297750042,0.8081081111296987,0.6023464134208045,-0.7905929633434368,-0.8968208171648622,0.53215618332322,0.40707215640703376,-0.6171580493098426,0.5759001085114798,-0.7104035572700155,0.6012339441638345,-0.6644429587221138,-0.7592083688062452,-0.08567870597491424,-0.20821646590965087,-0.557335192881463,0.6037103309132986,0.7746302761006246,-0.9118220109793086,-0.6461440466681471,1.5242209778001414,-0.41020708394969074,1.03978369436312,-0.7204850378047474,-0.7682177735461045,-0.7106370102002589,-0.5326347500967876,0.7317602821483038,-0.7394090062749473,-0.16315697066488918,-1.1104035896877544,-0.26669154942573564,-1.0914775800545238,-0.4527912686093966,-0.8705614676735666,0.20619053957001504,-0.29649009181611596,0.23264119762065671,1.5934848931999406,-0.343855716510876,-0.2114140647494528,0.33407329926169055,1.2714228203198288,-0.1549519556900645,-2.811821861673322,-1.207247744623655,-2.246822419873992,0.5562912871426705,-0.9970748661307068,-0.8750280502571464,-1.1560912098134595,0.340166019835758,-0.007158348661670248,-1.2570426214271635,-0.19398939473980376,-1.1102478774157498,0.6107990165844382,0.33408581495874645,0.5704233595915723,-0.12003990254267222,-0.23553785557308274,0.7455423903194307,-0.4058406013882683,0.24311573861500985,0.2165012272823581,0.04617814081444787,-0.7365934345529805,-2.722500123326081,2.1295245445956312,0.3331198243296641,-0.2633536387748793,-0.16754275726608492,-1.0238857853605983,-1.4514007421639936,0.5609435303792535,0.9543973883033452,-0.8960554156669183,0.6141959088853028,0.9152372562418817,0.1106864130099524,-1.7724352585069167,-0.906572962056127,-0.38318121216940465,-0.7255587228992528,0.8484628344360272,1.4024021175928094,0.938116427461834,1.452049350102863,-0.7764056955128604,0.8160304898737146,0.7005444375434945,-0.15177729198666776,1.3488192933185936,-1.214557395488371,-1.5164015434402172,-1.9037510112185727,-0.41962617096158883,0.620042234192474,-0.7352478763961072,-0.7252160449846891,-0.3925846669628575,-1.5051432906970668,-0.192448643001132,2.3346882554412334,-1.221726911255431,0.4972049905918069,0.5486635679242884,-0.23507627636959563,0.30182150388690054,0.35780453770251874,-0.3990029915132915,-0.0038345311383872036,1.05700330169533,0.6157025921229085,-0.8738096766295179,0.33868367385665005,-0.7777930884429918,-0.5107337968075467,2.2400058947444332,1.5379191722199472,1.0709001044038022,-0.8438765539403258,0.14158866790419508,-0.43246721534697014,1.1625326437226962,-0.07136255811539809,-0.0003649390770628859,1.6859187391400978,-0.29439768279090583,-1.9281675557652864,0.4109826524636331,0.7041045654796909,0.7720663162253838,0.38245178345554814,1.2572075556602569,0.7630993046771123,0.5532406494219031,0
-0.4215217513494481,-2.539393285744003,-0.25092770675556975,2.3237345563464165,-0.2265433308094407,0.3670815123809735,-0.6842658296505064,0.864371931170787,-0.07791370356336338,0.7236806206596315,0.5776588818199224,-0.2504262599223165,0.5847464908406603,0.8611710230135214,-2.0272299386318537,-0.07022689059764715,1.1293521726752154,-0.11003452579349327,2.8157526728300586,-0.78531863365672,0.631654741084581,-0.04610282630660195,-1.6556837028007894,0.6322316625279887,0.40788186361560014,-0.15846472966122568,1.1946636314959782,-1.4640108859573076,-0.5624090343474587,-0.4887932592815703,-0.07728826970571502,1.069166430603235,0.25465771589479674,1.51375792519489,-1.4265521248882473,-1.0941643482021604,-1.8063418654053158,1.0009261742375566,-2.226035099835093,-1.3214014781052092,-0.1415207612074826,-2.4954592987162454,0.15071106383599556,1.2035155018860453,-0.4797956330776831,0.49784519030580826,1.7872084468162213,0.3904892940349352,1.1816141492356729,-0.47192348162845354,-0.41782586692323115,0.4050754922036932,0.4418481847846704,0.6579104785986936,1.019505931432437,1.0871635866408864,1.6085725650586682,1.8220376168645298,-0.2376001074255265,0.18896943688328435,0.3019245255520321,1.0252942700498588,0.05908313303940189,-0.823160618664462,0.40909608662704494,2.238861795953953,-1.2680502658423967,0.018050095101850783,0.5707262876469903,-0.8890751812708477,1.3033742995909956,-0.876481933830792,0.41420107830749214,-0.605812633170381,0.5560965000820467,-0.16813291070020664,-0.5409634844164053,1.0518728082416795,0.9909347490115333,-0.3614798372481129,1.8132193962057344,0.1257428697030776,1.0715260198652699,-0.6899302406244671,-0.5876192040419772,-0.7076594202512677,0.4061604136340304,-0.6284178893287766,0.024553530304004093,-1.278977293706095,0.020154524589930126,0.6371752374867179,-1.373512344521403,1.9247449884632537,-0.5174343169982715,0.5211216116209756,-2.187165654624527,0.23313151426529818,-0.14264333621822553,1.1580560311545405,0.34918036082455994,-0.24179466443441675,1.2257587801355474,0.15588009928852112,0.4567088152557308,-0.11665408301742604,0.23906220731224834,0.0978257713822978,0.674718438767193,-1.530132487727181,0.44906343459690284,-0.667672150751638,0.3820083541729016,-2.2206646667960817,-0.7131518939254717,-0.07123170682531281,-0.33458796126501955,-1.7494138479979293,0.05717241851486477,-0.435790584729322,-0.8220249515278751,0.6580106170817714,-2.6844050041543603,-0.7704598275622516,1.219324129566876,-0.986400705726468,-0.7825506827845858,0.8561713942282762,-0.012737418017511552,0.2785122244883149,0.28405921290181313,1.1784786538819707,0.1277525032683859,0.39243817102278,1.059487751702034,1.3821826383145053,0.37167246349913147,-1.1288192503777494,1.5637940532292982,-0.6711408358723573,1
1.2209595228696692,-0.7710155084525376,2.11318452504549,0.4948529523176859,1.276479463795418,-0.3717232213398421,0.09885165961295601,1.025285811183378,1.6796289298752696,-0.3613346619371133,0.25453650727726435,-0.9414578643878487,0.9417270692659814,0.2115195809230696,0.1367425782296138,-1.8530628152034359,0.683245621379987,-0.6816041825588904,-1.1518619365123663,-0.07886667178545423,0.513100163939913,-0.6016368933904093,-0.04520505570827295,-0.8797045412511414,0.2837478657793587,-0.15957093438195338,-0.6264520404786155,-0.5025618879917332,1.947517006984971,-0.5539505387056958,1.0457721828499045,1.3609580310005371,0.7195336521868596,0.2832557437502545,-0.8686023164280363,-0.45467663613875564,0.5047682816958617,-1.8121334674100842,0.7391461190421446,1.096041582704469,1.0178539070221224,0.17467130297346692,-0.6943276758884859,0.6213557503060266,-0.9042805663849477,0.8850054534266759,0.19333940787668139,-0.6150151789336533,1.3346983507590673,0.6459388863291172,0.5685853168393745,0.423301946438164,-0.03427603063480057,0.06176454353327437,0.21060290989878663,-1.32965336298304,-0.3936899153848506,-0.11793264486264335,-0.549971247222037,0.6313270250550981,1.5118043319981604,-0.2726958699193846,0.3265500471104424,0.055686268197019745,0.3126457177449329,0.3139764109219761,0.6486002035839613,0.7742963211970879,1.4310587800811987,0.43090981077581075,-1.2790039964172784,1.9624774325563556,2.5666427957842353,1.5825835333128646,-0.010198375757008986,0.34567415634899556,0.4992441591698235,1.4146815681999099,1.019105463220969,-0.07458419799972092,0.9542042174010925,0.44481991432093254,0.25172389490113783,0.523509751548846,0.40923067235451943,-0.34516090351795065,-0.6147306214601008,-0.0928245434220025,0.9825038479936263,0.7177993457732286,1.1186911638427626,-0.23462956751583505,-0.5074701661029902,0.34209574160333206,0.6545530591648782,-0.15127458499071517,-0.3630871693727221,0.31244192131124887,-1.4284675148530248,-1.5350310658559738,-0.05677365470918919,0.7288638923694453,-1.2542775534559725,0.034215013158456764,-0.9087489854795862,-0.9707934511681077,-0.32905385535404086,1.1215693802306697,0.9058864875662177,-2.041937143881167,-2.158333555596464,0.8232114124679737,2.056756085616711,-0.4381215733909755,-0.37936752252916484,0.8055139105815948,0.3107187188653863,0.8777638751128886,0.0896747520882579,0.6909848770150565,-0.14554388500545545,0.16156153602066184,-1.1027982730482717,1.383596663111052,0.8621891345308013,-0.564888446142289,-0.2269400859116554,-0.06763914973801978,-0.3460532641448615,-1.3579945011769394,0.20042298308729223,-1.4446169454498832,0.9801125178644886,1.2636264194998237,-0.01103818255440395,-0.1051720842180013,-1.4720208030018596,-0.3342749940632984,-1.5024965301975988,0.5927605986155653,1
-0.7244790457682257,-0.20698231099682846,-1.0004166852585727,0.3772508044485769,0.055964024570974345,-1.8384664633305068,-2.42838258182993,-0.3157538302257343,0.30338594278621817,-0.10701908938220049,0.37577706294777385,1.616302655093258,-0.2978243392099554,1.3147087817645207,-0.545837420044323,-0.38678216838352275,-0.3827629760019777,-1.0052828492565626,0.8668030288144243,0.9666331797117415,-2.0782738813678123,-0.9362408945448489,1.2573386111374587,-0.4469821228675069,0.18307118753589277,-0.43662973070468647,-1.0701132939365543,-0.05582397538141483,-1.7417733574004126,-0.4969132964396328,0.9450839720282644,-0.10973749060776077,-0.621381597976566,-0.9148248702187131,0.40727182995776146,1.1653838761415707,0.6765473435846114,-0.018146880341343232,-0.050865023079939266,-0.29669603695295366,-1.8061994341966867,-0.6623323459301353,-0.828670685853292,-0.6789477378698633,0.6169397032869464,0.1399719462909666,-0.8913142237381292,0.9357373545024145,1.791172689959171,0.6371210893572736,2.6003010171816663,0.05306027502168022,1.6814618875771823,0.7238606627451692,1.6736395500602095,-0.4812748369989306,-0.35995786106311295,0.633034631105946,-0.9460791259581188,-1.4785284384484594,-1.9482621050568127,-0.0949236354451175,1.3832470281119071,0.49882880867323215,-0.9802627374120404,-0.5245001356227825,-0.14546730408100356,-1.7909998446360014,0.267552478954944,-0.13689577628456942,0.35021194407884687,-0.36331646086290204,-0.476009680642526,-1.7811472839870084,0.934791072642107,0.0526410291004795,0.6229947017753288,-1.1575879298484533,0.8547968366519835,0.5553768158077179,-0.5518325421879648,1.2942702497809775,-1.0530948706031817,0.9551691316099582,0.458682278044308,-0.08711192256639184,0.6973542142927978,0.9240133552974181,0.47792731740578254,1.0425772368606374,-1.8206234020398875,-0.2150259484748178,-0.20916709926260404,-0.8917367041899836,0.6843808846401369,-0.044811920913876466,-0.5148552250521168,0.13738204830025835,1.3822135124127022,2.0193333660610677,1.348499911761869,-0.8854562295883414,-0.8250142356770358,-0.1108970231393284,0.3944526961561793,0.7931358341098029,0.20361795736036897,0.09930522741286657,0.6656199850971025,-0.5804236822772094,0.6849240827854718,-0.10561271172095457,0.8008152276337159,-1.8039067239921298,-0.29154171904361054,0.10448365280420978,1.3704798226527088,1.0193709543874996,-0.508174898563751,0.9658538684255736,0.8269359209624235,0.5651965139468323,-0.5526366666332533,0.6802259974363054,0.9480240678569187,0.5860541706801953,-0.65155440151731,0.6434635812887178,1.2075051894167945,0.4020870568984369,0.8347383771062105,1.7896197185130744,0.8977998264715756,-0.7273270607119834,0.13963825995631352,-0.33172328677138563,0.17332017595474167,1.7050618553466002,-0.42430268411951977,-1.2671772161245458,1
-0.12792256461504584,-0.8844478498619541,-0.14730740115408794,-0.1492818160721261,0.6197684518274539,-0.9416653511168461,1.0307698361537676,-1.1693339901917263,-1.1407142460634656,-0.24392562270522747,0.812868601427834,-1.878236851847578,0.2507495271125275,-0.0205970344977752,-0.5909225691764299,-0.6019045429863935,-0.32316092077528635,1.2651598120754841,1.9364276995892096,-0.5125008144359301,-0.170703616103572,-0.16560603661070386,0.4665869356792082,1.6684192928709336,-0.44016656995822845,0.42494179313676006,-0.04731288677381396,-1.3964383790406583,1.0150003176080393,0.6647082411625767,1.1652041240405553,-1.1227402960009334,0.41871294707953616,0.8807856818893643,0.4552408648028855,0.6235222217529099,1.385648402648078,-1.1129651311402882,0.9477267950006937,-0.023883153188294374,-1.5142035007458339,-2.25691370289019,-0.6069979202984489,1.0824981995059741,0.10347711523922241,-0.1118040328879668,0.576650585035642,0.151743311587963,-0.7287403830209004,1.0031183347098853,-1.7328882914362678,1.322608265715698,-1.6190085358447948,-0.35198145184241597,-1.297819831474112,-0.7090532714336737,-1.0520791630453628,0.8441920553530063,-0.19146511388914117,0.2687955301770405,-1.2599894106323162,-0.5852845258342776,0.9347381538747669,0.3180609620546667,-1.1113724144133967,-0.37272155302588145,0.20529156298675674,1.9085500257380785,1.1372523045126046,2.1721482037862385,0.513997497392341,-0.30346212042784776,0.7655411162679064,1.9507119570584668,-0.9787636965386665,-1.7390410143445012,-2.0644408723382193,1.7078729537478294,0.8965962720606184,0.29891396137457643,-0.5719140788584717,0.6839038195343005,0.3821868149720196,-0.09895116678351346,-0.8861892866506118,-0.5728966460612728,0.8680723789825671,-0.13732919585030515,1.4531766490893416,0.9876885202249736,-0.6424049910570319,-0.4502139997847678,0.9920738224110339,1.1658947640373487,0.23137033227567047,-0.9960785137267394,-0.23630058789664574,-0.8954047023335837,1.5025051485060636,0.14636739509513566,-0.23633115316664002,-0.6342015931605052,-2.1249058866974306,-0.4174397675754151,0.013006668798778077,-0.8892737053071403,0.7914655819641877,-1.1809374556214587,0.17414025012525214,0.5578049407569885,-0.2261338136473389,-1.0456265567648393,-0.13162671073569368,-1.065412238971214,-0.12195813159188562,0.2763310681426741,-0.07410087987717984,-0.7790512925464014,-0.5700969409393193,1.5427836421475518,1.5458053784618446,-0.28773342367919186,-0.6259552405447418,-0.1369049520241128,-1.242669478283858,-0.7049546163247361,0.8337685050398387,1.0825953544025904,1.1282450739483694,-1.441034285650351,0.3283112542688363,0.3116112712386767,-0.5848191934293658,1.1707291604344574,2.1799302993955316,-0.2821540528674738,1.5098176424433714,-1.130531485429424,-0.20860086553257678,0.14391633315720195,0
1.6599664352494736,-1.3789796753331816,1.7049601384727604,-1.5527125054709565,0.95692228255638,0.14093709034265456,1.1596058105196754,0.10601901634184357,0.23287827044329407,-0.8879176151514006,1.405002446865561,-0.2741970330716711,1.5983015974086219,-0.048412124980864,0.827509941706982,-1.4272786805462259,-0.3345895368135783,-0.48564063370853705,-0.007927549978134402,-1.5238269411932417,0.2024290977432512,0.9976176617635408,1.0969811811703791,0.6722875934931598,-0.7885453893692859,1.329483605003772,-0.5787795298685992,1.0087838704564427,-0.22316656122616824,2.1879751474980838,-0.13500592538850997,-0.057335781949559614,-0.3499961593414227,-0.46653647063239145,-0.31503849552341306,-0.17627426333751808,0.25414895721984915,-1.1440671138239442,2.657559935443745,0.8824264156048853,0.019666569983610094,-1.3469541317621203,-1.2621238257571954,1.1576065415929293,0.3828787221614084,-1.5851007120637184,-0.48939986748682174,-1.1391587789155495,1.1159488603805086,1.0602776999146457,0.09286389572294872,-0.04580340214585738,1.097457695923364,1.4491911100107946,-0.2956845872575222,0.5488707853885446,0.16831209163642769,-0.7251597745815541,-0.5229098621772156,-0.8414875803134331,0.1916471479516717,-0.0661264478239117,0.28118150278925225,1.1779310424742209,-0.09656245187714739,1.3648399269979907,-0.31331446577370525,-0.08049155319392304,0.3098791228893326,0.9673068100279676,0.1777895812500552,-0.13142631173164146,0.9251193716921997,-0.9326309931570403,0.6900492987724577,0.6059494067118494,0.7041786463645721,0.9032715289451659,0.36138671996477084,2.652137710662766,0.3537028165883428,-0.7154064254917851,-0.01936564147186813,-0.5199809444688637,-0.4830386932701546,-0.44396473590739466,0.7499771558980807,-1.5830827353260197,-1.4883616088712959,-1.2545342601952354,-0.14489200496376797,-1.5178050538189773,-0.5348820111819066,1.2852432210041351,0.21898031100471785,-1.0881790998130982,0.3217179333968287,1.2774837878205945,0.025022881088453006,-0.598549966650469,-0.05066220877752822,-1.4877560139499688,-1.0810295010136468,-0.6575277265143338,-0.6572290099876013,-0.33404459541782056,-1.0247349803653243,0.7356119363630194,0.24025008699734363,-0.31616626167853507,0.008133156676799681,-0.4187662650034098,-1.4579718916461715,-0.5440273991733618,-1.370571076143227,-0.5153301061204802,-0.19150403727946771,-1.015253015789396,0.2135926109388824,0.9181417263400969,1.9041809197378383,0.6588653010237411,1.162444306050906,-0.16604133512583277,-1.180460551080953,-1.204363422352732,-0.23725148310862795,-0.15142526693146868,0.9495748018933915,-0.5021342772964905,0.05962443773893162,0.04100848280356372,-1.3606515265407673,0.4073433931629548,-0.9106608490531106,-0.7268867097242329,-0.004819425895361181,-0.688909755517509,0.9863105565133046,0.9300021548692321,0
-0.3689399513223848,0.2553422623755258,1.6995634559746908,-0.9839305271047637,0.024437585227681757,-1.2059974302864849,0.25252594766761416,-2.1112722752592106,0.16030537555041666,0.6819993369507554,-0.32353418725328753,0.102786253522216,-1.1069109940287258,0.1633808409506377,0.9020747164866398,1.2112645917090408,-0.45067241382296563,-0.9631246198986699,-1.4673323278754775,1.2165379216353152,-0.5892550041281112,-0.5412951905784225,-2.2431476562138086,-0.3203948153513872,2.784322873787463,1.8965014610968127,0.04918508360791243,1.3592982268972114,-0.6648703877858038,1.5300068303648713,0.21629813588296265,0.6871386080945509,-0.5391814798693986,0.5187683784408925,3.0618776405359034,1.0384749098526895,-0.5501918539184733,-2.1645180179406527,-0.700885642777945,0.09657654340984426,-0.5719408019757853,0.1286679347449793,-0.18088591989626843,1.0242996588350488,-1.8205289566373664,-0.11163942929020855,0.4109572414174044,-2.545997179577157,-1.0256472180142306,1.190887644629723,-0.06912224374414291,0.46928601889709254,-0.8350400621522183,-1.159718427793202,-0.018997685185627115,1.421188693895239,-0.4318437924853354,-0.057964747120994815,0.3826965585870484,0.9257596350972874,0.7235271384130395,0.9524938371755256,-1.326087645170819,0.12625559642869813,-0.1377060542127281,-0.5541289378111037,-0.5913743271658379,1.2197647942994811,-1.0449720404325624,-2.018432230867701,-0.7002430368055284,-1.293805897562139,0.8052495889299033,-0.15281438887581947,0.7297170678830653,-0.7088098897270796,-0.8988362615737073,1.3017888952291234,0.18925196552589618,-0.06732778999385584,-0.3228706262881901,-0.9921776233629432,-0.4444324944648796,0.30130960331759865,1.5826571821075466,0.40284035362623954,-1.579510241016442,0.18005040672534942,0.40811905515876107,1.4617443245071735,0.6693305318556807,-0.36757803922651944,0.10141752576789073,-0.5616480702339967,0.13333656763208748,2.797670210230063,0.5908388716825183,-2.259005745167538,-0.03826391341354975,1.2368070951736183,0.620618113124937,0.39823870664294253,0.5710200401165173,-0.1738589187846205,-0.013303320966726526,-0.23316908375488668,-0.062312959280143396,-0.2683215295780748,0.3331053220192258,1.4624254972651367,-1.4992079264943736,0.2143847298317699,0.539365533807118,0.5550006603690517,-0.8342376681362101,-0.5074664707118357,0.9717051910194109,0.19721013215883232,-0.1177414852496003,-0.3656131652363347,0.4901152157695793,-0.10130198891730277,0.9967973083043827,-0.8871337610734289,-0.300719173497285,1.2849346776658819,0.05247004398656746,-1.4003706255217543,1.678555218488705,0.2696624221090471,0.6696608195839123,-0.7790188690178722,-0.5377581526588113,-0.2736449616663908,-0.8266312704893465,-0.401508623554222,-1.0113436359438646,-1.87040419759947,-1.3698482600218975,-0.8720850611608054,0
-0.4487617344881188,-0.47023731235541427,0.3047760462310836,1.460020729964084,-0.364182135779838,-0.6607791909136334,1.2203171936161104,0.010125026584846408,-0.06654554651178848,0.8649601573119583,-0.8635012065534682,-0.5503960239275447,-0.09458618601147739,1.5934615183676597,-1.9613525888097407,0.12931760821647198,-0.8163001458519489,-1.6083245359649154,-0.6740967860157485,-0.003352631121247885,0.030482782848216573,-0.6281821564654325,0.5612603355815083,-1.7482309421122586,-0.5146089019840822,0.8086545760313342,0.6058326715865808,2.1495623762796288,0.746934991813308,-1.3546019517385124,0.9986931180842509,-0.4606369351961916,1.5208199194852592,1.2629658371870132,-1.4481574788691032,0.27473963239089455,-0.25463777734866816,-0.3163447359674698,1.7682846185540104,0.1231730033403663,0.9419898895011034,0.6480435187753231,-0.21209847973788795,0.22399699699725323,-1.6195933761394257,-0.46604186821228705,-0.10343540619924214,-0.1320818299413769,-0.17433846043270823,-0.6560441476069727,-0.22145662229703986,-1.4811363317350161,1.9392706376816198,-1.3081372977516965,-0.36008198331421737,0.6061181203005639,1.2951015018210272,1.3211997890823548,0.18665827849379749,-0.9386986500697577,1.3739258609386054,-0.13241899930049097,-1.3745982801611514,-0.031175493228482985,-0.32748907087840323,-0.8062973984254487,0.18523034711961356,-2.107935981140067,-1.5170656607126722,0.06969674137614466,-0.6253125354112691,-0.14183225423120574,1.6419203692371165,0.09091533545414775,-1.5402244025300558,0.8331641553522222,-0.20550257801385097,1.4358170935298757,0.16648449409005583,0.6758718708511049,0.780093751855438,-0.33972205488258284,-1.4467737393492663,1.549848434327501,0.7322905465811878,0.4352076366407459,-0.6983482576257398,-1.0815895972049832,-0.28341625370193335,1.1782486323339803,0.885776563746383,-1.8250017481487357,0.7940817789222268,-1.2456539067857477,-0.08881656928531105,-0.2755659289589068,2.8823979758372076,-1.6287572478282264,-0.9769945686222086,-2.1462217137302106,0.5161778559556465,1.7803625752798429,1.07493057358061,-1.7539724906275338,0.16889899824046842,1.0317614590332445,-0.32003620367761176,-1.19646405672144,0.9138017443549349,0.33122711924886955,1.3970568524191993,0.8019229944305862,3.2861777385743185,0.9829072427378934,-0.25409181862616,-1.4271223464504466,-0.6765372717718536,-0.05698879518762823,0.39416924335069126,1.0852172552747446,-1.7220407038710388,1.5243700888539498,-0.5158541140067254,-0.883180627850021,1.8471611681609506,-1.4345324560533506,-1.2458141893336065,-0.87835280021304,-0.2384127896699899,1.3156226234751234,1.1746753614397898,1.237718890388753,-0.049955679260119894,-0.1181152018984886,0.25302807563185964,0.4373212924055553,0.17726902433213187,0.7876298680816609,0.490528808747426,0.18479868876598488,0
-0.5732817862994286,0.9522825505473519,-0.5393829072495541,0.12182919482682264,-0.8882171010600582,-0.8037568663272893,-1.6474133895400362,-0.7443157248593198,-0.1612894456534422,-0.3560236283823637,1.0093753112600972,-0.5185401556498677,0.2669716732487168,0.22764969869251542,-0.21341661355693206,-0.2638760865587239,0.3630467082308749,-1.1063667993184156,0.8398195945390652,-0.6088840630538302,0.4407162529955007,-0.030286588884296577,1.4079439582299338,0.27077712094234024,1.6600104319553808,0.2439308741165915,0.46699495699981847,-0.9476522563699307,0.6030794703958994,0.8039921731035751,-1.0942333813340779,-1.245735074310572,1.9374510024165237,0.171452834641134,0.36148750948041847,1.2714966314762082,-0.04590398816649961,-0.7969768502234726,-0.4603241922230979,0.9050809169827424,-1.4544850296102103,0.01275255754548502,-0.48438652492497375,0.5258965503349305,0.7606145325270208,1.323634202381402,0.13896922265921352,0.6704853662372923,-1.1457412284271205,-0.7633146757132349,1.3077987754778482,-1.0508149478433608,2.2981972498249226,-0.46888649605567845,0.039377902699529045,0.4820053636689182,-0.9555649144233754,0.459003435067672,1.0094280679924754,-0.570561924235456,-0.7455319716056354,1.1409403183620137,-0.9675200503100021,-0.6875443175175971,0.9913185217325716,0.7393107773887168,1.1501000453335144,-1.020193793697938,-0.9950321790825924,0.3481247990817231,0.5300750695919215,0.1913682391176243,1.0827670039879196,0.002749906952447785,0.12365321382469928,1.262168453524784,-0.8317073387066672,0.30963204892183177,0.36497154324944564,-0.6300006895299495,0.012888212091454779,-0.02583306563741612,-0.6217873459786848,-1.3029963313882886,-0.8420044946766102,0.0078570335235788,-0.4647142614636185,-1.3859757387872933,1.6744318598519001,0.06777536122556062,-0.06459124298210896,-1.4724063447361615,0.9974516463957942,1.5589726064831533,0.3321222307673403,-0.3435009461292719,-0.04388691469953043,-0.34251335696040136,-0.5857931482388531,-0.29761348337571497,0.5238671310338201,0.37059875807379367,2.4365344230291566,1.2471982680841291,-2.000455461745211,0.8076483221166064,2.7460291179957803,1.077768748566476,-0.7060000555474119,0.8976069737222458,-0.2899004766557862,-1.0781352284444583,0.1425449229657326,1.3699781988055981,1.2112981267023837,-0.21645045524773507,-0.5213020739648332,1.5242957904822099,1.2586281600357925,-0.36389169572038416,-0.6707672580255687,0.0988792888408067,-0.7179942825810295,1.5431249430148186,-0.22879210795105498,1.7642550373542083,-1.0009269166439383,-1.0453613428790431,0.07336660048241789,0.1656600328970406,-0.02231563806107357,-0.8084329383411767,-0.2199698470552109,-0.4980459729276439,-1.649147469738066,-0.5323290025538693,-0.3092619134940318,-1.5066032938516334,0.887058938155339,1.6913881203665897,0
0.03939411763016942,-1.3495056334008588,-0.22231837190659948,-0.14121075572603894,0.21794104347716103,1.8080976327161355,-1.0785597548653747,0.32012698422438046,0.808821050873234,0.7567905139316955,1.1131870594951456,-0.002055806302585672,-0.022851747535208983,0.18101313674046282,0.0038110625040372243,-0.7696773084136327,0.20814115226709612,0.5087986466909551,-0.5452927237040399,0.4773542009336586,-0.7374693425220223,-0.3322978726927717,-0.15803051735818632,1.0753364070687275,0.31123651014023485,0.8233288558225907,0.24599620029710972,0.5025078206078788,-0.24843906342865588,0.023242854019411018,1.0122025847613467,-1.4986154036404788,0.00568898252392587,0.18055190503648966,0.518782388769221,0.19283455820479098,0.0893630961945728,-1.0169467406902215,-0.5261903669873897,1.2770583169494714,1.6452189711989291,0.7060153195127311,-0.7793149822068358,0.8758778543414696,0.7083453806161265,-0.7486683218063059,-0.009293198107365997,3.237925899389049,0.6005750633195012,-0.22001936128214858,-0.9397770936103057,0.1256380721488646,0.7248780981207046,2.60855852474548,0.834836497987506,0.386254548851687,1.1183436532860056,-1.7532492135189188,-1.3258400815650169,0.014654003780433723,0.286214506599839,-2.4253575587773106,2.1275068922032165,-0.7995385407190168,-1.3329078257414442,0.6148171252136722,2.237862659773201,-2.020923730929916,0.6784910135947925,-2.0857805194144,0.2134497793284634,-2.361770083623393,-0.9432445172082344,0.22339835549098855,1.0066113337806681,0.8661859699661595,0.8543406773310143,-0.24439697561053028,-0.35757327490271695,0.4259643280235446,-0.23905276392648964,0.04717288419383034,0.05693696747798508,1.0353308791151108,-0.11540096336304313,0.34638365721139835,-0.09600993818911349,-2.101619945101335,0.4595060270082561,-0.8968939347667623,0.01396657379562104,-0.17401908408652375,0.4697986918021279,-1.3398314978591228,1.4290256178376926,0.3213905730775338,-0.21844856236147492,0.09557041056679867,1.1366929939999593,0.056808989584604216,-0.019981577181348003,0.12778757521314227,0.8720421116324977,-0.46692963330415094,0.18885297071033535,0.21453142447095624,0.5781270350031584,0.9934650991963423,0.07820150500867741,-0.47144048491351426,0.6787868683882714,-1.5689635037608798,-1.0774772208554901,-1.0133054085743278,-0.7162993106521146,-1.3909273768790358,0.9569775392028067,-0.34243504418618453,-1.7239348001090868,-1.2034203440110713,0.3138501901648557,-1.6336623393013705,0.10545867421422993,-0.030995883031151448,-0.14815306826253785,-0.00865738797766459,-1.1007799906940436,-0.5283664117381353,-1.2759998404695267,-0.7713478981842057,-0.6543845370537869,-0.6069930616722369,-0.36855597647317717,0.2764591186700956,-0.13576539982721084,-0.39590497310206396,-0.8887003060821875,-0.8787165508988443,0.31296306883125063,-0.34477497369534243,0
-0.16357221101060274,1.4311625790679414,-1.1648070629395735,-0.654986469638715,1.362297959599314,-0.18067035728200512,-0.054592154366638564,1.9399919048435819,2.413318021584899,1.2368715823010796,-0.4447788059292274,0.3034995239259162,-1.5114390234324824,0.10275639292861027,0.3024316113139565,-0.2479144753859615,0.039930415419840416,1.7386560550464591,-0.28929188271948025,0.16126752278307527,0.15701626704430086,0.6546723567825946,-0.045662017389812175,-0.18772651169897817,0.9899619148940324,-0.23413988997773671,-0.41359712715396163,0.2262660113919301,-0.03913074002921034,-0.10518404561772295,0.7825446065538435,-0.6368621341479341,-0.8751684624189159,0.4769329610479445,0.6524329055874404,0.11484141225731052,-1.1025448580056627,2.2591654274693216,0.46103479528866953,0.4218193155079821,-1.149465015650454,-0.42539319770169076,0.5206927351317818,0.6113823605007667,-0.48681928674572855,1.906818470721383,0.4983741917095881,-0.5927912146241747,-0.6813560683130157,-0.8035490669015107,-1.0501300562323228,-0.03466309041619771,0.30379444045433596,1.5461544010167312,0.7458692636867034,1.1808429408697985,-0.5034426275940672,0.3645651818475032,0.0068193039072127004,-1.1514870753524187,0.637596553271777,1.112237003925419,-0.5599143322517879,1.1951108309394662,0.4509997112243263,-0.224639877614375,0.6563761001673405,1.5023421698673392,1.8879247811307234,0.18576292662882068,1.111067229624597,1.6030152306361833,0.05875037642957117,0.517602804942603,-1.7346756335831457,-0.7263930397161542,0.027256335081233343,-1.547300509654228,-0.5630005134767804,1.2804223969068265,-0.009551329744991075,1.321895279751011,0.6201737195779776,-1.3886222949132552,-0.7778454358980157,0.014746850659683423,0.45935238596134564,0.3266468452903085,-0.3155791499467928,-0.2773363146780633,0.542101082178064,-1.4549165773946713,-0.9553199419689508,0.44712556659465524,-0.5448246062336407,0.370761890757623,0.1356463749264251,-1.9195808118520046,-0.7883402100642235,0.9094723215300963,-0.6878562872398463,1.3547783031901786,-0.9498915900997513,1.74714348103571,-0.3404048012205364,0.7562828484538876,0.7046316480786053,1.5681056647073266,0.22011873895108547,0.6780547546480025,-0.44780179502302725,-0.1963749989020672,-0.5650519447361588,-0.4739819534495389,-2.817329306769624,-0.17017150215794205,-0.00482954637263426,-1.5559543700693852,0.9638499801606885,-0.7833475076350132,0.046285982975128884,0.7782719578355222,-0.40095775292991537,0.12338005542080178,0.025543495467484953,0.241621706634325,0.13066388795052108,-0.12224583104916745,-0.9423657179013638,1.2480705915399826,0.12649228068144508,-0.39106281192923525,-1.4210281916257508,1.0292237504096864,-1.0470678169128333,0.45771315104745763,-0.20694202358693742,0.6526854923239543,1.5656041140620813,-0.992088130954447,0
-1.1202309261166277,0.39862537687474625,1.2052247666904492,-0.3116628965641781,-0.015989933094088887,-1.3965580706961271,1.0235930871069252,0.0654024139157975,0.9940954732298365,0.29257670627062987,-0.1661277553509628,1.0173624845820701,0.17413373837003487,-1.3118725524293122,0.8632488350777309,1.3942010161880138,-0.7268755524386741,-0.08222311533091624,2.009372557957777,-0.330789120682382,-1.0481484528053269,-0.5911414902447146,-0.28781937928217455,1.1419754561626365,-0.4292266896573832,0.7790386709326326,0.3578210797276459,0.06357533785924789,0.017008148534162146,-2.2560157844009967,0.5023869241899824,1.1592655516720076,-0.5930766226755128,1.1881045614790384,-0.41149368714137474,-0.07585004421002904,0.25148813799954933,1.3722977633103466,-1.9120727725192348,0.6887704311817159,0.3145804750198983,0.5935223011046835,-0.10974990827215145,-0.31296399403910147,2.074405975652608,-0.6181847969649421,0.021894409864337983,2.05435171410097,0.959226149054676,-1.6646979723221593,-1.1491817285445998,0.9988381711772064,0.08531224566012635,2.5662331533396507,0.19989733130265003,0.768796801205385,0.3996355289114243,1.292999318269656,2.1685957131207494,0.32516167670214746,1.583780075788014,0.7680068103110851,0.3072324546350526,0.07735114780266136,-1.23456763753611,1.815459308052653,0.13599035709336835,-0.9701515747041943,-0.5155024341962662,-1.0775241250832959,0.6033819886552638,1.5127598514540486,-0.6233352770712158,-1.1022480688435408,-2.1472040762622417,-1.0825031100274143,-1.1624294797324444,1.8631420104909333,-1.503383279909476,0.5198136618051536,0.39496518684313214,-0.08859307320430207,-0.40283488854188654,1.8064461908737817,0.38259968109406484,-1.382055749961125,-0.3261060608602371,-0.11656673251500822,-0.6726107721462609,0.053471295105580866,0.8357669125380764,0.17228220745159517,0.6785267651579137,0.567991520155851,0.7812497018838648,1.5158723099631326,-0.765653366056794,-1.6848533376310513,0.6827936361891849,2.0524451103778674,0.13415034921782626,-1.072745881773285,0.4581601040211383,-1.6180484929432872,0.13542494802728386,-1.8895768721806148,-0.6046015247680743,2.2483467094392773,-1.2721061183681022,0.47138532270911654,0.6421219983352587,-0.9989229641400337,1.6349394593981765,-0.5506041289435379,0.04076801910017952,-0.05941664053733927,0.7624098166145781,2.5259986534511203,-0.8858888220391015,0.3669232591145063,1.2152350548384139,-1.0331258354098896,-0.34120043280327944,0.8945920254588035,-0.6495715792403779,-0.49511419532607465,-2.862148395010521,-0.796842258882109,-1.730319538387638,-0.024028335827499823,-2.1384547879018148,-0.4374093006309398,0.15889877044307615,-0.1931259301374222,0.641087123365639,0.5476173827264067,-1.5179280107442858,-0.019280742759317467,-2.1226888552280787,-0.18473942715028951,0
-0.8459603218393319,-0.3526237797917524,-0.315179553910291,0.46900831043484237,-0.0569714786745492,-0.6285213805706595,-2.0994983353360523,0.6389689552329249,-1.304695640097626,-1.6174747683952915,-1.1174060502576306,0.849194103301125,-0.15827333412413752,0.5878813374119954,-1.110278766733283,-0.25332924609417523,1.8867281706701637,-0.33632253830394715,-1.068108509996758,-0.5612414246516901,0.5033312181273011,1.4177966928522823,-2.4161160734968474,-0.2308704075721082,-0.6232735226972083,-0.3483344181814735,-0.910835765917547,-0.9443753706552923,-1.2316486291482618,-0.8888399592952775,-0.21462906957627345,-0.17496457985672648,0.4915061895359076,0.14513247992018674,0.09488953233275733,0.8014400456761425,-1.1765624617844384,-0.643610407988726,-0.4807026631331235,-0.12284504962661913,0.8382558009883105,0.1769919906518359,1.109512264654741,1.5360605515266823,-0.45699445153066437,-1.7408811717297916,1.1945264416741634,-0.22355219473356844,-0.26516340214747064,0.6357819085823476,-0.12482399654582967,-0.1077345296619113,-0.005889846112862658,-0.9451968104914649,-0.7986703521207335,1.0285446985606352,1.0504505536129094,0.03900294270798809,-0.22745931110999748,0.6423683452280857,-0.27951371562786953,0.15184283544018504,1.8830041244335238,1.5019974756131285,-1.2395767049161726,0.1693366292560645,-1.1523295507836575,0.7131917279956829,-0.996597277367991,1.5875137898307063,-1.226157119209309,-1.060662174670333,-1.3030446002583216,-0.6256034276213988,0.3899751439166393,1.0478292896883197,-0.8602683754383256,0.7668137982991476,-0.3463867618120625,-1.392040055766522,0.9591034683094399,-0.34978301954183116,-0.5679648582482686,1.6879076695715058,0.7749480768691535,2.4589714233997726,-0.2481116575993881,0.2894787091414015,-1.0929894216920069,0.8296985395872762,-0.6030609182132219,-1.19123768260867,-0.7460361460422382,0.05555825071898781,2.539819951013364,0.14387013093791112,-0.23829983374888544,0.7292284289853104,0.193810742567234,-1.597596044632259,0.2785669565867599,1.2860549992471886,-0.22800689053387865,0.25961138396451017,0.17177197132872965,1.054473712462981,-0.487361651260127,-0.258468851572524,0.22616598929511417,-0.548092531784073,-0.8062860775602456,0.639974633095373,1.0019942975388325,-0.623755574891976,-0.44866578200574275,0.0007746182414733346,0.5604204858672392,-0.34948585060333404,-0.47128904670295924,0.47713757429924697,-1.04760090429682,-0.282642673242397,-3.384668661257409,0.0708570284041393,0.06096907500418452,0.19819615805954646,-2.1440572451842455,-0.7497675115816762,0.6613472580103268,2.306483493161453,0.571552852017226,1.9607075777582514,1.4051627364337445,0.2877433679279921,0.9879079931693434,1.8149356990081547,0.08328817232930254,-1.1090930098149885,0.4497624454968108,-0.2262505673960571,0
-0.4722112180142813,0.06105799566863646,-0.7188101352465109,-0.472791470872237,-0.5614054256868303,-0.45194230937130625,-0.47752727684105695,1.3838685877902233,-1.2057330766183663,1.0815415899521854,2.1749588073004653,-0.9864834517654077,-0.0640746685104424,-0.11178088549892579,-1.686154278775353,0.48600781181843866,0.31285705964593713,1.1111002725875336,0.4114584438161909,0.1934462047366522,-0.6830998102608024,-1.8359311444559818,0.605892499894829,1.550485106706651,-1.427935734861752,0.7181269121626491,-0.06848542440039053,-0.9678625321841972,1.514869143560115,0.3000746549613261,0.25160809029157566,-1.515938615213321,1.651414864663466,-0.701149289631223,0.3342761485676608,0.9896216047057972,0.3628643619550004,0.8520289629879679,1.0384119261090319,2.3443297195489854,-1.2895998652234597,0.006749247139124214,1.5353911478532556,-0.03990748650346146,-2.226843991036943,1.440770371991353,0.15016929314292307,-1.0110904079541976,0.23771610626095474,0.5385960534624076,-0.8099691576629251,-0.11434624390260685,0.6534452247721376,-0.9411106306036412,0.7550639119476253,1.7018688042811254,-1.845706787307144,0.1964113724082143,0.4797360728976064,0.15250790405823947,0.814408144651488,0.33064226606415326,0.972404310524393,0.8332761875759014,-1.0141143482407855,-1.4968850463051597,-1.2342207452632774,1.6596097081578984,-0.661134195481674,0.14035468347179209,0.9588017986889213,-0.0907313947480355,0.7982619229670265,0.6646570229537304,-0.625158439476511,-1.161520751471779,0.8924137117574322,0.4693307792532442,-0.5548127769132343,1.056336960570838,-0.15146056475719583,0.2958593192860843,0.3096495185266628,-0.4224962145007844,-0.8811519999367259,1.4207574020356053,1.590895229020516,-0.8007820494468416,-0.16488255744221836,0.695274141093985,0.4282120232107876,1.5852200336393183,0.5468985422806738,0.2723675382922478,-1.7868610368255147,-1.8142569574043657,-0.6158970490859295,-0.41780634262766275,0.1493579988485939,0.9188400641447153,-0.09265820097550481,-0.5139185798560022,0.6098862499982914,-0.3168218477037204,0.41832747920985724,-1.016227185264894,0.3752824510902313,-0.5256800373607019,0.8533795880051687,-0.22565158870368804,-0.18066338174799976,-0.7336163870302411,1.1251231492996634,0.2911890521334431,1.6332118384632095,0.2298720081991377,-1.4393239924560268,0.8730151787660784,1.1175761602174814,-0.31384516099447163,-1.1259921700492903,1.8664104474518615,0.20693351208783842,1.0572747645418377,-0.610695612934652,0.3014014805962394,-0.11162523974275668,-0.16741891923114896,0.2832556373438452,-2.5818712506855372,0.8539230146965526,0.8700227525582745,-0.557728469832658,0.46964023970179886,1.4530496987338877,-0.4628898911850196,0.15559988826726165,-0.5707186912064093,-1.5339343770615987,-0.3137185775863919,0
-0.5419927051591037,0.48050776640376774,1.2259861347653007,0.30709278839783305,-0.29736746661965513,-0.6093294718417471,1.116637929585154,1.0608151456679609,-0.3272806150155048,0.28075200634017394,0.3703360834598939,-0.6986493909507129,-0.10062995821861147,-0.8155535380231825,1.5511651750325859,-1.0020133785273917,-0.6067626555889776,0.6216570830965465,0.016023128405548703,-0.12876680887658984,1.2282698533946461,0.3579821695452891,-0.19330025107090193,-0.4247913728642186,-0.7768275138059811,-0.6978005696431331,-0.4085092617355199,-0.43298319003654956,-0.7423318612192951,0.8101673737820889,0.8417754519932538,-0.9052107703565656,1.0651231759015627,-0.6061793556317338,-1.5550028942763048,-1.05310027286904,0.9569199168061153,1.1908857828950108,-0.4986114965369846,0.6378955029001927,-0.22931241173892575,2.1610385863323343,-2.029351750698697,0.4831829598276836,0.39524220708943963,1.9144514485075266,0.7558529725468335,-1.8101994944166477,-0.34788880166642966,0.49323495189160654,-0.7093979651143604,-0.159855669039162,-0.3604592232308551,-0.506088663886013,-0.22214608727885304,-0.07041092191528685,0.8154639441021122,-0.6494451902961236,-0.15038328016513436,0.7351254698325479,0.5602357523832635,-1.6577695430986348,-0.8473453489801872,-0.6210291914780747,-0.5979161615654023,-0.20633415486612888,-1.0220785124725213,-2.521459728323702,-0.9334806702093009,0.892554861161346,0.01817715117600584,-0.46310262746356523,0.13084190422004005,0.07043774012799149,2.6022043951811153,0.7526296364291698,-0.21392937269235776,0.9091728271487282,0.8431567936913317,-0.2734029293837405,0.8975016038322725,1.2222060339584386,-0.25940455846737387,-1.1954327320531333,0.7718657410167896,-0.1912039052342769,0.23270658710242956,0.7060259328593279,1.4662807490107206,-0.40544531586911275,-0.36163762664642274,0.369782676189742,-1.3119365169185573,-0.419127816026703,0.7543254328157137,0.07026873771015772,1.0554730015043656,-0.5159698479343185,1.360384807315901,0.05525572607013593,-0.1478955424726897,0.9018050560845761,-1.316063540438869,-0.4793774696182984,0.3020227032564793,0.48237217507664326,-2.2815769343844714,-0.8034700569279156,-0.07425971192659965,-0.09846320898542064,0.6132900247880667,-0.34569346980828974,-1.0250547912590329,0.5449168656469681,-1.097536515583995,-0.520768616117741,-0.7976836924402221,-0.4831951556173989,-1.7554602119750826,-0.4376584433044041,0.8902968627583842,-0.2152516667902471,-2.29227936333007,-1.492323537674243,-1.0986551651378746,-0.24775108720502748,-1.7190025869323624,0.4612793972252034,1.5847772031774858,1.0944923753938995,0.5844484875979291,0.8968778682061939,1.3407771082926767,0.5769708243571346,-1.243710756075795,1.2834625156293287,0.3069231746087986,-0.4680447912018946,0.45874234972853806,-0.3583452166702081,0
-0.47469511029647116,1.825688332830903,-1.9016553912816723,-0.1734107414961092,-0.901299129242346,-0.8851971200931277,-1.3651530222728747,-0.17312880155193797,0.8083861457350698,0.518814992148596,0.17229333437478314,-0.29577940726975727,-0.843984792443179,0.01346524054774068,0.6802932201596912,-0.3474227365865381,-0.7261647024232321,1.5563909882907725,-1.000211386962824,0.8883746687179205,-1.0877311109549417,-0.6463236843445921,0.9372309724519899,0.25368364885143946,-0.3522308303618147,1.5502896628175518,-1.1821940478476487,0.5394797754119878,1.2472049374725163,0.03866817181239503,0.1215456312549568,0.22744841012846323,-1.4803046295394953,-0.6886232297815756,1.134090393017245,-0.8110437681776712,-0.4039389906918007,-1.2661437578923844,-0.732183530328262,0.602024815177153,-1.380023149003374,-1.77976749424193,0.9825639025403653,0.002851202602821813,-1.1652553861167663,0.5196177164078396,-1.1142533167788802,-0.21985134705498935,-0.8563163967611512,-1.8429878246199594,1.0612339603464926,-0.7306842983561416,1.4114562028285387,0.1066347838657361,-0.5250233428843158,-1.09593221564744,0.041673896446682304,0.4989681471072845,0.9693092453827113,0.5947349626665264,-0.25082199074652756,0.5299690176787806,-0.3984833692916204,1.5011055933590784,-0.3375733342443668,0.5364226810538588,-2.2174179129645673,0.49067056166052914,0.38436380893936395,1.934478122348023,-0.4350706181125085,1.6355308064365612,0.04318368067578528,1.5237625869596367,0.3382473576049538,-0.5612736360621181,1.4220967979330277,-0.35123778572302916,-0.36002808145471676,0.2664778862351518,0.028637619643709086,0.551640386546843,0.2548487159204536,0.5677943395895729,0.5528637025437438,-1.232039725028575,-1.9806669694113572,0.27869485423511037,-0.6906141308313714,-0.8045321637347908,-0.271953737115037,0.2666372819305297,-0.12467310169953244,0.7248708222310868,-0.9043681555518872,1.8436229260894692,0.9394460964680234,-0.3116333835637352,2.0357540014547335,-2.341396284103045,1.046696719765342,0.043269098215628916,1.2127368345496414,-0.48332527882986653,-1.1363597008499762,0.2377486436684872,-0.49635468731590693,0.2706106438136732,0.356272181883839,-1.5942626445745913,0.9009320292377377,-2.8350819596856622,2.991408247583686,0.26270539786655034,-0.7105208832891297,-1.6357529078954647,0.5937778345648093,0.3918929071994151,-0.08234858235674586,-0.36597100191489235,0.6705292376981712,-2.2585201177614236,-1.3282343125938412,0.5866071433381661,-0.4843114535373789,0.7287587364708307,-1.014856911404856,-0.10094225583221766,-0.5104081289074571,1.6233142937128664,-0.3998394425566233,1.0645628682333728,0.28781648467684323,-0.9235953727829695,0.3988672465447395,0.29786694181475487,-1.3821560204264898,-0.37565084973617247,0.032378907423712085,1.479023597407092,0
0.8167728962014836,-0.43037356171844693,-1.5492588994525234,1.246460166105052,0.5718428965499132,-1.5794906027592424,-1.4473665672943012,-0.7051492402096199,1.4711444818180435,-0.876077307482306,-0.7959784931699946,-2.548049491228179,-0.19306296673382162,2.0818785371793744,0.8399830616240082,0.40519901266998565,-0.5993990503999682,-1.5781448347911071,0.7603793652211486,-0.21752185563584475,0.48072361919586,-1.9145840427101974,0.5839940052249307,1.989318807965388,-0.7697760048270347,-2.668698328238038,1.213265404971221,-3.1490235235708215,1.2564953445234481,-0.06571988402418541,2.5221486588731605,-1.3676057515047024,0.38800657989618376,-1.8925314374849467,1.4722450477488034,0.6552744598814302,0.4183151392554321,0.9995857665308286,-1.5245292995561854,0.5623830926894915,1.9178570624266529,-1.2317710149172691,1.0444830093615387,0.7260450417717993,-0.6768779310120004,-0.021327665931960962,2.6381650167975486,0.49281352185375893,2.0585716006264003,-0.1952448909282759,0.5761493059319259,-0.3004635229378318,0.44726370238471197,-0.8176967777695997,-1.5283982377402383,-0.5244247905474371,1.8869806904677842,-2.075731746740043,0.1856387495189347,-0.11824431561784601,0.14434943027385536,-0.9440298162357447,1.1261703523471351,-0.058186459681307645,2.204200027222367,-1.13187086704996,0.8085178810507097,0.0388107473853493,-0.40489432763597216,-1.4377155674830393,2.1578202415266574,-0.7522642569334609,0.5687247813012201,-0.6058239218685788,1.160586382198364,-0.9681535746317599,1.663971763040825,-0.9827614797187217,0.21027537357720819,0.11117290003347008,-0.33655214766037406,-0.9208594464822727,-0.30612353674712073,0.23554799371699572,-1.0505370287398856,-0.8022039019797003,-1.1895466440609925,0.021004035648036865,2.1204765663467913,0.13508308125542698,-1.031787596641897,-0.03132155020015857,0.7092221476479029,0.38925723609305357,0.7097041094316437,-1.5893891629456645,0.6281796338743251,0.5495310353342123,-0.9170533082190097,2.2561477912256724,-1.788121371221356,1.4830216333882027,-0.41382658397131866,-0.24534486440763456,0.39966453992375134,-1.7377658429010692,2.7690154167356105,0.22839922380030292,-1.386880244490189,-0.3014397056637175,-0.06084277251724204,0.1538334564439181,-0.8317281160974364,1.1652874208045738,1.23788961204178,1.9927856337806635,0.35199988988997205,1.1909668937220288,1.749951596799084,-1.8164289875824653,2.2679080920663277,0.7700360309265492,-0.6766516203083688,-0.1808221420004425,-0.4609769110728122,-1.2317922269745742,1.3626432492780545,2.036858370287142,-2.0435276070733597,1.8010772071484362,-0.037035830920074356,0.5797430745576636,-1.0546418105777366,-0.0774255941769605,1.4145196188723674,-1.2892139379860523,0.6511637389784124,1.0454636419818384,-0.4870910651269301,-1.1039856303411446,0
-0.18693215899611612,1.7660937973195576,0.7306187930247614,1.1838800368350002,-2.0444536033476983,-0.4168785946894924,-0.20869001759012473,-1.2010556370072025,-0.5242769374137469,0.2134216448345454,-0.8036199967984161,-0.4020924959878489,0.9052173490622393,-0.6136967970477925,0.9780714202151433,-0.2744781515135893,-0.7890624414182985,1.3709135247062583,0.13291940507823036,-2.7491675577957473,-2.0852423432832854,-0.8130276718295125,-0.47031131099606754,0.2631712770536756,0.11594513155240117,-0.9650144732685876,-0.08548318222295541,-0.3904663771323154,-0.5804586740433206,-0.6124653216423831,2.9294225436823558,-1.245908792575206,-1.0394597874272247,-0.24564461336828144,1.4176926597161468,-0.13985952470081248,0.20935856947556894,2.0188726802270534,0.31005927815709133,-1.0328983340720295,1.3109764465240503,0.019465586740967555,-0.34319155210950136,-1.068666287286148,0.05715296116560385,-0.9436000449371426,-0.08481130062658314,-0.30429128612726986,1.1008245704548998,-1.4421394241190373,-0.890960345662269,0.5953052038001903,-0.582864490135645,-0.8546213582336211,0.06160272183615833,-0.39742371736431076,-1.4681261737445501,-2.2767826918790237,1.4159869925111277,0.6184911479199595,1.5388145179301083,-1.6203580608056065,2.0996869325500764,-0.13508264042569237,-1.8558275007913523,0.7266988320894433,-0.7257284478362553,1.4727924388455587,-1.1788728553667742,0.9840566947383115,-1.6105194321277438,-0.2897507730240541,0.7795367979464989,1.301984197859046,-2.3189173773982548,0.3643605667810918,0.9420851601258667,-0.5820444356946746,-0.5217045924970588,-2.404937037092727,0.2144406224294658,-0.19163038442403024,-0.6779205932818643,-0.5213312186938799,-0.960948736518274,0.3272887881755903,0.04788546963621353,0.3832829805889824,0.08188656371981755,0.7375938174445528,1.3630080861455232,-1.0123587873675375,-0.9905726210419438,-0.3541716132996041,-0.7377955288636936,1.3333023448896821,0.14742719912575114,-0.7643900326754375,0.08948284662429128,-0.12090719705082625,0.2611756344670769,-0.07130920109107337,0.03573423910169016,0.9413695049479209,-0.835580554780949,-0.30906809249858136,0.7429490530513985,0.5355381612047325,-1.1804059325360032,-0.9317845288882892,-1.3464086369622765,-0.31857827190200727,0.8625407944171111,0.5440189278623704,-0.14615700401178766,-1.6613261225160827,1.1016264835529714,-0.4549509485635677,-0.33361636578256415,-0.37763253153294485,-1.4906740532292686,1.5024021735296882,1.7027764288490561,-0.18891016369501698,-1.5684488908935097,1.0526818513987979,0.6166979967639211,-0.1757623381634034,2.611353031467863,0.9418551427399333,-0.9411323205001016,-1.698070910242232,-0.42392374143271566,2.0734467452372964,-0.3666630336061266,-0.08171186382433182,-1.1616433954632617,-0.49205911239489847,-0.09932611081450046,0.1759280596303835,1
-0.16635451457876638,-0.19309069357269767,-0.7448125860451289,0.7197481855471105,1.1155795776194046,1.3676301597444755,-1.0998019672618444,-1.465151694959619,-0.04455976975043002,0.9316676362830714,-0.009604405748320948,-0.5553723627073831,0.5696809450679634,2.541138205540884,-1.295227952077361,1.337985528601539,-0.41113095002455263,-0.6828825663092075,0.8179279358151398,-0.2564148802435924,-1.286355661168292,-0.02355647633766165,0.13748007947230315,-0.03996127585860576,0.08591342696192705,-0.39645980482596244,0.9221719077093338,0.26649398692894555,-1.6573248141463026,-1.770780329401293,1.5617477433107403,0.8316304883161177,0.262808693303207,-0.5031449119931543,0.38931244357119765,0.9952535551371252,0.1940154621759789,0.6542101688545084,1.9047709362305658,-1.2296251762457442,-0.2304121975146013,1.0640965270604843,-0.9067097269980529,-0.17647009288040746,-1.7641721948157503,1.9965067287275875,-0.4223989515983279,-0.11180562950353617,-0.586848738508317,0.13712768281694243,0.142885710944258,-1.8239430955904774,-1.7125083139704316,1.0558449321591399,1.0107130363394818,0.7023082546440035,-1.655542100844012,1.0740849663486842,-1.40961041008135,-0.4111756588525696,-0.83864271343848,2.951781740822338,0.08033637303902054,-0.05610228065546661,0.3213181021930195,0.6443322595806455,-0.8997546966097002,1.3069908464374171,-0.2595297795591807,-2.422802360539133,-0.9236005219131284,1.9630357847847661,0.6403842570569879,-0.39626046930871117,0.8088724882833201,-1.4381206701587912,0.8547536487406513,1.4605597250223121,-0.7582128634055624,0.6409689062369724,1.1303855037163806,-2.0875634565815027,-0.9861191948496801,-0.2439048821721301,0.6585861547878639,0.29509801998394286,0.07121100047337697,-0.01465522744083045,-0.7404354219807772,-1.6052704954642978,0.1063712150446929,-0.2241080599655402,-0.03644254583016005,-0.2531703411404349,0.6069848291538341,-1.278533998864578,0.29772919718326213,-1.4391425933961344,0.2424880639272203,0.32920086891234174,-1.1700904016487024,1.0622982091160191,0.6873079792470523,-0.48767065440907936,-0.4870471423191186,-0.10592461173225852,-1.094804213475973,-0.46689707267821556,1.069196580582064,1.219585329341943,1.5520830828256555,0.7126365720950482,0.06652102813776638,-0.5046258371865376,-0.769596089855279,-0.1727996636554641,0.612154899261089,-0.0184243036555684,-0.35201784677561293,2.0655605685426437,-1.457342340331652,0.5155009963132484,-2.015900876683059,-0.3900232378136991,-0.9345971453718832,-0.13375605369857013,-0.12033848281852519,-1.072862272356382,-0.8099554950809785,-0.9155031860026916,2.334531927219761,-1.307173032508026,0.4246012674864305,-2.1141467753101955,-0.2204337511746885,1.253414729028744,1.149459054744172,-0.045097407181206244,0.6771816038002778,-0.06411370736901517,1
-0.020439686343961976,-1.3437685053846793,-1.2104810359133604,-0.19769746000140526,1.17894099809238,1.0495839788203478,-1.1734157134887842,0.03660235259323711,1.6070094961879204,0.7890040212312025,0.11198624161241665,-0.7903185196583957,0.29912236826376215,0.8646333107213344,-0.1681849013728601,0.31560721368946854,-0.8646949814818743,0.5563470727525537,-0.12205861391180975,-0.7019365966094161,1.0305582744271546,1.242162646137306,-1.8828817124248483,-0.427090625269483,-0.6132738835230758,-0.20126037022776758,0.5252747214578151,-1.5773463799091825,0.9998078116787621,-0.7436288571086885,-0.8236982237600907,0.4328902519900769,1.347166555573264,0.4042463732313708,0.03723479726728343,-0.7488781354918561,-0.026475165058964863,-0.5210630836570124,-1.4337574993106712,0.13833821457993742,0.9987525068743276,-0.28548396739739046,1.7234963442040163,-0.433654524675389,-0.9007236928874252,2.331718939286169,0.08424347894377889,-0.2752767284971457,0.09363297138958128,0.10443159420117154,-0.5496408123111571,0.05698032713223651,-0.5432071159299132,-1.2867054392587012,-0.6359595952185049,-0.9634673074403065,-0.1356568682296705,-0.6621696849125168,1.7708173869564539,0.22472161917974498,-2.1095817645691337,-1.377181797451562,0.030795244246954925,0.5780130059130583,0.33652296000467424,0.48097839125038416,-0.7586011857934625,2.014651860339216,-0.68039836694697,0.8650750621388424,-1.49136046812471,-1.4943711085171514,0.4088896680224023,0.7044471736571639,-0.886136425536295,1.0938979317758544,0.39520537568086606,0.2149661802591514,0.3642574640579858,0.1724885641130489,-1.0263270049793798,1.633745801158183,0.8085348206289243,-0.12347724780259552,1.0678794437401564,1.5638475769593112,0.962981686059282,0.4612129446219847,-0.69574882907796,-0.6616139067611619,-1.9023977574405293,0.24192523124011495,-0.059243365481110366,-2.312952580784413,-2.4050152345069287,1.6668401052339692,-1.7320396864593715,0.49206526978248394,-1.5156783337841582,1.3712570334760525,0.6157410322955813,0.5126754407820473,-0.9822910655699528,0.4003293159366117,-0.4494471671777647,-1.5384733515918543,-0.3574010285496262,-0.842799384612852,-0.9726436019771266,0.2290943741070152,-1.4972121015491575,1.4565431076602244,0.8259771493222483,-0.27169232427844353,1.5425645924402809,-0.8171460368854344,0.20009661391218508,0.3472866242202823,-1.25124219091098,0.8805088542898781,-0.8656063788221837,0.6734508553528684,0.09493878402893004,-0.779796891240437,-0.21947304247121915,0.4445581528524637,0.6312266284647268,-1.8014693982368641,0.46484326911970414,-0.8954379278614298,-1.290278854032086,-0.09112205076081098,-0.9934965833711932,-0.08070218088067282,-0.8119090112001669,0.25700991966811393,0.7928540696309158,1.1048250357401408,-0.7878880384137024,-0.383787554535924,0
-1.0684187018853077,-0.6232743218487007,-0.7898293353652173,0.37679968770919997,-0.1705055481077868,-0.04483921982155227,0.8692765844205753,0.8597523878611525,-0.5443429681792286,-3.395480066360287,0.946794464204463,0.860732272542825,-0.7280653029203722,0.28066924319985803,1.6533311990932156,1.6873482786145073,-1.1346807736116797,-0.3707386935332182,-1.7433767637029876,-0.4765685711733684,-0.6278803062651295,-2.5664902781212144,1.0453508458371703,1.4241740302483095,1.241256824498618,0.9644248860522708,-1.7139909885399305,1.8819216207937732,0.04779693219571448,0.4453051342559199,1.0563763329100397,0.5025370187401768,1.6512381888958372,-0.7353082197953341,1.4433179003866625,-1.4759134878402143,0.4148661781701134,-0.5360732629335256,0.2242426427778652,1.2599563148110446,1.0436476976068756,0.010255851721953204,-1.2190881045962871,-1.2211340684760266,1.2136060303963825,0.11596891367003798,-0.663351593825907,-0.9408925856873264,0.5747345405678183,1.7883744222327596,-0.24052568731630905,0.9862008683226084,-1.1183425547918942,0.7679016938368909,1.5340942898194176,-0.7349040811297567,0.8173821480956162,0.21722262970300044,-0.049940075043092,-1.4591254502289475,-1.2029062544885902,0.3954586046706537,-0.14720615816080465,0.31986021170750295,1.389643778248344,-1.4352793903498648,1.387329055694465,-1.1077370971339016,-0.2034638866118895,-0.5493759543069135,-0.9444565137285922,2.0026904345867518,0.18919076148237587,1.486400811364674,-1.0718280649793557,-0.08848095210991477,-1.247957703703947,-1.5593960517808587,0.40074950638240486,0.09484287513414003,0.816671392182327,2.4760667965370873,-1.23792285136315,-0.4576219427286562,0.5727243599854366,-0.8043974133865236,0.2935267961448898,-0.4912847185025648,-0.4098430315482641,-1.1234309668563647,0.3697513708122904,0.2899749767201062,-0.24795757984090377,0.6405729528580616,-0.4792942780972952,2.4780482884741666,1.0054570368064133,0.8827017919976711,-1.548261182476674,-0.07515494966955065,-0.6998304970907372,-0.42808883857265345,0.270467665208859,-0.2506159268548073,-0.2190752226565713,1.2021254493744347,-0.7532227191021472,-0.006165959828538304,-0.7825623973951947,-0.7737397872875862,-0.2265695139836558,1.1898158981932443,-1.2564392625463965,-0.1856677647267023,-0.04834577909126272,-1.6026587535087031,-0.7536605733023214,0.7561053925767844,0.40416587369355006,0.384460926541767,0.27075722828346704,2.063094637488713,0.16000321184951383,-1.0975161005097216,-1.1348652650424644,-0.21553835408599276,-0.3307039803092907,-0.535113488874112,0.7509846727408435,1.435664840990986,-0.17501396990741305,-1.1779949055430687,0.4932094847223303,-0.2780675869521864,-0.18180844991701633,-0.39704618758451493,-0.532568076202384,-1.426281634420474,-0.1882865999773995,-0.28688016251223475,0
-0.7728979033640803,-1.5676158127037476,0.7355559198062743,-1.332783580706494,0.03174374102148198,0.4653110433944153,-1.5844146754007704,-0.5542163119676747,0.8556050444817536,-0.4626494681931183,-2.198138546887704,0.571289730339518,-0.4553660808160978,-0.18796581579494978,-0.29952144916096796,0.7677649753887084,1.402418034730705,1.7986692252043661,1.3854729047773697,-0.19675094510663194,0.1888835776745321,-1.9615776990291138,0.6989316154174906,-0.4866461616963331,-1.5104867620354938,1.3455659007316543,0.7236799279235032,1.534852770127868,-0.6499216382172285,-1.6948836658223478,1.4475822702807168,-0.6562097561692197,-0.11274716476795922,1.4609446435033597,-1.1458676948024156,-0.4272280585496624,-0.972219424299069,-0.05669479314267453,-0.144112597904381,-0.9821967608934389,-0.21994125519155766,0.5427466926540845,0.6850271449112494,0.24010978173207526,0.2436783624795757,-1.5252398562435632,1.212729916042769,0.3038649118772797,1.3115388519085929,0.5073976465917479,0.9541661776721918,-1.0765997618003764,2.9242266241985835,0.2511234692035935,0.9204758016860344,0.5754358393390708,-0.7543600527589902,-0.8171328959027678,0.03146513729500186,-0.9927500138820553,1.7697900916008358,0.38540672781202795,1.2960571755482182,0.7016954611459205,-0.9987274500039401,0.45834293406226523,0.910819243747606,0.04884912083804253,-0.9405269045758587,-0.45219568480485534,0.3464808822832429,0.8884161093936516,-1.2010327820979652,-0.6652540345847338,0.8330157084775222,-1.1576040834395465,-0.10223784103731293,-0.0944770798020163,0.8771282277706582,0.3108643698057797,-0.09531228659903992,0.06383621120215385,0.21161427841875052,0.1480063807388484,1.0358944643315837,0.7560319772920818,0.08009604694892268,1.0474063403539298,2.2651304342350893,0.9000222970595346,-0.32565691778070466,-1.3877630858237318,-0.5962478010640319,0.03992080935382207,2.2520697648977324,-0.3610366857447958,1.5676487805604686,0.28531700197989834,-0.5328201135587287,-1.0546148387576826,-0.18118318735913388,-0.7417630955448499,-0.7989391794970812,-1.3106405480973047,-0.5711014499721745,-0.8120172292723897,-0.1599224405900034,-0.034596897030482014,-0.8888914741943924,-0.4590908997610417,-0.17959470302046582,0.5952831002529169,0.9029172105927576,-0.24686599589068084,-0.10875109939298913,-1.0057103307227362,-0.2013982066493967,-1.136098913875778,0.5552060243826917,-1.1959942285663963,0.24971802601373103,-0.6003198306088192,2.3827721110590367,0.61171563268446,0.5576990509320935,-0.19189088268076776,1.1813427475289784,0.1660417158024875,-0.6186033834032905,0.7394413220838779,-0.02490701072631896,-1.4995535753607812,-0.9648425767139769,1.2709188312564492,-0.30672573397547936,0.7510822227934772,-1.2971861328464807,1.0226924895963203,-1.9092370928128812,-1.5750093106369394,1
-1.4981376974864251,0.26193132227803523,0.24133955162038018,-0.8855260044813267,-1.8272682792366775,1.169965791584657,0.3309788391105961,0.4712127274267563,0.22620682242991305,-1.4569633037078942,-0.33310275377812687,-0.608047968846731,-0.9608512541527346,-0.9952219775023906,0.030010049718816243,0.6126685186427864,-0.14868163209471838,0.5817103499877472,1.1472881806924284,0.5482249007976868,0.9102360718135609,-1.0904146966448627,-0.5558157351392642,-1.5360911327849032,-0.37311161667928044,-2.3095869015394066,0.6417540177409936,0.7012420113590913,-1.1204118682601465,0.1504734262673686,0.8233881449960645,0.314396829384572,-1.2881745675051353,-0.11500410547315158,0.7979706558704458,-1.4127384340632125,-0.8400759832646926,0.3338650235706466,0.4448263604170745,-0.01202405027113404,0.04386614353755341,-0.6028774193472765,-0.3460440306507292,-2.0466552275402057,-0.1212406998523117,1.0232757834721238,0.8572681421567009,0.6860295040872674,-0.8957122341810587,0.4164385480431546,-1.017963383844289,0.2860802215367401,-1.1560097123802147,-2.0073493731555967,-1.8293457227780139,0.935103735458205,0.8642243463199766,-0.18950289092308967,-1.3086463444464396,-1.095767198360483,-0.6844755489974302,1.3772656842754893,-0.4770547517896781,0.009965987512257659,0.8549350252131952,-0.5022457393175,0.06667014659028714,0.5996874464626185,0.37269147901231525,0.5417946045785389,0.34615623412577234,-0.6738535358754949,0.46574429352777624,0.1545421828547277,-0.7067150466201052,-1.1277628256268049,-0.4292476957356933,0.6961621359393588,-0.049207119086293806,1.2543659933086377,-0.06152243359681372,-0.9224153757776581,-0.126115225542641,0.9173007534100954,1.1941242302077837,-1.4290834340712022,0.06678155441067746,0.460139557729704,-2.127716447563899,2.263092699230907,-1.6527544884026852,-1.7424628070200512,-1.044493391643838,-0.06160757497583283,-2.070011497931699,-0.3561364977232024,-2.745385219206283,-0.6389514389267669,0.2446240618414317,0.8842776607001022,-1.7100855879105756,-1.4602161070480681,-0.28336236716587654,0.8508573688054304,1.1778301094739578,0.0599331646787748,-1.0610187331678615,-0.7798816190518422,-1.458238183357841,1.0268832144913176,0.1068114455432767,1.3250425926442997,-0.8351638836503714,-1.171775363114821,0.9968663387229759,-0.5014893240001607,-0.44438768894884473,1.3934170966388604,0.18208837638706263,1.0798174179256388,0.4168496655148272,0.7286026900504019,1.2702401878545777,-1.034897123017733,0.8069004894651515,1.585649159277738,-0.7393425279385732,-0.7568263859933801,1.956782947598822,-0.4482141055922819,0.2672727966906679,-1.686897916101835,0.45281669258362495,-0.3740812419867203,0.4480106742479269,-0.12417987853544081,0.957207211753919,0.8676650749817777,0.13157609502534867,-0.6895212810940262,1
-1.9520759677650332,-0.3892987094132639,0.7077654352301634,-0.16627385554349428,0.17315300024281471,-0.09996380011694471,-2.1031667764936444,-0.07215995650940939,0.03450269336463243,-0.3864676156022711,0.25784049606741954,-1.7554686094551755,-1.3274382598745533,0.40363359027733753,-0.049196243317791426,1.340904542683538,0.6472229228203445,1.5464400995706278,1.357311664141347,0.2575744232523806,1.2063460041245413,-1.0678232668333678,0.6214772791659231,-1.053399679941656,1.6853312498835538,-0.017191313207128505,-0.07492727952155709,-0.8972520178344826,-3.2268693730322213,-0.049515371093392845,-1.2094312059570138,2.146756609599584,-0.02283598598817073,1.0455249297650824,1.249596181160939,1.5550067440883442,1.4534001858644092,0.9907029667452336,0.07389400160490693,-1.457333837706597,-0.35270167753350945,-0.24136054397877793,0.29259361464432976,1.838876874840761,0.12537531661522952,-0.251452308160452,0.15927687566339643,-1.4705852334732468,0.5629274919609151,-0.9890510499329277,0.1586829755919858,-0.8880528427548153,0.13627557417548333,0.24489549896860516,0.7513842906627782,0.6274945184420585,0.913434130009765,0.10601752370989047,-0.8435738229017725,-0.4811780162005164,0.25791496271474196,1.051669756488967,0.5248138121859253,1.0062683577090652,0.5201320720329653,-0.02936861265018215,0.28069325857201843,0.27099684787827605,0.40786643123896904,0.6195982349672098,-0.15005807526237072,0.3507788486454901,0.05999317855325698,1.461942645232746,-0.7662127067672388,-0.9278293727093291,-0.6191112527610189,-0.8483004067123898,-0.3817030328462579,-1.0959494787434705,1.0999199645763498,0.22376460600243672,0.34824990485262947,-0.8829149023658764,0.18840878432854663,0.16289815886718,-2.4471654027826046,-1.3223649366205987,-0.7454341046115542,0.6964617853899274,-0.42397600409460745,0.8276657876857794,0.5757202481401367,-1.8386606223005748,0.7017943919860771,-0.7839707453860097,0.5221725709420687,-1.569131463405304,-0.7471263126215132,-1.21994979970031,-0.058823496715044325,0.7473007434557153,-1.0747405583498006,0.6892024015905626,-0.09968170062231475,1.87475520425957,0.09917131486722673,-1.0281271546245427,0.7996719840572585,-0.8505778653565708,-0.910791533338939,-0.4548288935243101,-0.25212521403047944,0.10898056298882464,-0.9716748106049412,-0.5011564210942756,-0.6027511291748989,0.33655951314448124,-0.9795583262475234,-1.5935660719869404,-1.0949543611810568,-0.45258138502480727,0.3280190413832458,0.9164188663870895,-1.2287271871819854,-1.491013483898577,-0.1803575323886663,-0.6905699014406568,-0.4958707091718226,1.4290806384494192,-1.3279268430772788,-0.20788137961581415,0.4740445556912457,-0.7980215466285713,1.024630794867457,1.5002345509055661,-0.18106288247906713,1.5380699524967818,0.12867700217912798,-1.0488709457845617,0
0.8507795550052626,-1.0406955846090045,-1.2382697503996711,0.779697242618353,-0.7481224482991055,1.741180653086573,-1.678377566724333,0.9879583446410782,-0.13863311525294972,-2.1463779286333544,1.1249832700270772,-0.9569189037597058,-2.4293765092060506,1.8055874442572646,0.8079157187680902,-0.3048334807822769,1.2653332273965678,0.08042145258042087,0.16197077904751098,1.5930752285072758,0.3322313591422306,1.110425738030816,-0.5120881834804194,-1.3084589508905142,-0.314299051165285,0.6956704419213454,1.5470798498429386,0.11638193178072972,2.1620413521722606,-0.6784049082648019,-0.8595773064055479,0.1847743466844158,0.2746553653471553,-0.2846125077170781,-0.3812241392901081,-0.7062114735339948,0.7577176170664921,0.18626814098443806,0.42877968259784444,-2.4041890416605742,1.163649471520811,-0.8236460009944644,1.2928699646081896,-1.202237376692181,-1.2597587276322717,-0.4461868060575737,0.39785932483292374,1.1550218525483564,-0.17704556439529806,-0.6477797249918393,1.2361086460673465,-0.2605279396116076,-0.2114623434722136,0.9258759254361035,0.6122310451629466,0.6999638309039071,0.9784263897052425,-1.0829038214658757,0.25859049418751,-0.7962934450127046,-0.741283187718618,0.9432200791894081,1.1047882729999554,2.445997065876201,0.08728067498380201,-1.3322110958733213,0.8328032256359363,-0.7652401568861004,-0.48608646872102035,0.924376215875419,-0.12167729827148498,0.5114953947087882,0.12068368847574365,0.731737225663383,-0.24769280979589614,-1.18524533459126,1.1061608042422433,-0.6004359157373804,0.4876423278689321,0.4302357035681871,-0.08200200307925103,0.12165771442553516,0.06566287657913751,-2.353147085225538,0.13897076619669418,0.36584783032553836,1.0925803063007433,-1.3796714286002572,0.5081437848303847,-1.2339822645975054,1.3481033825307565,-0.46590689222834797,0.7271730653505889,1.434377249139373,-0.11987606504905675,-0.6453076918983496,-0.24520398897768797,1.235694281918713,0.8418713233528402,0.7832079537299313,1.6802271649932203,-0.07167242701678748,0.10421059641183131,0.5715314964033237,-1.3824587338144871,1.1262631135135297,-0.7050837082131564,0.28163829810206215,0.7245344215887483,-0.5511151250536085,-0.8929376307754154,-0.03170212444669061,0.6316406223162848,0.682132292278174,0.19782788951385,-1.0357848045846008,-1.1101997800913566,0.813158077012376,0.09135950336416455,0.8988190071076351,-0.21439486250093148,-0.04821505580203311,0.22310719292448541,1.2540894438688375,0.8031334402589521,-0.7989038555530047,0.12922872049631778,0.7339226412605477,1.167061196813886,2.725472925440937,-0.8886296290711949,0.703917945222166,0.9363737618182404,0.5702637308499351,0.1685470834405418,-0.2162021360558692,0.07682204346864022,0.337965207344962,0.33844532006297123,1.1338513276385607,0
0.1503907561438412,0.509798996071318,1.2820925378464687,0.5944895714889833,1.1399760157472414,-0.02952597213851468,-0.019873696697927743,-2.227967385986058,0.3944365821798929,-1.0779881093960841,-0.6362979346262951,1.3411557970728427,1.1641396640023158,0.2788910721890706,0.4705073455321595,0.8802705021225185,0.9301859335259193,-0.4822829564575709,0.5590507850493711,-0.7791713800501334,0.5594476987411944,-0.39674392339820264,0.05204795978787544,-0.6756516299230938,0.34068358003295546,-0.49947191510769834,2.6192344328160724,-0.8334537340026869,1.5440211261433403,0.10934836117579552,0.20571881662743385,0.8482906651007551,-0.8198377201049762,1.2458883438233137,0.17342668592179683,-2.0838224030087913,0.34646879157737775,0.0790215661003565,-0.2424745673303999,0.012681021360157637,1.7544464340940515,0.8552167008834991,-1.2347025152669808,-1.4762958762048066,-0.3526671814907955,1.52840198862377,1.14970477583589,-0.7873905393885613,-0.7823989775759468,0.23415587747942612,-0.04404670993616946,-1.535303352076346,-0.1504528028651154,-0.9129975098707933,-1.1972771641694515,-0.7321762362943668,-1.2753387005963346,-0.09199476745856766,-1.082734115270668,-0.23479214897234454,0.25863116333280356,0.7207288059909106,-0.2658608083734157,1.6077057541092086,0.670610036584476,1.1671916558649074,0.7540479939620948,-0.18151970154467822,-0.2901421580752175,0.1131600711011686,0.9719970090596053,-0.09576487126856387,-1.6251808522083424,-0.6065930202692518,-2.9023048496425496,-0.4710562664702216,-0.47277232507148964,-0.3074186606020811,0.5165404718482428,1.752022994685473,-0.827350511026711,0.4060129583041485,-1.6142738875280513,0.4320261197731384,0.14346871122549376,2.4927534069808885,-0.36280371813936974,-0.08017934997950177,-1.2692237181956645,1.3945953739858798,-0.9378726198636983,0.9516926066960119,1.5194053335884539,-1.5121680198459369,0.07279916040010509,0.15654725096036992,-1.4790655832280128,-1.541518419804426,-1.8393896130978828,-1.6372614372809615,0.8276175797268458,-1.9674370340165157,0.38479134942937765,1.316915849655738,0.8331047106601224,-1.030612572072025,2.3664248545924367,0.29748418494036416,-0.3298639144968101,1.8307457316034337,1.0096685408194304,-0.27665557969018606,0.42618968707523397,0.7336708762855201,1.2217668190277697,-0.9239341226223139,1.7749911343729905,-0.6100183215432732,0.2601233180450137,-0.9685942213228473,-1.8969744818564946,-0.9288016274741451,-0.008673753146552108,1.1023405550817704,0.06996588335026038,1.3345691455843867,0.5683462266301872,-0.41016709907445176,1.3741333470464758,0.262517046929135,-0.6463873936547169,0.18875755451168244,-0.19111766627331944,0.041776016861735175,-0.8768223204019698,0.9832073244998809,-1.0780927660803212,-0.14379187683855787,0.39104780000625183,-0.7506946442719508,0
-0.020122824060878196,-0.8599946941096448,-1.2721891764959983,1.6729581775521079,0.8764879253238065,0.02105415492699372,0.8648350778515872,0.7952110369701877,-0.3397903864864684,1.0303173770158458,-0.8452418538166593,0.8922666477660031,-1.5513293557485666,-0.32270747537452105,-1.3588160704811771,0.42518213229593005,1.353851268150001,0.850690732375411,-0.4241230053756713,-1.1557308336983338,3.00154006575173,2.7565409242729397,-1.2539850697764392,0.6386468232708892,-1.179520672868418,-1.3383615632000465,0.0519725009539094,0.05394009044892389,0.9385246703402629,-2.1475793934538867,-0.04867786442713363,0.3071199734181724,2.770136860737075,-0.8787162447948569,0.40928487811172276,1.5285434117025094,2.173090956645493,1.7304779164664836,0.17593066452555164,-0.14695396932591095,-0.7957590940985237,1.450569364393949,-0.5250675716057238,-0.2998621582915736,0.2357895973108714,-1.180844704232166,0.32216925072971464,-0.7204889507757924,0.8028836056043459,2.8415919436605495,1.0612054366467445,-1.5419484465295157,0.3038298661511079,-0.6002482831808139,0.31028913859662277,0.6813108617544542,-0.5112325756569008,0.5564237660199916,0.9148167345800345,-0.33597106578975366,0.6929285777284511,-1.490643619499988,0.8520738100422002,2.4910068075683967,0.994874899336857,1.1674900122284693,1.8436386527497808,-0.1190627589640515,0.8308834956306714,0.17051396401714947,0.2691558626701364,1.9058248878979638,0.8746572564734899,-1.7461209950724612,-0.7461556086302367,-0.6014441274692458,0.5375448558911885,0.3355922075905528,0.043830765098048355,0.8791860127951684,2.1374103544046528,-1.128704992906135,1.9888365712270204,-0.9452681465039033,-2.754876936021212,0.8289797724829299,0.40327510424768104,-0.5920937499822501,1.4388579929689493,-2.6844213720950156,0.9059206373206752,-1.2481437966898223,1.1771731028550427,-1.1425498243127379,-0.7327594578928084,-1.0332394554221704,0.20819790998252857,-0.16365012586269354,-0.965791155332508,-1.4832431155161792,0.13440065437308582,-1.718218872412613,0.9321025798230433,0.21088876028605455,-0.254232765756392,1.915346660674389,-0.9719734445117759,0.2503714828835876,0.7171324911499123,0.3102875974655804,-1.6751536292858973,-0.7868943438681291,-1.811729466322123,0.21339857383058924,0.22742558397282078,-0.31016107841268037,-0.3781114314604033,-0.21711952873014245,-0.6243872135085264,-1.0968306113925752,0.9541686818109766,-0.7364140641963467,0.5665463805603339,-1.0884464823581637,-0.8465444462396651,0.9749239781961373,-0.12035873223084437,-0.8001667379496376,0.15387430203583555,1.2579157739583762,1.150866242393122,0.40800563221212044,0.9600101235502554,0.42017435992342705,-0.8824506554310615,-1.0963766131807386,1.9683916126736496,-1.643255096351411,0.44738193429821566,-1.0380571030761794,0
-0.1623932116172019,-1.7581605801488112,2.1042812707457217,0.7949800835097275,1.0766780843614772,0.8402057412906796,-0.44564385075521956,0.6854372847950366,-1.145474038068279,-0.7814355983851652,-1.711416119187311,-0.13863644489266513,-1.2749272178751163,1.2762327911482814,0.897421448961748,0.598975667435547,2.0376618883654305,-0.0658972108835203,1.183464293214157,-0.475348456722442,-1.7977202758582158,0.13503209509454647,1.2512710573206745,-1.886600612892365,0.8452521489965423,0.254581401840122,-0.20797037749968025,-0.5820353378660725,-0.3535570881142736,-0.23554842726046343,-0.4906557450821949,-0.9777140357814933,1.4626081270259297,0.7120963936207476,-0.8884424295302533,-0.00676157668523108,0.09186217916594222,1.5536372723895941,-0.7436816395829535,0.8202115073077811,-0.8657486178809588,-0.6763473707660691,-0.04753432609386962,-1.4289017951014027,-1.2192741098452877,0.1388586300803205,-0.0069087086839842785,0.19334859010687816,0.9688210585315494,-0.4057669106036285,-0.5693271595312926,0.6723850267156511,-0.4883185649517216,0.7733048612250575,-2.1069975416885187,0.27185637867280665,0.21330505559664054,1.5725739520170476,0.7026261000149755,1.048132428256084,-0.012785678033886314,0.33627800556722837,-1.0374504872565637,-0.5271417523946398,0.5105441376596073,2.0573365864190616,0.959617317158007,0.7049513194659728,1.0669275124498854,0.5078864812836807,0.1870679118352204,-0.13434483162120395,-0.7474859696681881,-1.1629920204528597,-0.1350828052096934,-0.156452016708753,-0.7795009658887685,0.45182493722953604,1.1960567514052982,-0.4747471551945611,0.17666365014210106,-0.616311950951749,0.7593699148075755,0.47554786846951014,-0.6296854143263336,0.4402822291733717,-2.219091507269771,0.6007428613785958,-0.7242026442815208,-1.0148982402061129,-0.8513301150871011,-0.7452894547215675,-1.3083149092570245,1.2832250911701029,0.09816866532639423,0.9603491299085142,0.8078476470882754,0.03481475032731306,1.528743753899379,1.5522985594730165,0.20366553784171273,0.4050685621179244,-0.6510528162450516,-0.07660280809178648,-0.07010151627483913,-0.8571653712323563,1.0223979446840963,-0.06007239563041704,-0.6692460652208883,-1.0311035749944584,1.509578551628721,-0.8957928466877998,-0.38958089615321995,1.1703923693049565,-0.792528508167744,-0.0634232957709015,0.8600683900928882,-0.6253385800532937,-1.76402284182318,0.05649754000383671,-2.4469672809641088,-1.606589435797991,0.6833180917950653,-0.13707401663238736,0.022674510025693602,0.8377836124548226,0.1582961745616819,0.6061377586931583,-0.2566374142449768,1.7402179209128148,-1.3768424927155607,1.6016366875826766,-0.4187323548301379,-0.9973961723956625,1.3536805455581051,-0.5279861125811687,-0.6599395234829168,-2.434204699900137,0.21677822675501765,1.5895509543586417,0
0.26724014975565685,0.1562895092408594,1.2875253121893069,0.050727856846082595,-0.45607097580891154,-1.0317297269013408,-0.2606309455138207,-0.46256429617248096,0.8412375523056662,-0.0405945633099214,0.657268349145807,-1.0084417919440785,-0.6673038484261015,0.3641560696333732,-1.4555936755467072,-0.8472274332839481,1.145432049726916,0.7527495495914377,-1.4441838659576132,-0.2811435138951908,0.6809929476486908,-0.07540780187928069,0.7291861946027839,-0.25606234938794503,1.4075408996824503,-0.8148206933824339,-0.09536939603458809,-0.2731688103972769,0.5309394670911287,2.586864999750875,-2.1362869031030516,1.468252594930416,1.1454066542330783,0.401847715367117,-0.19439242468109483,-0.7295202785224355,0.8902939317590405,0.6778774349309163,-1.3888453446093667,1.5970651945727654,-0.049983936716027584,-1.7336689042519196,1.302984443238994,-1.1571586556832536,0.25501150843254716,1.8137927955722428,-0.25810465137570726,0.21036082994334276,-0.8874997887086021,1.644296848296542,0.7818152016716388,-0.09860106853007523,-1.2133390431728381,0.11471798676448935,0.6666154582900007,0.3667399216746057,-0.16572219345466632,0.7204865272810271,0.5943748308179152,0.8100279789529848,0.2754710347459146,0.4525430255836324,-0.2710678641703691,1.128028229718044,-1.4580744380318384,-0.07551476027750104,-0.8239027311255585,0.3159607944310094,0.9631788854943335,-0.9872890186658081,0.7168428617897888,0.12114732566036919,-1.221281474061906,0.5843442173761533,1.0618271014828,-0.19577977316019124,0.12066759264530992,-0.3829075158428186,-2.9623073218337024,-0.08974570020867366,-0.19053285652338017,-0.6860907288262705,-1.8826339330815878,-0.32965679868552283,-0.6645610239543666,0.6289991696947504,0.27341767396141514,-2.327350194866277,-1.1904412462078617,0.1227360244922728,0.3346375043058726,-0.8648772065338571,0.9089047842352539,0.6818424485661587,-0.2762506584029372,-0.5578447857959496,-1.0296146766527896,0.36620423558999776,-0.2880481470312906,-1.3100121098194757,0.29764524479362714,-0.8762997953012283,0.5092480555012123,1.3374132425559886,1.2112319331716217,-0.2830554202810816,-0.30110332324073846,0.04052182344380777,-0.135617832514666,1.774630326486763,0.22513562023108305,-0.40640375099046533,-1.7648025455110885,-1.1361494703598474,-0.6096937655332506,0.9040669972229356,-0.898912658013848,-0.7879433712112187,0.4060424344398104,-1.5891268290249132,0.28380909151343564,-0.019841433671323287,-0.4063574310077048,0.8082919420787678,-0.08901475495046862,-0.02993737232247313,0.902762240577233,0.7644090019050995,0.6477356329181168,-0.5294959637153881,-3.0189151256869833,1.1689714328740597,1.7757048033313485,-1.5461640212127177,1.6989206189213966,0.4433595411864354,-1.5869027918194736,-0.1413202029531469,-0.3293325299175933,-0.38843136811184925,1
0.5019137374315832,-0.17771984625379583,-0.684363232032763,1.722138495693259,0.4862350788456317,-0.7142179289456173,1.4680514878697972,-0.4077852983370107,0.33368569337356063,1.2368572084849037,0.3233487795063295,1.2785358188275129,1.5834562902231233,0.035685959559155676,1.8216602299324312,-1.2582271090319397,0.6137099950763467,-0.16218542511956752,0.7053280771445165,0.3922627125981909,1.0067947102007555,0.06974570176040037,1.5834670832311077,0.32535519839944205,-0.34942372209515965,0.20818268205927737,-0.595791550043202,-1.2002058164791283,-0.2548170088202512,1.2588762951181154,0.15121746374741887,0.6622005084017637,0.656825241714234,-1.533172594154988,0.32147759820589067,-0.5148239184010781,0.18945519010693238,0.5946354123306397,-0.8263874200325231,0.4836698310928089,-0.9242473353574188,1.967626807154428,-0.8114785818367475,1.0635919440583792,-0.5812831230199692,0.22631023749265916,0.8557540507297889,-1.6322901584202023,1.8693324767271953,1.6115220529722796,2.3356954135136165,-0.7662260224588622,-0.4207527215463353,-1.732460158563889,-0.4265001573835328,-1.0027345054486492,0.7856306985737829,1.909147004882199,-1.6639571907023862,1.4655147493323706,-0.6249056049966187,0.14003751342448986,0.605469784726436,1.4238158622166435,0.9141933622115906,0.34009476674069833,-0.09204716899526158,1.2484705541543781,-1.3654368639622951,-0.5840713778404664,-0.10283114848204268,-0.20012978105342352,-0.07606631600417836,1.3340608456049958,0.026495002756893267,-0.6032623518945353,0.9016994875906245,0.8252646696426191,0.4593389935073387,0.7333942349638779,-0.014751200585449912,-0.0877639370007679,-0.5432269714343188,-2.0019013240398422,-0.9282261848261194,1.7008303203158135,0.6668903251923777,-0.015225826765279612,0.27089247828230967,-1.1978782143782285,1.4289059099888568,1.4914541470319604,-0.5307393964810436,0.38256211034794696,-0.8000052535633783,0.505085051253794,0.8371118926467356,-0.13591458863679912,0.4939101447206799,-0.8266431383620922,1.3364323825384963,0.8366394459171693,-1.4281982694894573,0.21543423065383493,1.1011584253392297,-0.03985720308528651,0.20160577438875713,-0.14145240777522458,-1.0719776855569094,0.9013854357186922,-0.04370274964487527,0.37174602562250947,0.5553539505466257,-0.9555084517467943,-0.7366550451633651,-0.03274791525586724,1.4348983493849434,-0.892455728718501,0.6085427751809658,-0.18715599851634981,-0.6605861915869472,-0.5493711814986264,0.6562555094906843,0.24222410926162463,-0.7636344171222635,0.0527548265426723,-0.8964425193157196,1.8107475102595532,-0.8237056571115793,-0.15832285935165494,-0.6935631178071986,0.32435537603377684,1.2825095796161476,-0.05817021233642363,-0.8024300811851787,0.6765406058787167,0.09484736629156255,0.07976968221987356,-1.4830627244819001,1.1040666960195031,0
1.643546659712315,-0.42369027026080164,-0.209039515256089,0.3226643954390749,0.546622492579014,-0.7051130282408845,0.4256743358342873,0.5428784937322154,0.3571225636137995,-0.5129379509863264,2.0525597812839025,-1.1516284604912594,-0.16973902657592188,-0.034096676284589386,-1.1028783955661523,0.68656167425985,0.4412485861750656,1.6118265822409836,-0.6250140977392248,0.5096161150208984,0.03138666218068621,-0.4283431197318206,1.5014623017019233,-0.3718774709336645,1.1070579280982606,-0.6246675936871589,1.4735553270070576,-0.16066937091574646,-0.980233691545045,1.920827744452673,0.4795562245370403,0.9667586994849743,-0.9434972081855473,-0.19399877815915495,-0.5451223001697628,-0.16522151727120465,-0.6790080633638328,-0.025482628647967073,-0.6578464213588399,1.2357666668848806,-1.5626802302464793,0.8790972847381551,-0.022942385073999896,1.0355512596459966,0.7887256155114144,1.2193917436927373,0.15707632053206538,1.8984715439121542,-2.2890439769857074,0.1382284500805867,1.2898059799337522,-0.7127590567432291,0.1853072511511692,-2.614727853612559,-1.56284495944069,-0.7975471500343354,0.8798195251023352,0.1086372731636924,-0.7084106901777886,-0.3103224153458933,1.2275424376055437,9.614685613816429e-05,0.48305303856674137,1.7424295327530146,-2.1513510235833526,-1.4024273438939134,-0.1997078868463039,1.7647096846737422,-0.29630181831076197,0.09858792372217312,-0.07596121332285512,0.6914751783198525,0.2259501176047551,0.7178473849304251,-1.0810415481514182,0.5730489301932848,-0.5322657797335686,0.04019074782111283,-0.2012883345080075,0.9993668323255537,-1.1620018923523265,-0.05018940688684265,0.3994395391108884,0.8975801241611691,0.13392437949684594,-0.5239145117064798,-0.04361318910868992,-1.0645492669588335,0.23832280724910834,1.8508250236674906,-0.9224639601641098,-0.06869454746478346,-0.7858995059767424,0.02879078802354246,-1.2432407619411767,0.6650770170317355,0.8740355967836372,-3.106050196802852,2.251099170199629,0.057936871031417515,0.6494330962335904,-0.7661748657470409,0.30418981635871295,-0.21449813914937624,0.25693177036028364,-0.6397461890354774,1.1768053082806367,-1.269108715059978,0.9101413788434853,0.2909173225445431,-0.1964355574439904,-0.21072986856155349,-0.7699601384232967,-1.038156536506424,0.15229883067264569,1.8512662527472545,-1.8169934586162588,0.3009888906347036,-0.25943267936840386,1.6725159108383216,-1.596897447356407,-0.18978780412150473,0.28349977490351835,-1.82273179043589,2.1274234844813944,0.6848415769486346,0.5867708162632503,1.1239736611113762,-1.077587673661967,0.7269971823391074,-0.3527915011287008,-1.4764325006625005,0.9569083711129721,-2.496016845864079,0.5016920635259463,0.28718049803910395,2.2163708861969535,-1.1248042651741865,-0.13985522490530128,-0.0015852021909672374,0
0.5453330815188805,0.754622056070619,-0.11626727926875965,0.41866618534279354,0.5692921754211894,0.8005295066485163,0.2856677488248948,-0.29975451176168,2.4244230551849117,-0.6336743062087477,-0.7567475997832831,0.027679579069830474,-0.2952866754444764,2.6272939803878534,-0.9945546625134938,-0.5116823022769937,0.08932774529602429,1.5059648648939679,-1.177681669844176,1.02591933640547,0.9116280795137781,0.4142734656300388,-0.7218971760040613,-0.7252948375765005,-0.2177509566825414,0.4263039795961907,0.9841895072328554,-0.3791625334020775,-1.1144053374389629,-0.7757852198572481,-0.30406741547548377,0.5941783463697896,-0.7853696214150779,-1.001060810822201,-0.20776864896967143,0.25233608374131217,0.40970606075686294,-0.3825772739762084,0.010830707956403831,-1.2982073254435968,-0.2937363515703439,-0.009961944275008409,1.6057212916855077,1.0126975985286415,0.35082305210829523,-1.3484003941533054,0.43611211403566386,-0.6446827843441157,-2.385183610042413,0.9561095748754636,0.6423713258917737,-0.7588792570124784,0.5183349897890166,0.015560544445418743,-0.5216493302581724,0.536970434889026,1.1668760643731468,-0.4531591151332554,-0.8600034902063327,1.1962609843458658,1.6217877972639447,1.7229892426328497,0.8788728596149125,-1.003248021967038,-1.3392553417219495,1.2463175234485544,0.4280724060964746,0.6540962213021116,-1.4494529881449443,0.5637772689935509,0.9770586921854463,-1.3517346030068031,0.6720241719160391,-0.7890191287077692,-0.579759269130935,0.25118746862184255,0.6103255459844041,-0.5923377220693278,2.046447825959101,0.9161669302345803,0.4501844799153376,-0.6104299760328977,1.0539566283695603,-1.6500326447959872,-1.2011387589243447,-0.37921670846428873,-0.2959394619332629,-1.006296559285353,0.9785412992517246,-1.1895732865077755,1.626591832906226,0.5090851974197592,0.039416460599018155,0.03442094738006572,-1.0396191332990377,1.5831509605333756,-2.2967711012039906,-0.10452850176568924,-0.12994908691433468,0.32584877496864606,0.34658114159851244,-1.6768370184956927,-0.34576489587651377,-0.5968506731719444,1.1697230800437342,-0.28027630411960264,0.13338311065323954,0.7264188173749285,-1.889705402664127,-2.088777040415374,-0.13544506314174729,0.4558769760459902,0.2996645611961206,-1.1235053002278326,0.3325917216027907,-0.6093753080771335,-0.39708421810405137,1.3085507263434066,0.7708254236641581,1.0053654934549279,-0.888703154671617,1.7531772841996365,-0.22436975130632109,0.6709827062711565,1.5101549942920969,-0.9057487543226352,-0.8359996569099085,1.1112804852867129,0.5245946074572577,0.4754328976347518,-0.04067860648858439,-0.6086274186020985,-1.2192924624172834,0.7801575709534739,-1.0182581448158314,0.5112510439692931,0.028148515535194863,-0.17040283997966535,-0.08184742800823624,-0.7361699384066787,0
0.5943629722236945,-0.0866472005036995,0.0015000703004306175,-1.0513108130434603,-0.2645083518062126,0.19158107489402662,0.38211556951015274,0.11760993673957883,-0.02214149461369923,-0.33400734679380306,-0.2957294706996273,0.33098238813962955,1.1449689118528321,2.005902374958214,1.1140553852112982,0.9201490926286551,1.4024129370591836,0.5067351329137495,0.45931580544015965,-0.33273543564831315,-0.12258601852127739,0.18562669190612405,-0.23455989323812296,-0.8276562041310549,-0.019706580761715567,-0.20327806756050468,-1.0307126281125163,1.4140730643067456,-0.85424364042217,0.3996288687906638,0.2613845695747018,-1.1148887322774748,0.28072728527266455,0.3960951629569922,-0.08546162523440114,-0.06220403551491156,-0.583552694126838,2.609387455244886,-0.06731161262463888,0.45714181902126266,-0.34236921018383326,-1.0113278910843244,-0.03907958211420547,-0.6306348898521931,0.7903122536037333,-0.22853013440162512,0.08419113819522556,-1.90149753105965,0.5560276233582732,0.905898658239329,-0.07904689023993244,0.8970250373771147,0.7675638102673616,0.8040864478694334,0.030803398430188023,-0.5557054231389315,-1.550788648437023,-0.4006548293362881,0.14471585829505415,-0.5476340435978932,-0.35684729883010313,-0.05742554294808535,-0.2436471396096035,0.5327194618426286,1.0006779184606405,0.6164597657914689,-0.056119756371865635,-1.2244182657759262,-0.8894499156851452,1.0475965509672953,0.11374847140842369,-0.9097186652375776,-1.2070819201020713,-2.2183856002073927,-0.3415664943320416,1.1895691175611938,0.98455833099649,0.2175764324918763,1.3178552694937467,0.8227310034145516,-1.2533977654745014,1.5542282291284668,-0.2590441096766305,-0.8781534129331113,-0.3611745360544307,0.08169644151973036,0.1537437665567353,0.1218766786995896,0.05699551219160042,-0.4773734620260132,-0.04447796984481369,0.6860822894490036,-0.23859910454534108,0.29369456856241294,-2.0719112882004245,-0.34575926134201884,1.6872147542382918,0.36365714514863423,-2.169340111689902,-0.21567520603201287,0.2455358315742445,0.8052059584076502,1.3755954012278602,1.7093927231399353,0.4046366535168166,-0.13065895454675347,0.0812486179057126,0.1755951674852211,-1.5482320966788385,-0.7381118701185362,-0.09759399252500288,0.3823601353892485,0.43835362128008737,-0.15766441292791744,-0.9281537297224187,-1.0059061522386958,0.5860229836630446,-0.12735093428044222,0.3770289400421563,-1.0939855924453898,1.3887573423782544,0.7911249899881239,-0.9411766149257876,-1.0613819767784447,-0.08698641165302215,-1.6364402353163388,2.013187785718709,-0.9382878974121129,0.878382021793239,0.5994505294006218,2.152576268505153,-0.8581047879003164,0.7141610121168536,-1.0217754520118465,-0.26165061335077133,-2.3183430021637954,-0.024709916035195744,-1.0735106450288094,-2.683010091487152,-0.8132107964984292,0
-0.15356722152895644,-0.028855011068530802,-0.20793385034773906,-0.29264697300376263,1.5833568731287468,-1.2486617426703785,0.19151265482315724,-0.26344855658954575,-0.9764031659416402,-0.11334347125809306,0.9768011854608544,0.42783493112630194,0.7482170346693074,-0.2425785535381482,-0.21345011797440036,-1.0710364685362175,1.0053412598383642,-0.34670642184550043,-0.0330230095249041,-0.6047189438750527,2.0412197918855552,1.0037391463114833,0.16648107807793233,-0.0725822221100474,-0.0631858596495956,0.8367503390952055,-0.2879994967356626,0.969306393491543,-0.7389077137913337,0.8622362359732083,0.007169135188644113,-1.662879993578285,2.1214798625876155,-0.7074532637120042,-0.027201473245921905,-0.4781284754412351,-1.4883886603146304,-0.47993016039161207,-1.1143109068695265,1.2008472712559595,-1.3971711037243355,-0.019846139641818788,0.2757492026748488,-1.267653415085301,0.060683994495618725,-1.3060138929464058,-0.9341984979524112,-0.8877078131243034,1.0832293456344755,0.7123351709111113,-1.6985071041496795,-0.06730937834390693,0.2976440749867524,0.5885958440928607,1.1418026695203092,1.462106518757214,0.16479030031558323,2.5098176516382518,-1.066010899563593,-0.005606592316313193,0.17431026168447536,-1.2932078068972965,0.2365369980484598,-1.371941433829635,1.546651587800677,-2.008161807076048,-1.683726270745409,-0.12783398846707286,-1.5814400967472548,-2.0538830924587126,0.12818133753311947,-1.5763434377363417,-0.2716093410866363,-0.7596138847028622,1.1098408151441044,0.031525653324005753,0.06328291329257277,-0.5069786726947004,0.10600473312532535,-0.05692280224454984,-1.4600948562765514,-1.3827417985625317,-1.0846690079688273,-0.8311553496239213,-0.5875548341827584,-0.7025191687318614,-0.08394881393464014,-0.2690280828264139,0.13443087874554066,-0.5141273044912329,-0.4719797661822685,0.40584294882345057,1.1585698794339836,-0.24957955246362162,-0.7949206034026999,1.5803212269189977,-0.49308998937672754,0.25385581298089094,0.5922430222409564,-0.7085692310837124,-2.0430055776072735,-0.21667021697359468,-0.20346595424110403,-0.7601287340411834,-0.7705965687768755,-0.4034184396701852,-1.1906155434554537,0.05334892244073219,0.41379561139415555,-0.014761575002153244,-2.1499492735714876,-1.2281656409988844,-0.06021791360793733,0.5919908448320323,-0.29383904419569973,1.375749239759314,0.48393346989094466,0.23143315741832074,0.21941396471960647,0.06951571398824104,-0.1705588536723321,0.091183925690264,1.5550953793113143,0.5440553059725175,-1.288899937817248,-0.1883811708414527,-1.200370610136915,-0.6451834274702223,-1.5469293967875513,2.448916273466456,-0.38395645529163086,0.47018834120542136,-0.3483500104377309,0.0530743895817367,0.2766857819302255,1.3798382600913461,-0.10843640597166666,-0.685999286896856,-0.8433210444215313,-1.082637665082927,0
-0.5298618125792997,2.9540264251537565,0.7399394985419835,-0.2796026625241412,1.3358434028706614,-0.5123048731577131,1.2681888473897482,0.3404938244628546,1.2729592720263372,0.46536347246650767,-0.9695973893980702,0.20438236921349442,0.6704610518250342,1.0035937828909882,-0.24250198169224296,0.16633538670515824,1.0450441037143452,0.7207525626275244,0.47110648662334764,-0.13560789457805525,-0.41891980109123567,0.16873781388812487,-0.37878548859539557,-1.1184359698141213,1.2112952096402774,-0.9313035890992769,0.9993410014384964,-0.715155825348549,0.3908325565683412,-1.7132479733378927,0.5668819459325654,0.17318694493074804,0.6389004733742099,-0.9885008047937832,2.3755193895856412,-1.9356201386359904,0.11930384514979225,-0.7990344623993194,1.0102049240904427,-0.7336480657885847,-0.35776214770248993,-0.10584572771481394,-0.17815171062153715,-0.40068193475047237,1.2043296036917963,-1.1341231407320727,0.9888698911581832,-0.7634720856836503,-1.8318554546512664,0.5054482091343245,-0.8352956435475875,-1.1542997165230282,0.8000436376871153,-1.683288505203419,-0.6711635597969824,0.6877574256673354,-1.0938185658683734,-1.3197464907079284,0.05209922578826501,-0.5890200272510453,0.1556766775489291,-0.4587439894480045,-1.05148302508472,0.5079030908635976,0.8559877177044077,-0.7007411676810466,1.7833164543640554,1.570239448123319,2.483544434990602,-0.2384315357958337,-0.10284159312324868,-0.39385305209477256,0.4496851996732175,-1.1672082312191008,-0.2548290432642242,0.8122899546102104,-0.8072229537181941,-0.25905080593445307,0.5189226563257693,-0.1885868097449625,-0.575215834475195,0.6755974463796317,-0.015923408866957926,0.2050096401086361,-0.6857194377526787,-0.5950511725750728,0.7148998345439664,1.4601990431599778,-0.5084052885326308,0.7225233977116112,0.5646567237859325,0.7876451164675572,-0.08618221575180048,0.9551231527559572,0.5475088387322347,-0.43083227488463555,-0.3883111137463755,2.3903171543610617,0.8098376706683659,0.2565404642398143,-0.28043134037821754,-0.3440287083881595,0.2368150243412527,-0.9649285252088434,-1.5106383846732856,0.6639596740757562,1.5317671131634232,1.5603074917419515,0.6531592471947392,-0.4016549528687848,1.4257792568725642,1.5775717694152003,0.29342073236169225,1.2543431708937756,-1.9841233481393894,0.40192532096329375,0.4006570141938011,-0.5301713163600835,-0.3379314107443115,1.0474863835264057,0.36973313783648337,0.6469404272250096,1.07432177763688,0.512078372099663,0.38398815020265314,0.5383290293968941,-1.4173909503733488,0.9770110422034001,0.4519680661381552,0.6895697512922383,-0.026093237449353202,0.23481810988930993,1.079321109266265,-1.5896389979909507,-2.3596417065223907,1.0718182301414925,-0.05957713023099092,-1.9886883732396266,-0.5975903307337823,0.40979129216333354,0
-0.02222493298658461,0.014477573031984159,0.43917353676480575,-0.7728246083142142,-1.3755995794499527,0.8202718941740992,1.3785701503302707,0.0838694203458941,-2.293818553180055,-0.20204440010607708,-1.1689412692744412,-0.4118965266104975,-0.13101850126271136,1.5500988526300943,0.6917111158858751,-2.4260284040145192,-1.3684281543233707,1.1061321000123945,-0.7177607124167961,0.37614360975525707,-0.6324704980953368,0.8751684680784856,0.3619807973801292,0.8401563577625872,-1.8427565614469827,0.5000297976588256,-1.3916879199588206,0.8570142321816098,2.102393222869559,-1.6138110744419878,0.5843604978783723,-1.383161608962477,-0.6033314252832461,-0.4425118745749999,0.6197547003339889,0.9864195587532992,0.9831990743559936,-0.9152277399400292,0.5946698003357338,-0.7935699747134587,-0.10567698688447645,-0.7957606605646275,0.5581615459772483,-0.7007444154652996,-0.03869330473384602,0.5472297091589035,-1.7106598126324863,1.00276863266527,1.824859168161697,-1.1991213284123943,-1.910678312604216,0.3712041296921866,0.63939532033498,-1.404809030181044,-0.5379050716330305,0.23115314610571572,-0.24797042064050115,0.8519111230705901,0.4565392483467978,-0.895556114850539,0.8465328543454981,-0.14311657301540326,-1.0250275987117292,-0.49375851372969265,0.5945861529823083,-1.3687093305452516,-1.1558076880954822,1.706182784050936,-0.9769685856824871,1.2784436743886802,-1.423425186488901,0.2894248091214319,0.9834146063189494,-1.1221253801962114,-0.8219745061211505,1.1499860283247838,1.953758237447256,0.7304396030529919,-0.11488323012318477,0.005163275486851728,-1.1168104257325742,-2.0315261335838577,0.7344813313296477,-1.8299122700236268,-0.5219455572978388,-0.11292712558168036,-0.8293591066821536,0.7106147647250718,-0.016013634408132336,-0.455833306024068,0.5584721199026081,0.33302218735317723,0.8367459404292346,-0.42417128762597184,0.8312520695153619,0.3043451010062828,0.7068620781226622,0.9487961369177754,0.7578556942869601,0.000874356261796995,0.31484626526853904,0.9479300582148061,-0.9824648643191441,0.23353180208126545,-2.068460181073982,-0.1860993635682542,-2.3626799859595446,-0.7337682048296706,-1.7893297391442937,1.059311278775844,-0.6302511065037343,-1.0167945502666536,0.2257200338795138,-0.7420108115814917,-1.2812949845336281,-0.2763821571834154,-1.5423228656403505,1.9562608375819432,0.13071873237858947,0.6583187400292791,1.2709602795481516,1.3237617231505523,0.696223624914074,-0.360494512671474,0.25062010709111776,0.06632480200909924,0.09629245147116171,0.5079490333368899,0.19558286766716343,-0.4070682187727666,2.642082097453372,-1.3315411481709662,0.3222862691420206,0.6457978466942199,1.255813191202169,-0.13381822552023018,0.6845582693848783,-0.3164425770375634,1.0085509674118986,0.3125087981154984,0
0.8117098043238057,0.33943947416874465,-0.2745817652729993,-1.3097499872515963,-1.145610124200292,-0.6336960804592711,-0.17053711747533226,0.6244523621802015,0.008491460843359767,0.6222120929794218,1.3226663304335915,-0.5231532463263291,1.4769993834850588,-2.782603870578486,0.3228287303140504,0.45714745030069204,0.5704836020669427,1.2000393716620117,0.8456370569266659,0.8727241400080541,-2.1143765243673354,-0.6668777122351356,-0.2838532883978919,0.7414098005624087,0.8872572062149273,-0.8744151368226653,0.4307845127436595,-0.9964073212229907,0.6298741658785972,0.9246999885385682,1.2289062072579624,-1.2319891874750413,-0.802059227475104,-2.6860226216169822,0.8482298191269534,1.338985891795711,-0.9984675133126382,-0.8204809204178819,1.0218076792104442,-0.27481986832655236,1.193824379452676,-0.03673247224036213,0.5561788732381211,-0.6661418210675643,0.028257291374267347,-2.631638975303346,1.904588374097828,0.5633320124713199,-0.28317703886434437,-0.44868942517905025,-1.5073967146316742,-1.077330988986731,0.37666977173362454,-0.0037264415151146055,0.7436720446280284,-1.0670295737349071,1.329518961175575,-0.6926449839642336,-1.0381239018399153,-0.5141737333198991,1.528015340043452,0.7960447220256247,-1.0006558098337184,-0.7678739911085991,-2.3437057631381877,0.4799135727509504,-0.24638238081838426,-0.769683878153283,1.455079428394523,2.3184518458123713,0.3761628308031146,0.30535744892991584,0.2260433999851822,-0.002717023842735257,-1.4596915556400332,-0.739747319880925,-0.03722758399041847,0.9058248193222428,-0.34008381008672706,1.5848043435997132,1.0933643344424058,-0.03416408711557956,-0.19077976727207352,0.2914575127135483,0.5801092587926787,0.08381704428739975,0.21716737405978095,0.9838942911001503,-0.0258913204767246,0.9382309952012605,-0.31955156804027574,-0.7758744011412234,-0.5150968916611953,-0.3225589462841315,-1.1488173302587967,0.5326622929769873,-0.5794481352489876,-0.930245509488565,0.31067849435884365,-1.5765177257256278,-0.03733673039526832,-0.31110260293475256,-1.0639933316468133,0.5407458097399875,-0.5646277491320814,0.7392794341268297,0.3137796606025462,-0.47918949090057783,1.7607334420821397,0.18139318392431253,-0.31983530799388366,1.8077392840321023,-0.34796630671784606,2.5720402926011534,0.6094847573307047,1.8024334226720478,1.153343813653055,-0.5809376357947981,0.5392862027308081,1.5520401362544107,2.204524544345525,0.2403711318236552,-1.2764721931029293,0.4871359842309186,-0.49933943065758546,-0.6866973740478997,0.9508532301638176,-0.37049880755472536,0.3228419773825935,-0.7391869975617523,-0.2841084984892976,-0.8677463529619569,1.5501990157119143,-0.7338688714417696,0.2892570181834425,0.8126821935729613,-0.23815279334429265,0.7883468983952627,0.4404985617972715,1.524843190722002,0
0.7617350788972149,1.1092471097131928,0.6481487085001024,-2.0545070558764915,-1.04686326674134,0.7224956074931749,-1.637955216940358,0.39190061629814044,0.823119367275931,0.8888361692568911,-0.9560611429071356,0.5401476780033992,0.49834160281284695,0.31735145207830423,0.14140136675245873,-0.27647559469047156,-1.6600770430446594,1.7398865142099504,0.7313714816653256,0.4626128889784689,0.512906939887981,1.3816188941416416,-1.2332002324120732,-1.3037950358418051,-1.9058694975401826,-0.4011446199030155,0.1289849684275138,-0.012896386923946124,-1.6421871006977282,-1.1421718422366336,1.8125835109197728,-0.262036111624424,-0.33284572872178947,0.9285902218703406,1.1175325863950498,0.2959932459792068,0.3844874281444176,-1.2058092724307745,0.4014578000738511,0.6316757266843659,0.9760023203667332,-0.5493834878298145,1.0369012651186964,0.9616548927634588,-0.43466294593666577,0.8525526222745844,-0.8292096648383095,-1.4505110455316879,-0.4678920110368446,0.21479218073808318,-0.4609584243127879,-1.5560266714555524,0.43926458474853375,-0.1428083139653954,-1.0720340921542968,-0.19728460256404143,-0.6583765028398736,0.01603071841407665,-0.22068152434247942,0.4611154859103901,-0.2353102287519308,-2.030520147881475,-0.8549252105609645,-0.883693325028694,0.19402173394549346,0.008120689268083221,1.0131249039155015,-0.12159407517085184,-1.0420135193288766,0.17076648803389233,0.6220556054831297,-0.27442945714989625,0.7657281246994304,-0.3844319378888758,-0.012754085967955785,0.02403750468925751,-0.8491584608879836,-0.47136163429705885,0.14201275845456554,0.33282819624361326,1.6044961570656189,-0.6522762689245104,0.869158549564983,0.5673748807237169,0.8229478403812498,-0.6365713664751089,-0.3616210520819936,-0.585441318003171,-0.24488623351083263,0.5419918713554672,0.056256234598672,0.8698483121258199,-0.7804198006973699,-1.954388194998544,-0.05979854971162017,-0.16377483597696496,0.252681216051403,0.3193884026956528,-1.447763318457009,-1.937136679075469,2.3564205471956554,1.4091287477413577,1.1156758277870527,1.2163481451511626,0.31643035492074945,0.5780571807761961,-0.9320982151765185,0.13322544482529985,0.36705812340158384,1.4913520219996181,-2.227168908985079,2.026911601133706,0.7633457957852408,0.41467208616875,0.04836675904347706,-0.2651685902778847,-1.3529225981774156,-0.20910359478191382,0.3838880161994933,-0.17843985766612955,0.4168118426912275,0.2395639833802342,-1.2471044964488456,-0.9241443499228406,0.16377788818203112,-1.698108004781265,1.2752100501154413,0.7960645112139846,-0.40977971724227846,-0.594116501232674,-0.2673730622328156,-0.08114426859869646,-0.74686015538269,0.4650754768754552,0.45989024085070396,-0.10408305344946261,0.9523216161991657,1.6087660918523237,-1.387613925555556,1.0666077695702525,0
-1.014879008289133,-1.2572585613733922,-0.98733360880276,0.4106349161121099,-1.1255536976752116,-0.48943978092570456,0.15001330457023426,-1.3298825696502083,-0.48767086258228265,-0.4830406634168043,-0.35619430725927786,0.9037029911014524,0.4232674770860234,0.20904073382757132,-0.2594687628011657,-1.7872645216872944,-1.0498336273305622,0.5751281040743877,0.22439313976713204,0.046237616058731314,0.042994038676268206,0.13145336818886558,-1.369499445994372,-0.4805859025391205,0.4369493396454331,0.9156381879958939,0.16615979339067916,0.130697237257167,1.865649270825401,-1.3713511355056245,-1.0139203100515892,2.0513769143585825,-0.63701415436531,-0.9856290711518974,-0.8229255073070157,1.9935149798631222,0.03224350869894208,0.09539970295205182,-0.5701355823585631,0.005280509099062871,0.6866302103755254,1.8122071341667552,-1.3116516252940464,1.5948986011351838,0.8126200415318618,0.04865396315048026,-0.6540036695042635,-0.640462001361547,-0.49481026098827924,0.6890712008270404,0.2193859122042129,1.1824706919892911,-0.24107921296933615,-0.20651016040096032,-1.0730154583486227,0.7337149353327486,-0.4585147960004712,-1.5008968325216616,-0.780545749786297,-1.148111314822322,0.7119517982517268,-0.22903256144520034,0.10064497545611292,1.0318683699402105,-1.0702900084830211,1.1999983051910386,-1.2847593120412213,-2.6643539554015856,1.3822079846688387,-2.3033676388483277,1.9004133668484207,0.19932668780153137,0.9426095442187419,-1.4521767647972705,0.06245147137386564,0.5069310106707535,1.0922594798222418,0.4678499569931304,-0.14068591664649566,-0.1593544636677933,-0.19264044269088798,-0.11769635677616884,-0.606775704742624,0.6808517233024103,-0.8862035975899124,0.414085720811745,-0.2485894191580641,-2.373670831602762,1.2950144841344675,-1.508820858837789,0.19917319865088323,1.114467745985518,-0.21969070654161296,3.015289506622815,-0.1886000571175806,-0.9196991139597896,1.7952829461214692,-0.8534995611135531,0.447581741911982,0.9064262169094724,-0.13644313055087903,0.19069485747373616,-0.17993323448715517,3.0180658739246358,1.6801455295444832,0.9169847312941632,0.4640068854078254,-0.6083683476291932,-1.1754975258099427,0.41090716431892377,0.6618709428833908,-2.267341008918077,-1.1293310282715252,0.17919693640262532,-0.5738527960910613,0.36208300598107296,-0.3151917178300523,0.5064995370370395,1.5505868908193678,-1.2685502587366249,0.14116018252645626,2.2017339785392274,-0.4030673739193391,-0.7672977805357769,0.8645015561168272,-0.039200531282738045,1.1429166584136352,-0.5676266136981137,0.6016856793244663,-0.41545564595133394,0.15033204192721797,-0.11268900918561361,1.3144107932894813,0.10563315624612107,-1.3276091731232653,-1.0704709962950274,0.2961249708975988,-0.8650574368829057,0.43277107305916324,-0.9817505418323715,0
-0.25638000797442995,-0.8941016062403819,-0.05365456839980459,-1.1270238632895964,-0.18370834248079373,0.4716108455290387,-0.44117300440707014,0.30865030988908865,-1.2879253566834612,-0.9610926268477965,-0.5937673141133454,-0.8663789934472598,0.27371496421833647,1.4301976205824602,-0.31621778718975624,1.6055224612277252,1.0701689543227575,-0.5561502256476705,-0.10968176442257438,1.956211250168812,0.4902998604838937,-0.809038743217278,0.8733339865950407,-0.09203136544177076,0.21492049972839833,1.3589597534399642,0.36065052983397433,0.11900459248667683,-0.143884005090738,0.5540682319574646,-1.2460986494672828,-0.9137265338875934,1.0973421348509704,2.813856819792273,0.4424665073201524,1.4785408863606655,-0.5947024970660447,0.40313812405901195,-2.5545982533742353,-0.0928262486117681,0.8869840100009434,-0.6863380628487579,-0.27992093219082137,1.06446618784824,-1.0149198221170292,0.5538264587548376,-1.996518436089871,1.1779300819065865,-0.2586894825572424,0.05322901122647114,0.54306769819547,-2.41132072742862,-1.331290994477947,0.01926818999218279,-1.0034446745345882,-1.3663235452630305,0.7355872456327462,-0.8204635359294704,-0.07112129383719036,-0.6637330028582097,-0.4245947167197754,0.3089580795634292,-0.952876276724424,0.3032451640898325,-0.8479308410509214,0.0848484585323627,-0.12157364323566111,-1.5754947808836914,0.011809147695236607,-0.3934167145497811,0.35521272088131617,-1.1309723199980293,0.7573545705246157,-0.580568268472926,0.6160437402619668,1.84833126809697,-1.685608322889407,-1.0868250573937888,-0.7643856046088797,0.10914551683706883,0.17432891112778434,-0.6773431250121545,0.9260152752397744,0.8527466033737258,1.1559985483431843,0.8095451514455142,1.2479264672924402,-0.6439849167601437,-0.7011654505973332,-1.0649683449020613,0.491343087379538,0.21919025286854965,0.7715337032493402,-0.3598029328227181,1.3772801402123989,0.26813018317981946,-0.4043947105695501,0.017625915817966593,1.6104100127283154,-0.027309801600537958,0.08695784020936097,0.3573458732640229,0.5382764642936284,0.27323277503709253,0.5988551209506477,0.4842622855040039,0.3224451070673061,1.7564883445303467,-0.7405182706462244,0.424824156873077,-0.2504362272871475,-0.8881939215396197,-0.24814666020339862,-1.0141142365082285,0.11629808899714782,0.16550750839348308,0.32293262726073246,-0.16791702455675592,0.02565194232640416,-0.7735909752160194,-0.47026243719675986,-0.9585001348446306,-1.17268671119177,-1.9230425804245697,1.0962727219759605,1.270400769293205,-1.7256408531282885,0.250717003948826,-1.125817604932942,-0.5209699684678426,-0.18512468337228655,-0.5503854725443633,0.9529460439615375,2.6091960873346087,-1.3122747917008661,0.8586672271182368,0.5210382240729801,-0.04030236424352786,-0.8165934238626639,-1.9648199247072233,0
0.44686663532012616,0.14094088264585267,0.09870661283995259,0.7306109355663772,0.4896219286277981,-0.01564522051943241,0.7330907888873844,0.09433333506138077,0.07190976013716215,1.3177569066047707,0.06613897042873682,-1.5727471864007332,0.9107719156375376,0.8921049142726724,-0.10668832213060149,1.1965368951719413,-0.5135272159586148,0.001257525459934111,1.2946499617499108,-0.315092168599656,-0.4059237324961595,0.09856380504685108,0.8513193024469488,-1.190733014272656,1.1089228168673888,1.069501303338204,1.359907853631867,-1.7113008843697168,1.1536797065144209,0.13068153016402562,-0.27462086532299457,-0.32795017015061706,-0.2640234125946691,0.5504336150550869,0.14105677769931269,0.0964150844375612,-2.358234557977234,-0.6025683237594958,0.20047620835253346,-2.3738665944129225,0.7610464361470921,-0.3410620844619796,-0.4449869881522457,-0.018017640046153714,-1.1745840294709404,-1.2194141906742204,0.731699304893724,0.6574792880957105,-0.5500403148591094,0.8183806298979078,0.9910102219858341,-1.9920570653963838,0.7993550401797119,-0.04102729036194517,1.0355282677643474,1.0067087973532995,0.07590426099514282,0.39724560072928977,0.5992079469799642,1.2622946834797382,0.39112038978399655,-0.43815178212842837,-0.45391933043622257,-0.47401116743040145,-0.03520074073618056,2.8220535088403254,0.447009640770235,2.292923395234789,1.187630651972663,-0.4006186118647178,0.26864983537645126,0.026572612394051925,0.029785398587518087,0.3862786103998286,3.6174622466106943,0.852734551640301,-0.2744743323762989,-0.23486902131832438,-0.0060517797266519905,-0.13553205862244644,-0.4195430243452593,1.0683025223827642,-0.43018024232031404,-1.8757970901246421,-0.6200718427084746,0.8361448864411958,-0.3429908333844628,0.5580292659426632,-1.4276457913930998,-1.593321819501035,-0.8179411255051513,0.3447990972527207,-0.6050143091987579,-0.3683262000016911,-0.17930415196844338,-1.10491875442734,1.3717320993430508,1.703935933698678,0.7819815142726623,1.2706585656241265,0.22371059453365272,0.16692941878382483,0.4589191108532418,0.08944167883333039,0.8380144295799188,-0.8085959890210683,0.8911538606319307,1.6692943889967826,-0.273023896005761,-0.9260886869109264,1.2129675587236348,0.5342520512268878,0.32822243171985005,-0.4480656315017285,0.45720708221708817,0.08214013771877161,0.22778009631550944,0.47733290686775925,-0.40405523408657185,-0.691161551909861,-1.199699152057563,-0.4583049095574425,-0.26665005086348,0.7215690305710605,0.9000061934100975,-2.7312186365951714,0.008739983691637053,0.41204847109639076,-0.22455376793523368,-0.02247067840413639,0.15803498730437288,-0.2484651912764801,0.22864043503488893,-1.5002981944789129,-0.7530769845945663,-0.2371065759951044,-0.5258108903931004,-0.8175426725999527,0.6206354683276446,-0.7895322285409129,1
1.6944089131101492,-0.6903979726226682,-0.30799145230616476,-0.8937193808306197,-1.0447061290069752,0.39660554482721083,-1.0014394032813168,0.10741759647731662,0.8185400609891229,-1.0578398170657513,-1.5899821274032377,1.429768078008684,-1.3852041218448612,0.4729227013815816,-1.3194250833797454,0.29825462735529396,0.665285577911523,-0.556976119910913,-1.4623609121262489,-0.7631794935134073,-0.6785165940650364,-0.7016923902244266,-3.193444688675253,-1.3144895606617348,-0.7456792330227348,-0.11301401368031654,-0.8057248932428102,0.37513208065015424,-0.6834292154991226,0.5058298796619634,1.1527049075237064,0.2879739958165515,0.6281002462369409,-0.736074891913227,0.7976975604901125,-1.2202285656795828,-0.1839997381605253,0.4146233964592095,-0.20165929219863843,0.1765032112588843,-1.0190420779492766,0.7576479838276138,-1.1039092685672116,-1.1349803411511146,0.9488485000330886,1.2589625091421164,0.2871987449384983,-0.2808260550804227,-1.1078504706056367,-1.0774099527878966,-0.43843709822187227,-0.44009048199911194,-2.298518853514037,0.38025057371271576,-1.7678039878762901,-1.40282077424598,-0.553051209108536,0.24546624888156524,0.10472720635086623,-0.044324584003666,-1.096382237730533,-0.055764712928844364,1.253691536434427,0.006511475659564188,0.6470755005972079,-2.1262627536036085,0.11283511990937642,0.837198950496624,0.4819155151159868,0.44331054204905745,-0.8138695122738563,0.19190201416974656,1.0356713848888852,-0.1554238811825442,1.7435296764261996,-1.1355518970557064,0.32917998529469406,-0.23117078547137795,-1.5832175056825575,0.1749708685325894,-0.1253532481124904,-1.1420742769422794,-1.6275725679794315,0.19347544912980047,0.010774362560360205,0.06858934483370979,1.0260661307325272,0.1955764791435955,-0.7149633972359576,2.5676398962837106,1.8217479906393628,-0.20157585200205655,0.15372020620666224,-2.1822244578436583,0.7006163971126694,-0.31467669824750966,0.351901684795851,-1.3650083812283262,0.5617004706828832,-1.9021443864691898,-2.7231523241752207,1.563066851776522,-2.1210867638227753,-1.7383500603020428,-1.07193940291632,-0.26644020039172045,-2.354228354830587,-1.57891585084702,-1.3589563454226552,-0.47016913589511566,1.7415844139648653,0.5342474539908018,-0.025291790572030504,-0.9012519067908873,-0.31339264714105936,-0.3000105032107848,0.3265682988352757,0.18177547125218899,-0.27078013853320304,0.5086311403450211,0.05456499592284957,-1.7055419797212883,-1.2876956699084654,-0.8920451874746728,1.1041501271538585,0.8740023026550946,-0.15131213115467218,0.09365926332225137,-0.35011754361936465,0.15222510786547447,0.6220261686691403,0.2880534129724775,-0.7306879323553126,-0.3128972564712587,0.18514059182746215,-0.8367366597572005,0.266816945818453,0.6013256058079949,-0.025829678324594013,1.0546897754584084,1
0.3663729227601539,0.6549819428694957,-0.7760401879203749,1.2431150287212145,0.5715590436984861,-0.1739063042952023,0.4348111818926695,0.011902402995748075,0.8674973124120784,-0.135265745091672,-0.37235951249822746,-0.45035033404739633,0.7324896340846561,0.3945918771524924,2.1560864021614448,-0.059351671591717274,-1.5644655878715727,0.49291387674426773,0.1384384226504578,0.15015316068994605,-0.1909517669924948,-0.04138410989336778,0.5993584687376046,0.5464157227777695,-0.7383980433326321,-0.2401552430176072,1.4550486158618674,1.1953576410497961,0.23237841925024005,-0.00591203919295416,-2.5153371527287725,-0.06779873673184295,-0.6081048277809115,-1.2069342979666138,-1.4150907114866553,0.548048755531176,-1.4983101648188537,-0.5900018037534942,0.18933343840200945,2.0104551477547763,-0.04186112198838958,-0.698907881001912,1.2846594613533375,0.4245796927911071,-0.012483294184041469,-0.5050084983985871,1.0919637597271399,1.5504003102337174,1.5730936414592134,-1.0217110491579908,0.1887980515952165,-0.19863413084065298,-1.056240390157646,-1.5550546188426997,-0.8071565198638568,1.341404300351312,1.8945110159679444,-0.8423017459922862,-3.2874250229127195,0.3875250637272695,1.9911681672117318,0.2125756395091137,-1.1698366892982284,-0.34342904029069066,-1.7969454596201686,1.0772919604844444,0.38591520544659,-0.0059254615064397035,0.4571673603477096,-1.4021659543103526,-0.42795680273213477,1.1768781348948423,-1.347258814216313,1.0333449739910572,-0.27547636143138826,-1.405516161968628,0.3326552506681754,1.4970596209554272,-0.5080353820945371,0.8286429871065771,0.6667730483833276,-0.19116336499585557,0.9378007911555818,0.5937481392123595,-1.5232133014066933,-1.201202662298205,-0.16876748515650358,1.0449747625635124,-0.26315110927147095,2.0059608340999957,0.9538745271723844,-0.5184537712087691,-1.7209224943164303,-0.07705641663750373,0.21797299369524215,0.33537627440928214,0.4532223774894676,-0.6286803120724771,1.158374189251172,-1.0038019424302365,1.2012826176708238,-0.9585506073645836,0.12922475008803877,0.6771485901512654,0.4698009528330758,-0.9345966202361915,-0.9834527722112386,-1.4606951528719934,-1.2937148331316166,-1.416132323821596,1.2883169419741256,1.816057352260528,0.46214001954337086,0.5761055750886577,0.7157199979820099,-0.22285512817611416,-0.5740654749558857,-0.17798901834030073,-1.7302061926014543,0.059713093774081245,2.0056135714471424,-0.1696249070341263,-0.40577681779454217,0.5905760967644822,-0.5755587242223202,-1.1241261460722793,-0.8559616119275864,1.4196935363815097,-0.4742153218914117,-1.3719323300653774,0.687867563554149,0.29054284850978984,-0.7020738626073201,0.5175136228127175,0.7072574802752813,-1.1806950422065547,0.9786578266109816,-0.30839869459567737,-1.6563642906075904,-1.5918356749469555,1
-0.6840890284412617,0.26127515604253426,0.7462844478396182,-0.251502948342352,-1.7009323038569466,1.2267322280470048,1.2411194334411741,0.23041598807709343,-0.4688978203716292,-0.37712656657343974,-1.8896010437211974,-0.4172662634357209,-1.3656830788011036,0.253578150605568,-0.7040604454848164,1.6936517117897547,1.3776014384120785,-1.0594593772403074,-0.6071105464928195,0.2982950706758433,0.34436550995388326,0.7767445222161572,-0.06766241930189974,-2.11165435318884,-0.39236812329715837,-0.35912673938376366,0.16341557248999794,0.9046675418865356,0.9898819693391772,0.4999017074051567,-0.22148840126540856,0.1723305835997407,-0.6799730318678596,1.1590021032172417,-0.3940076283079387,-0.03993366142835333,-1.8864901272388677,-0.21159112820303325,1.0714994854152935,-0.05461288519827131,-0.4685836419057285,1.5319004414139552,-1.029917658885185,-0.8777684699122628,-1.4767736376409897,1.3006659672016159,-1.8322877767074122,-0.1493981348930801,-0.4539427793851174,0.03280167687121222,1.2020615635356358,-0.39892166402325097,-0.36080604623996804,-1.3558382721146967,0.4782091602514038,-0.04208955390598972,0.06597094498667375,1.2757167805697485,0.26422625966090213,-1.3888544008259933,-0.7370193491248772,2.4231916899847823,0.9050860679678217,-0.603953625579881,-1.041223212573772,-1.672268581375399,0.6660130416563045,-0.26943049284056114,-0.5818236113563358,0.17492241216664942,0.7727823880352623,-1.0061412860857928,3.1977935814782756,-1.1858968299502262,0.3785624773420938,-0.3524020648053946,0.027381656872356094,1.6743967519396303,1.056239879680386,-1.7597014608175863,-0.100840335387957,-1.013996695575121,-0.7065143198261605,-1.415389483581979,-1.4564917817927059,0.45353278130737834,0.5983040891370586,-0.2962657427546465,-0.43724978855205465,0.4799200112549772,-0.8580601086448267,-2.39987876966666,1.177524064045363,0.8073564777643771,0.06884971660787155,0.7857505078445106,0.6384491831488589,0.4172892011581502,1.1415465059794245,-1.295795772605501,-1.0671911963087692,0.741334893246064,0.19934558671761138,0.4194679627289822,0.3857016105266834,1.8134072686961527,-0.7306239492655693,1.0858936470589045,-0.9173325708734885,-0.7417057578761418,-1.3873690149630362,0.8651461033946349,-1.016830284740728,-0.6226417123859498,2.7420459303196787,-1.7876674213970294,-0.009442321273917751,0.4533504277795978,0.12134419563267722,1.8988572789932407,-0.2945395233577598,0.7008591323793703,-1.1179404248132165,1.0923817206456121,-0.5778821746522379,0.9128263769593493,0.2906154604146061,0.7384294122630867,-0.7841360566106895,-1.0869479334412384,-0.721356846867415,0.4425298294248868,-0.687661833311805,0.2541409496215522,0.5776134415057367,-1.9459830004420093,-0.2681710201779487,-0.6171957896715703,0.8324947208663918,1.9712998798753185,1
-0.3918718086398349,1.6314895435143544,0.4135867385257616,-0.510894415670812,0.03806680320395134,-0.07351879724845904,0.9245046535025356,-1.9120709216597633,0.21739169367259625,1.3828134264131315,0.700208984455839,0.02233176667154147,0.35058579048245164,-0.32242215246765066,0.057671163038999475,0.5806508697548913,-0.26221844583607334,-1.361579530582541,-1.556833930253867,0.5192312640125729,0.11497746372502884,0.8382115562318244,-0.7667695450062807,-1.1093965158933032,0.8103542518919161,0.30544318667712433,-0.406202834619818,-0.13439508067157438,-0.7795620159938187,0.8133869801510066,0.20199304211892435,0.1270577078862476,0.7059038610708085,-0.5923781613662404,1.5999700401927068,-1.2611087052932013,-0.22723979150047824,1.5748671065433995,0.005214748424182063,-0.2699141826202014,-0.012609496685018234,1.1596391961912011,-0.6318161019767935,-0.4197909066151081,0.718186059477125,-0.3115267146353942,-1.064809363019791,-0.043918534630636503,-0.9339911755607647,0.08322033722680863,-0.3591398791025304,-0.11723481315661706,-0.620100137662518,0.8049799831093857,0.28038233099715404,-0.12437203463944545,-0.6199093960576815,-0.43006058477119374,-0.36943389379724645,-0.3062586578423161,0.678360648241463,-0.836635773760855,-0.13981767858332714,-0.11365332532781637,0.8487939142941667,1.0039351749204346,0.47075859573976453,1.0587405777482328,0.5830528341633375,0.06577966685813182,1.6094776777971658,-0.5282071644283701,0.5662068809306104,-0.5797433254312574,-0.9693777309087939,1.1542567288684646,0.0306791842268261,1.513923449355066,1.179696241470342,0.2038778149321524,0.11321681284653783,2.4346820343865008,0.0587758742841515,-2.062272229406322,1.2782228102236526,0.9006772958261794,0.5085667656135511,-0.021802786135629637,0.0009261060511809643,0.2801098427121752,0.045447123376818124,1.073380422273041,1.3625276012369612,-0.9187610606793615,0.40059876913978515,-1.3247132849858285,1.3951063965525419,-0.44003797220691854,0.08223012435072222,1.0891869479393856,-0.78129336306877,0.17983633100893445,-1.1551241579650582,0.08282023907537148,0.2882993393086122,-2.136429781557474,0.712250449859707,-1.1054433662510792,-0.359527761849666,-0.2564825340774466,-1.297641537350066,0.3542209494410418,0.05501574839700803,-1.3288625422841915,1.460084886029521,2.649022509386784,-0.400538734566175,-0.7069416452686104,-0.7146419358810164,-0.1373888423122631,0.5323243966319261,-0.8571692903982954,0.7202282963188178,-0.07751992163598305,0.2983994421973789,-0.10144377917719587,-1.5323120921173319,0.4780058972126076,1.0289075995497847,1.5058445729337653,-0.01899494836563376,-1.9224204822650635,0.015509349203728515,-0.17673494705598192,0.6972602987364113,-1.34828107279461,-0.7002328713185257,-0.9078898904598978,-0.35766698217776616,-0.18197336748878837,0
-0.813534697107824,0.9976111477169998,1.5315990450853567,-2.3610219430876316,0.19081967543963274,2.2192897179786106,0.14199602346264822,-0.9401002221281346,-0.6443015337835262,1.215651428303127,-0.5348000127936748,0.9817884318958613,-0.185637765310449,-0.5480593547037131,1.1836447524047877,2.3588812363906477,0.45372559025888903,0.8333244012665743,1.5221198161858196,-0.35927693327948,0.029835704097952,-1.245881506383893,0.612785116033804,-0.9796318096250468,1.053266906660763,-0.6411183974842324,0.3250948350959587,-0.20600025536478891,1.6031477154573093,1.9139557698712577,0.5991820168029424,-0.44893163346817305,1.1547049038568034,1.2936001730842175,-1.5061151061976326,0.5323713506396587,0.5985701863227285,-0.36883153286674847,-0.2574479842520859,-1.1074273294964132,0.48445956267045015,-0.8923171792989013,0.7083616167298894,0.29383313667456007,-1.3620994425539885,-0.551163774228886,1.4127155095652364,-0.9734421851013842,-0.728260589893919,-0.02869550016243628,0.9126204200068149,-0.16332827863134383,-1.4305946173499067,1.146867917908165,2.449514988706945,-0.2991129791418127,0.7924086272983223,-0.8227888997170775,1.2445196408283483,1.3000722629887689,0.7760308322239324,0.8735138543111313,1.1309953831898665,0.07552414695379277,-2.095403650064278,-0.08474031952740227,-0.6518148794114472,-0.3696601225596473,0.39078100868571175,0.34045238526444777,-1.3634793601975137,0.6909389305683954,-0.003661301948667957,0.9385938923312028,0.31608341226785014,0.38635324965669693,-0.3953754744787047,0.7537363309255347,0.7002399952540597,0.25825321791318395,0.40998503659499896,0.4246425526644912,0.055914645035889464,-0.8830754465512938,-1.0607572333877766,-0.5263581684641815,1.5354781772991954,1.1694889145949092,0.9060232979231626,-1.7494792754046025,0.5940520493001752,0.8838983626395025,0.34265821172828975,0.4817495492939637,0.5638406302466035,0.434985738781726,0.17711425649593548,-0.8944327449566004,-0.16184116792339692,-1.9473370465646698,-0.38073978201229386,0.7843833810980405,-1.1069540283952024,-0.8327553720137697,-1.3110185715903542,2.205944622816868,1.1788312014460856,-0.4429894207232389,2.4699692100792934,1.2395539781177352,1.0389090885581442,-0.06791587358499994,0.7356225889674773,0.8089868376897663,-1.3379398841345702,0.31769836697307047,-0.08079453608948675,0.025287006681942496,0.8746669429419157,1.338477201446108,-1.2075656662885552,-0.835834905336218,-0.1805011662013065,0.9933558699797609,-0.4880256496808626,-0.9271829781260092,0.3227327157423965,-2.120945118769392,0.08307584914133538,2.3017530375206254,0.45510660998485625,-0.7903824601892899,0.10020488973717476,-0.7404055588979765,-1.281148037296175,-0.37824948912870365,-0.8023473696140412,1.3825211302964835,1.9089741954914419,-0.11648984559492262,0
-0.3574167424012092,0.35421287436360316,-0.7268094204570468,-0.18353569964801345,0.06120988499459351,-0.739139348688781,-1.1536537199589427,0.32217555667549047,0.42511019288783486,-0.9399023220122195,0.46368333858530936,-0.24205448289078035,-0.4619350463604431,-1.779014428683459,0.6902997623393607,-0.27291422789719366,-0.2183162248692981,0.588630948837157,1.366345283046358,-0.4977514899831789,0.1826233920008956,1.675949528923732,0.3083756016454752,-0.2712874365411974,1.8215731862995324,-1.2979118048724576,0.2978816979413727,-0.4686264779831377,0.6106055260066803,0.49289851161884496,-3.536167190440467,1.0324002288902319,0.33316721720616793,1.5038801731550897,-0.9918101388375716,-0.24824584874328287,0.802777147519372,-0.11663571374339958,-0.05107466862573883,-2.6146895315460306,-0.2146398772836085,1.3686330863254272,0.7607663860502379,0.04093491624477556,-0.9993154877998951,-0.2004202306997568,-1.7171235714152397,0.9320381760322414,0.6638089976378091,-0.256050517740551,1.2227974386355702,0.9499611371887877,0.8498527843236541,1.439410865832519,1.973261912437024,-0.43259445932907725,-0.4355756225977359,-0.6094096523379526,-0.9535780529731569,-1.4839090975261437,-0.449998454631694,-0.1597674519922822,-1.1472492055408217,-0.464345108023775,-0.22772882436322697,-0.38681139041852286,-0.5243439045092358,-0.3904805336706784,0.3993960292257362,-0.6724601584996138,-1.2557499719745613,0.014687407393591733,-0.7773263389312398,0.33939182838255205,-1.453506364570734,0.39657989194330706,0.00023731512084861368,0.6069197253419605,-1.8005671922269118,-1.8461313383828506,-0.07131327485434967,-1.1389860679784163,-0.543645719509804,1.44632314814296,0.1942039884690088,-0.9749026181398747,0.2114583591871609,-0.11177191124277239,0.04634617231016282,2.514981839551091,0.7701442384484409,-1.7480852770251851,2.619430719526821,-0.5760927451725938,0.07133794089838996,-1.4883909803273803,-0.13298719355717192,-0.8399180568094431,-0.43986296483259685,-0.5180598043254678,1.1711872841286617,0.14166666281905266,1.8213696151619496,-0.21817585808310727,0.12275977001786521,0.0932056398282293,1.1223283506572246,1.1852037798527992,-0.6124877621512547,-0.7490565705351246,-0.29816938924361586,-0.535150848761504,-1.6334286070784965,0.07969450281080252,0.5109363010943567,0.25411407726760576,-0.1696824400849782,0.44125177432501794,1.744856820168907,0.33991723327062967,-0.45881027602363295,0.554240107977873,1.2195324449104996,0.626622978491322,1.02793163766343,-0.4456656031665768,0.24110757968888208,2.209744323209802,0.46234630501856583,-0.8556531371175659,-0.5096775874180783,1.8155353647083659,-0.02188984753084958,0.74162730668017,-0.5046721753405211,-0.9149729755588687,-1.0787932022964324,0.39076333545908853,2.091875952736868,0.33230917424527046,1
0.5394887730154301,-0.18982003616442952,-0.7789242133113286,-0.6540591891244356,-1.058791556262336,-0.3235805159767647,-0.6595971927866426,0.1253871163149628,1.7458421965109066,1.345854086526739,-0.16191991542963668,-0.7405857472992844,0.5087403605681808,-2.0884945915108437,0.3160251146728498,-1.5608131987768517,0.18403077880091623,1.0392429332943514,0.7893205660174822,1.2842688799961868,-0.22674730992162073,0.20790259135707717,0.02804464335942005,0.5003343658054857,-1.3236497926931827,-0.08286189984652122,0.1172142008517747,0.30087933861169,-0.8183613214785064,1.191075516933351,-0.012313125697576748,0.40188338932874784,-1.1612983616008565,-0.7264910916658054,-0.2552372939922775,1.642095809239959,0.7016003612975469,1.5808288525611254,-0.9453528710234481,1.990777080773701,0.6833802523540656,1.0299433146051689,-1.4637802174158034,-1.399206577072441,-0.6378723202495382,0.45333717177074095,0.7794909704024685,0.1058683184784601,-0.9461866810382582,1.1840269098482301,0.47268351835607725,-1.149795675719467,-1.7025691729452919,-0.5174823186045607,-0.8750710172315842,0.06499441807821112,0.31853858584821987,-0.39512610305537565,0.48850801365884494,-0.0020688589123119493,-1.2179952754156969,-0.4068586896116679,0.08805718827578123,-1.0133278233090917,0.2883284998126397,2.4603991316915153,1.5074667887069675,0.6997580538397105,1.470737765323378,0.5185604940265031,0.36792516423965155,0.06796375250872683,1.1269578225893333,0.724658336255526,-1.2035539292245705,-0.6626212339525416,1.891060549872356,-0.09395229342117734,0.2830791251139814,-0.6246787935403003,1.2123208554458234,0.4975674796793731,-0.03121595709015932,0.5433900083412566,-0.23107675147976822,-0.40109606232451067,-1.2082353809774171,0.5364050773804323,1.213308961061951,0.41331931840625363,-0.6113697918878969,0.05194591640102918,1.774017194590393,0.6433591748967897,-1.8383731035612307,-0.45185170492864013,-1.7816430001096775,1.4323734731303122,-0.0029857974196657914,0.6963806294687546,0.2734181546354983,-0.626210918790802,1.4621638401047574,-1.0961383546968366,-1.6447679018321275,0.875000654985337,0.95037685829716,0.24231322909856315,0.9391900400705563,-0.9392155089567575,-0.7250810861907663,-0.3465784214198047,-1.439674171013653,1.4240850269311622,-0.01095331590039888,-1.0408902641719044,-1.573959398146759,-0.5998933229465458,0.27320257549895854,-0.9415545071702887,0.23304232894969032,-0.28077365199757914,0.6398083964906729,-1.4076379970122093,-1.6173041639654093,0.9309525351625076,-0.7029869948023743,2.388986711441299,-1.1594179165209302,1.2163578610008141,1.4796911908845205,-0.5901871579403787,0.6073449611203668,-0.18237180190817423,1.0052567817982097,-0.6178354475384975,0.42304500893047653,-0.5990939119159814,2.152101654466406,0.9541625113260892,0
-0.14904934792615293,1.2578687192624427,-0.5301511874326321,0.27082677185340864,0.011783581427237403,0.48520099547080076,0.39171934838800304,-0.9171513188469982,1.0800286347125543,-0.7711711630593246,0.6680966809092448,1.0326377835520775,1.6078206922081755,1.4147219976314045,-1.2455624125936788,1.468394445678536,0.4459023723971892,-1.0009814128830796,-1.2306300819641656,-2.05274955062119,-2.1473176398096263,-1.1271267628737018,-2.0673513759127395,-0.04830162046807546,-0.7217751238368042,0.7395032457783914,1.482835653030304,-0.2704396872848915,-1.6742411378830622,-0.8023640827874592,-0.28739732336605506,1.8884626891213392,-1.8517759397862041,0.88163736991271,1.4385305050324675,1.1625330858242693,-1.2845423432409058,-0.23631907739577,-0.9281316738056072,-1.2312486102898768,0.7610377823599431,-0.04053013669006632,-0.22123740319760213,-1.3807376160888711,-1.0925478305586223,-0.8954687650694554,-0.340399578599136,2.1088445380579723,-1.5186833048361166,1.5719820094988632,0.5314940986489344,-0.8354644266882938,0.9526287016704829,-2.1361996470181155,-1.7231033830799913,-1.210821841918519,0.04186572544947042,0.3223068071575874,-0.19369369779302753,0.24164430626838923,-0.9954821866411355,2.948279974869244,-0.1995380481462731,-2.45153432493021,0.7452790740385828,-0.6563302723476585,-0.9292059248302887,0.26184239972611056,0.691050684847519,-0.024601400637836,0.648233597054015,-0.5952729767256505,1.4125521251758204,0.4826229282226698,-1.2405548095457248,0.703205908786853,-0.025584146525504607,-0.9056909692032505,-1.3639829151918135,-1.775633829161167,1.4584342379022652,0.43151639743718445,-0.17869722215178274,1.7649588193022185,2.4589370908044126,0.9447145698538142,0.47889275859735475,0.32440766325236103,1.1229760140835985,0.0825631936127708,-2.0180688213344884,-0.40527882215017785,-0.4286971048369555,-0.6522792393583444,0.5747181583657809,-2.5491189603147664,-2.0616787102208014,0.16414974527194137,0.12477710269743977,0.07839923901601291,-0.4541987896276237,0.32933401061168593,-0.39806725719466557,0.7385007340846956,-2.964934486715751,-0.014747324299426764,0.1518145845779378,-1.6559010123116547,-2.2076004051990266,-0.07288723324105037,-1.2384737603864933,-0.8768841862821196,0.5824736881888973,0.3498592951419848,0.8982449037038543,2.32934344942815,0.4894566503485874,1.5543114660231154,-0.6181730766917019,-1.8016360038683679,-1.576545346567682,-1.7549175832993182,0.7340509161530853,2.3642491101875733,-0.675799704593424,-2.348078827443809,-0.05655721128014033,-0.2905563173332454,-1.155589955754934,0.8318153541191718,-0.6541490526639374,0.2236245285607282,0.44324981821436166,0.03309559124888543,-0.3762342413065595,-0.02191032027760045,-0.8523642971182099,0.16386634444244208,0.4552647092932659,-1.326067723777827,1
-0.9346509379012935,-0.2732505378852788,-0.6413462067284057,-1.0407954953556755,0.023073767375765847,0.5275164497985809,-2.4633972133083057,0.2379232170004348,1.01850550885261,-1.3019677043634044,1.2487532204995397,0.599388887655067,-1.0842559210112321,-1.1790434976936437,0.018700164625881616,-0.5119636812554332,-0.7241816598854048,2.0672147031336845,1.0155329683746073,-0.6363232976685912,0.3173103234748908,0.09734523694397018,0.7223567180632287,-0.19013915595093808,1.4511175702217736,1.6413665942848994,-0.05857756879287044,0.4798823338465555,0.7712360058112769,-0.03749472563482623,-0.2551665978459468,0.5324352934077404,0.19906294249976073,1.5338100466013462,0.3608593657799603,1.834954790669099,-1.1785278309399219,-0.47318678445949297,-0.576991494919248,-0.24646401313015345,-0.3434684832715984,-1.688872385377382,1.2290606594784663,-0.012802058490048384,-0.18971533880992925,-0.08703139783581013,-0.014214345347548445,-0.37907946447690755,-1.5974615868671636,0.34453965384298085,0.12050156584916215,0.26322146032178456,-1.0351221833114457,0.34252828763717086,-2.8121086067289105,2.185409150950762,0.8269381627760856,-0.7214858717368561,2.3386680217203333,-0.25055607088785276,-1.6515722058133395,-1.7219211507807295,-1.2036389064498318,0.8472941434436182,0.2479746055760652,1.4332638552582146,1.3342294668704788,1.5812441643718154,-0.6301388141333494,-0.150751181178704,-1.0086371489361798,0.719550170199226,-1.3628582585486169,0.5453259959156439,-0.9897549349114743,0.3955848552279747,-1.892822480672562,-0.3692715496827021,-1.2107584839966188,-0.9791142141690051,-0.04710050166982472,-1.7901679506883856,-1.2600583957482807,-0.7577631915458072,0.6961825853938699,-0.6749807858925845,-0.2648124612500183,-0.8528490523635935,-0.6925522142732492,0.5729179356613396,0.7591695869024904,0.689014475200556,2.0367714179037155,0.7938730686740016,0.6426754147741671,-1.0977441894368405,-0.3836955454097833,0.42196024588105363,0.7604669470611447,1.213077794513814,-0.49604669422535896,1.0343244746081808,-0.23217671679503665,0.7020449601670598,-1.8555991792559998,1.643252762370062,0.8532094426994925,-0.46741021118274967,0.6403599199045027,0.7615200744863352,1.614792709332348,-0.3221986505659236,-0.9092148900882397,0.5331790727889897,-0.35817812790474385,1.6184699767305262,-0.29836322502668977,0.28877657489665026,-0.5587018660489703,0.2069635321101711,0.06255412714914907,-1.2085190114659707,0.17834336552501187,-1.4683575428985163,0.9482040651665875,1.3399756811277124,-0.6859467929622748,0.8664820785272299,-0.10446689405473245,0.5938795435278601,0.2616563467498874,-0.45638391425774266,-1.242947900278838,1.4072148584471755,1.3936308551267556,-0.03982905677082831,-0.5408375634810711,0.33403628988179623,-0.2815029565180677,-1.2475805796631787,1
0.6732990552424007,0.020983726779563328,-0.3120732115585209,-0.613421862241645,0.0921143797722404,-0.0069520116407376965,0.5302302809521465,0.35900614818573895,0.7645738078177328,-1.9966051459597098,0.16985062486414143,0.8407998577580084,0.510024754773667,1.3084789694547105,-0.7326587389278981,0.4136286141956621,-0.9184429110395044,2.0096871594241006,-0.4652487882819848,-0.3010699391052693,0.6543201622062452,-0.7538381417821516,-1.3183511051482841,1.5972761540123275,1.2133574884941933,0.4814007860814164,-0.38426145575499826,0.8736061670591562,-1.5386540521199723,-1.5116919485438947,-1.1881103275837788,-0.3555076331391602,0.4038595436566591,-0.6004828129167373,-0.426240625112871,-0.4375107092645,0.6384343643864937,-0.14299602202121392,-0.37386304866121295,-1.496421357127683,-0.49436345213422167,-0.34597204275741594,-1.8366298641338523,-0.31969586623243335,-0.17104470282219,-0.8507353113884559,0.15817280883662738,1.1388261939702646,2.1594559813368415,-0.23428230064235966,-0.7687466345931337,-0.8617418783997413,0.4427717127130966,-1.8604005533594656,1.3284073998736685,-0.94913134185371,0.822823601611985,-1.3582619874956394,1.0682808500802756,0.4668896127183245,-0.10268732444203729,0.04502772074888381,-0.272017349418204,0.3105223227475198,-1.7439215708290186,0.2997210540532741,0.16283063342677645,-1.1276413995617875,-0.13035305324432087,0.9416234062392687,-0.5465443072872873,0.8901474672996268,0.2318261013947756,0.45487278288304445,-0.7813935048370927,1.286734457807694,-0.21450373049765592,-0.46561872292809686,0.8488615591172857,0.09484719071952256,-0.18028411215752066,1.0984958719382742,0.18117292610475882,0.48427441416910055,-0.06964077373984695,-0.8479186099174504,-0.1766596843346366,-1.0927854719333416,1.006577643502279,-0.7843344804031697,1.2745098217932538,-0.167445653083633,-0.4257302047156316,0.9932145067464127,1.7732988207347367,0.3936493691270946,0.5252793480051746,0.31741555232646956,-0.37627052479714673,0.6007469518350058,-0.3856960831284825,0.4072759572059314,-1.4365666233103518,1.1507641400738893,-0.6472325051398947,-0.9785241732193378,0.35228570371241236,0.09162045220020791,-0.3852733356393176,-0.5759749240809308,-0.9562242719952246,0.6052171866471028,0.14205959354027892,0.8375682059710288,0.539710385270313,0.11375887044564735,-0.6477122225235162,1.6189401929991887,-0.7508422552211991,0.30683034522482744,1.320115480833226,0.9511512259425277,0.5394541564156689,-0.7557529883071701,1.8307825261929813,-0.2558829009072727,-1.1802683110430217,0.4055280420558312,-0.09650190963331827,-0.5475354336388903,-1.229552081320412,1.2895052126956483,1.0815626999283965,-1.619668471452975,0.970117125888922,-0.008442519523504435,-1.216737765027073,-0.3097718766722422,0.6122368078337992,-1.3116550620013812,1
-0.22839968648878714,-1.5440213773878253,-0.1297154272135885,-0.3878299455541722,1.026581380079415,0.3627409654525612,-0.506008680568354,-0.5109805834715747,1.6375835017723142,0.05157475520202223,-0.6446731781743715,-0.06851137836506742,1.4465731526751777,0.3868982608589794,1.080693252166667,-0.8528886765415524,0.17529773498501527,-0.5661447368061794,1.4655602339366998,1.0161855145181071,0.7959542376652889,-0.16857142197936748,1.5330087314161507,-0.28220888620164264,0.9388222769522819,1.7834122450041416,1.0201050468669017,0.35090396398269774,-1.5016672775081978,1.1844541844612602,-1.4556782355309086,-0.525090292753563,0.1813241719919143,-0.07996787794422693,1.1305820528262571,-1.7586474167699264,-0.052482153525622896,-0.34394628701925173,-0.2670810748140295,2.9421736495987734,-0.05601859957268339,-0.49961483928202866,1.9642121668888155,-1.0080777165969785,1.151107522409355,0.3519695339303094,0.7895923917451975,-0.5627697454481245,0.043293805669145036,0.6417661448495916,0.30790656516404596,0.19716974841290177,1.838782294513521,-2.6361926617958176,0.24091572243130996,1.7518438311022273,0.4630206276867869,-0.8699649165891865,0.36181049746096194,2.1335854704862927,-1.4472014072832302,-0.6272189871993755,0.1348506929610494,1.1698879523698031,0.43480067992458343,1.6159815846631176,0.06948117306476656,0.27589264613130104,-0.059369723834308705,-0.4459505496191328,0.5907707426361307,0.422030854828933,0.5750340013185974,1.2091918105913129,-0.14406347334462383,-0.10207899738488524,0.7706609910951812,-1.918505093421373,-1.4983023398418307,1.403460735818825,-0.9670316578842634,0.10790588105870522,0.3085280717273487,1.0735428892253336,-0.5691386806409048,0.6631986369150653,-0.8193413334597287,-0.6076741524835411,-0.4663574948954507,-0.36007398078320074,-0.7120926259375775,-0.1678025255507563,0.2733310912691062,0.9854124832895234,-1.150252774606978,-1.2169697668535886,-0.9512865211633608,0.09450022734408403,0.5486833814813973,-0.4660580248466132,1.354756029596628,0.42261588183556076,0.36751196848687734,0.9354074142991418,0.9771123794903266,0.5236353515274378,-1.3402427237137058,2.4417270183736246,-0.7642265700273267,1.5389517272952655,-2.183905815421275,-0.46119630721763294,-0.1927941906301645,1.0787322629800737,0.6115138606321047,0.6646453908640116,1.990968473064958,1.8716246939956493,0.9954822217159681,-0.48198060614687954,-0.06613921452663724,-1.0915846750269198,0.8145174632701163,-0.7775900323146324,-0.34163889754425386,-0.2875445343754494,0.26601484380634344,-0.21173579454878183,-0.35206162349589887,-0.06898369039958943,0.7505424022141263,1.155441194177681,0.11836516104912197,-0.006920243448327004,-0.04527519054310545,-2.1006472647904006,0.36745775355437654,-2.0578340221994864,0.3465989325411514,1.7213776997481625,0
-0.8947614194826768,-1.16989548047652,0.12871620182586005,-1.3293523399711074,-0.9499956493392661,1.5226960459203882,-0.016944603743128242,-1.5775831281790775,1.132725489862863,-0.6504606479709266,1.3506840735162846,-0.8559438912811097,1.0245188178640647,2.02921022071147,0.32239360569651815,0.8673660132392959,-0.04278324549855145,0.6973791173404634,1.4585938023745453,-1.4558857264012417,-1.2961749849780124,-2.4752688162145127,1.311069597082998,-0.9068230504204962,0.8487224005629358,2.116368001195262,2.0319312244596714,-0.6996898635651391,0.2394749055632488,0.37329817637162854,0.8661395174576243,-1.2327899255418684,1.924289870106249,0.4300802926039718,2.794638464276872,-0.19922951758531468,0.6234137848962166,0.37851988315994545,-0.5661497871296703,-0.9044362354610797,0.07331927365916989,-1.7706377076778343,-0.311055305957369,1.1655593235468786,-0.7178799177876718,-1.0237282561672336,-0.6958509481370606,-0.47509955183572705,-0.667649229196879,-2.514905035540122,1.206237399221043,1.7190325940251472,-1.2305561748625076,-0.4654763945292411,0.6147203044993688,1.4181682452748714,-1.2742639225924453,-0.5662476179034973,1.0844465974471673,1.194717481458615,-1.9125310483284788,-0.6295279431699654,0.19579922186999146,0.38961819421737043,-0.5789378837863294,-0.8724033313998525,-0.2726869959871641,0.41835824128787547,-1.7319174468162715,-1.603965408284125,0.32047728410462606,0.15214765103837777,-0.21757742885230394,0.5411337839610633,0.546451438357273,-0.17990488058980342,-0.19628324130097657,-0.6593388195290434,-0.3167265144711452,0.0947460232300963,0.27658070323814654,-2.12205627532639,-0.2730783611332526,0.41484919495398603,-0.26092507916317115,1.512010363327836,-0.26697006617302443,-0.0026784246401076856,0.6683823586939084,-0.3308896236941127,2.3350289236039297,-0.2971664700607998,-1.5841029041601016,-1.3493245291516436,-0.24668319293454746,0.29090952376995616,-0.7504424981028881,1.2544444131297738,0.8168636583298621,0.2812918165047847,0.7140389879705366,1.1573047262091858,-0.5251447933697841,0.047393251658316926,-1.1853375217372637,2.253814726281917,-0.5102512397429477,-2.002033417955605,-0.4239092647570329,-0.45472140657519494,0.7143005620901784,0.6555641618610801,0.8390849579898092,-0.11791517335222793,0.43649504248941473,-2.2224927108824417,-0.312637777688122,1.628029394864006,1.6471309172512898,-0.770406411024151,-0.07645538210810784,-0.25136562700271614,-1.4593788162568133,0.14559681138866987,-0.4807635595283159,-1.155568878477175,-1.6058858594120173,0.9126192145156633,-1.6644042172411804,0.5331359490854746,0.8826134099594567,-0.5433644541991268,0.5121091839162845,-1.6068420353734316,0.7135657400781014,0.6675604184658634,0.1333612250020474,0.4376152920479854,0.06100803046417455,-1.2271032380146287,0
0.32040088050920046,0.2871613756076141,0.49852380816599057,-0.05594885212540514,-0.17653766320548292,0.6418302105689103,-3.258220062383071,0.7947820955641712,-0.4627464620050922,0.01833311839958207,-1.0054374910524262,1.032384781616185,0.8987651261075218,0.15256450354480738,-1.0607656580652176,-1.049959385190384,-0.1627308744381016,-1.4199791985926054,0.8295208270413323,0.11115103742708027,-0.3711168559727536,-0.6261066198745074,0.2731559858780622,-0.14783221401438004,0.19451599009990603,-1.2058038954127572,-1.0982466058843094,1.9157039078839735,0.9962111252696518,-0.44069116134731423,-0.8805411984675127,-0.8295706050625352,-0.5950908249501148,-0.5299565144728048,0.4495886662019142,1.9946181288637628,2.125613208180576,2.026620339432506,-0.8842984162904857,0.9380980623716659,0.32670283115062176,-0.05886208011928607,0.19623108999096733,0.6952196520648249,0.4474709519865537,0.2888038308437513,0.41549278405939816,0.058218096102963975,-0.7549321131089891,-0.5345040554282774,-2.562667263358872,0.9132134620195587,-0.9209323616594551,-0.05316997727820953,0.05683196138126531,0.4603258079540911,0.44763833615545257,0.8573996082577873,-0.3315939205906901,-1.2409055345831481,-0.0028965635832888135,-0.5793365643152685,0.6209444175679166,0.3691496643313511,-1.0874102178841882,0.43017245350115685,-0.9871893303763982,-0.4064822812962954,-0.14696169717101365,-1.8805884031257754,1.2432139176749333,-0.6869984430526955,-0.9841923189523037,-0.1943699785613741,-0.9344640181356019,2.5264564282432276,0.5821658068241533,-1.4428506927422418,0.8677088134442819,-1.3550462490442017,0.25336412138348735,1.287816047856422,-0.2901197855641533,-1.1371173210295187,-0.15315451433128927,-1.1183448188368268,-2.2842948726022483,0.9604413462178475,0.4737211716144204,-1.0226053714740313,0.6928758283633843,-0.017386008607865596,-0.7228974509755516,0.40377886417687175,-0.36918498811773814,-1.7584781090804327,1.9767940293840618,1.7329990418262977,1.0460474936382531,-0.13000562324710194,1.3517364438610073,-0.5370856637676824,-1.3180767013958257,-0.9261144156803526,1.3120168280812012,-1.143256031023204,-1.2130600098025364,-0.46886243401069694,-1.1487264337361953,0.2313006746032055,1.4778581845588152,2.0329427305738332,0.18328136248115381,0.18224032844153684,-0.07795318494950182,-0.04887174167289168,-0.5595952628117143,-1.1995181050190231,1.9804253460388932,-0.8919939036518161,1.4467094639058558,0.5978141308070943,0.3100317927696989,1.5370494948681648,-0.09856334252106144,0.20248023690075523,-1.2001840687667227,-1.442946827614608,-1.3896605887646856,1.202338928454332,-0.9370367796759166,-0.5681388318361967,1.3108183137237266,-0.9527246520122156,1.1362483075588556,-0.9213349987723549,1.6560826312601926,-0.6240102631837731,-1.2665367313957983,-1.4922229359197017,1
0.20467337139876624,2.758453198532983,0.14240097866385332,0.7742504574367712,-1.1600938480762084,1.3635088491673442,0.7640198540909585,-1.0761263040700177,-0.15679741189909513,0.19545499733282817,-1.8654361199523364,-0.034822807695053616,-0.8469735058495291,0.2834037365352352,0.026408493347376834,1.2998343751898016,-0.7485726477709489,-0.036295675666831784,0.4106305723333849,0.4735783331881065,-0.5194380687624396,0.6426167527868177,1.2665174231249032,0.2129423773946754,0.7169614555201163,-0.4032109063297994,-0.9863660313754586,1.9508209533443384,1.284551058656761,-0.46170632421995145,-0.008615959858532815,-0.8373200517691414,1.1323909205679894,0.15335232026058276,0.8942355340202527,1.1887262221001054,-0.15105902019907674,-1.4096184662225153,-0.18779359546884114,0.48830286347839086,-1.0117849022998495,-0.34477398410752796,-1.3654062938280416,0.29933361216252385,0.5967229835735096,0.314196195065988,0.09652214582232718,0.5284791495675747,0.5926762047877464,-0.6088979651279501,0.2077080076433041,-0.4323764500074324,-1.415182538492175,0.9505512859448246,-0.3163665928409328,0.32738046869005843,1.1932542983542955,-0.06182313716107921,0.2839703015604594,-0.09852364593795739,-2.4218767785302657,0.25319540823794073,-0.8453685791964859,-0.16420745742592743,-1.2367154693929046,-0.851261230230381,-1.1954673395163415,-0.7628716887552334,-0.21120898972940533,0.18314512883397147,0.40807954819427744,0.26909013614428967,1.022644381654265,-1.3515988959408034,0.20886989931660366,-1.98163974229527,-0.6478847994340369,-1.6309655846700744,1.0644167135311107,1.680002787721903,-0.04891295766645082,-0.6424428046139217,-0.3267294682788497,-0.8165076335880074,0.4273712819949752,-1.6781656235291453,0.938561298320976,-1.6195380684924932,-2.6153473776991802,-1.1901515621622702,-0.5806506655816203,0.4802240950343825,1.0840484066833196,1.2792747747492874,-0.45025038996417677,0.9043914870153763,1.1207631078201483,1.0777220217808527,-2.6889507780529507,-1.0088557318384506,-0.28219414328210113,1.8447393313973877,0.4446148114783473,-0.4566861330943406,-0.5551313293336818,-0.5221918248610806,-0.8640174506539917,0.7627690501108217,0.7320077863498697,-1.1155491981309238,-1.727334107219216,-0.4976878323683674,-0.693085921820889,0.23981028189263537,1.6597840205315455,-0.8495237087007995,0.7138096137204414,0.6925353482149792,-1.806916670142725,-0.6517624772527325,-1.1290377005237393,0.7867719863735236,-0.3624404913943242,-0.12432079518917444,-0.3777809983965119,0.3166613126364505,-0.757889380331547,-0.5094657490717973,-0.8260520580169247,-0.899958669768118,-0.3411977437325799,0.26342497746792287,-1.5209843120025268,0.6589042844948929,-1.8372881496895108,-0.14213322867671063,1.0786074395435332,1.3840385332249092,0.573534891523215,-1.624530377036922,0
-0.19596403976712573,1.9080194855723458,1.3308945846151903,-0.10547251585740688,1.2644896353556498,-0.17927952726745555,0.5919807303559652,-1.2766020820988415,-2.002526263229863,-0.8350299881662023,0.20164992119147995,-1.0442565138726914,-0.4929590616029884,-1.8665763991351068,-1.142392712478105,-1.6152975464579153,-0.9202476747273677,-2.1833366397214657,-0.48967274470507804,0.03641289094784816,0.2890309658732669,1.1483119351845934,-1.024985545690081,-1.0236106935593747,-0.8641243497361673,0.48943103146990996,0.2665059902263992,-0.4577210497969816,1.5892455103139769,-0.11363498640989324,-0.48568583934313264,-0.39693273711016447,-0.15204984468781116,-0.6808982366655784,-3.15888153391904,0.4181756459398066,0.6986232824828127,1.3044752676879185,-0.04248167462191787,-2.1184864837553046,0.5018433005260979,-1.5705172335723458,0.9819984730665594,1.047735681970212,-1.669859542067549,0.7365091755525838,-0.18698976362891456,-1.2351230302773828,0.3018914309399683,-0.8141651008320292,-2.5044294384990122,1.2431263051528905,0.370972308785321,0.714882288497339,1.6424822637628442,0.27364133575127525,0.9019116533130815,0.8792405557033689,-0.4618826831741497,-0.34639553390804256,0.012235888156320412,1.0401832334449204,-0.3166001552727469,-1.2721426120685473,0.5285667413392222,1.5048834648498013,0.29326826585678306,-1.1475774251949424,2.0065534619087084,0.5805689425162018,-0.30607743111888364,0.5320466340194681,-0.343598284803877,-2.031903235477988,0.7527553266321754,0.9647082619862571,1.358561300416336,-0.08541296834077676,0.5952516936713994,0.15344385763011922,1.6172606035875914,-0.2304095446604383,-0.18903695883252988,-0.4599936334114533,0.034137657178881765,0.8534597720711178,1.755823011622056,-0.22277363521858015,-0.41484402625810407,-2.0024911525468823,-0.24482122680769147,-1.2173608805254772,2.5269494630517007,0.17339516850997935,-1.4631011874238862,-0.19176272978937198,0.49732954507029004,1.1324691570553493,0.296208152602984,1.1513302553525582,0.2641428968465276,-0.5186433344842423,-1.3540142230335763,-1.2086731777364836,-0.04391751185619247,0.024878717377208037,-2.2514094930847444,-1.5405445237708817,0.28102053955175804,-0.6598480262133423,-0.20993420691551495,-0.19903286239566131,-1.3003805936778747,-0.514381549439678,0.29254863071827053,0.42053477574127035,0.24280326716761552,1.600820782901119,1.608292150860336,0.008971358350629956,-0.7917062176859415,1.1163459346380544,-0.9195518047617648,-0.8112207734415856,-0.41176572284085494,1.0758829821242066,-0.6026201279964848,1.5628797320172407,1.7330763195875587,-1.746872412834259,-0.9657599566116926,0.9772077309546358,-0.2058611599947174,1.0795042121667082,-1.2979895983084897,-0.7716774069052104,1.0462997813236385,-0.6582912331533589,-1.0636384211176848,-0.4274170507175754,1
1.4371557515177624,0.486463425587045,-0.41268600403408123,-0.998594057802988,-0.614911903562144,-0.4124358242265035,1.0124612952872272,-0.8943213896225489,-1.0397976208055444,0.34830367403934664,1.790935656750034,0.5551169090587266,0.5986551524986952,0.3035465546905332,1.0275125325079428,-1.300442621522005,-1.775754036885531,0.9313556350049429,-0.26699695172355387,-0.4662264040340936,-0.16675700094940987,0.3586935301295061,1.2746726088909606,0.6534147198331595,-0.31483266410289285,0.3779080928346709,-0.06409049736303124,-1.0127826580515022,-1.459453769010935,1.522292087937049,0.4756584475806181,-0.5394295110063453,1.414558970118145,0.4720160430049802,0.6016450886986098,0.7273113512470138,0.10414720564598472,-0.11124626317336538,1.0167849692256803,0.0793171345932569,1.8349125205928252,0.8475168529594745,0.7004744288818328,0.28421329063344736,-0.9082133967153284,-1.328939879868552,0.06277078455080208,-0.7930071656714356,1.385375252170123,-1.823644011843808,-1.1357474225474746,0.33288796064487014,0.7049102755655368,-1.6150178364091414,-1.5528115608152036,-1.1844617613404609,1.029171378237062,0.1473238494398736,1.3149071603937303,-0.03422367995422672,-0.15502823451401762,0.698901503357641,1.5727064727025715,-0.6881847735824158,-0.05577410816175153,-0.15589631256709174,-0.789003890612768,1.1675559599096637,-0.4072507140669611,-0.06772843548814177,0.39777980409803704,1.1898206493813999,1.4024863463256145,-1.012388167964538,0.8094235740522454,0.20487974041279308,0.34254428730755926,-1.092936813717893,1.1797117538184416,0.5220635455058836,-0.7679460360986955,-1.734528518882195,-0.23723429972101484,0.5471202057636733,-1.3632491642191995,-2.5299263868667974,-0.07338248841316947,-0.6595796950474452,-1.319859715959764,-0.6151811407071439,0.11148520379766708,-1.1193230600670794,2.009311850131149,0.4834340719690645,1.1437421810880415,0.3395194885154963,-1.5736299047616873,0.5433820684236952,-0.09955208232110399,0.13090927994720042,-0.6510099758271759,-0.4115898896163862,1.4557786765121987,-0.23702171434345756,-0.9693153189781866,-0.778615470330168,1.1251462567259154,1.3096693563987918,0.4383446787348414,0.3700507309520985,1.1582303927366842,0.004280472276696971,-0.5712165349405183,-2.272463738455343,-0.32594472833585214,-0.10887672943085566,1.213667283372937,-0.40165482536310415,-0.35204339512977634,-1.793970347941014,0.5483785087170745,0.6452388393619163,-0.17408913181720767,-0.01213472123230603,2.2214309525457083,2.831380196955542,0.23292937477802825,-1.156636097814826,-1.5350807289272186,0.7566507062400141,1.7616608679429984,1.4999498024842486,0.9839927802334638,-0.012899979932841865,-1.2063075063276472,1.3144570345690503,-1.1297379726691532,-0.46873322097452963,-1.225585349398322,-1.8565680945326453,0
-1.3750351609988578,-1.3270630520814146,0.015218596175513993,-0.6871607865993176,1.9598653345431178,-1.0352666578999348,-1.4095311914904856,1.6814600379943665,1.6166926194663094,-0.6827435095566625,0.9634157007156662,1.37447697527608,-1.3623337928293626,0.11514516709529038,-1.6800497310645188,-0.2764289492087252,0.12028430231601953,0.31912782216711133,-0.1816112225607073,-0.4183525464885796,-0.5736559808032569,-1.432316183308635,1.2286160159076958,1.8849507651517587,1.2761731944324355,1.0697195777630508,0.45224163280816926,0.44854396785471057,1.3519175937359043,-1.1193236165047082,0.8040304701540867,0.0779092061229232,-0.5660755521682216,-0.6011451266298697,0.11897615379090255,0.051434742310732286,0.6116208173431055,-0.24141544540513726,0.0025381319876205573,0.7451099226981261,-0.6086603498469504,0.5001503800695914,1.0171727611690002,0.7709571290073078,0.47580227184775653,-1.6391412986516418,-0.25334498417696444,0.1778899765187017,0.5336785518483406,-1.5883703647310103,-0.12864564738851697,0.850533087861936,1.5693909659599978,-0.8110508737541264,-0.9821550570223541,-0.21274366117126298,3.2061773678509264,1.3176176412419662,1.3416036114419738,-0.6310970573503012,0.292661222171943,0.5094375212825002,0.46100710402372724,-1.3511718342471604,-1.7669209575984137,1.055802020878963,-1.2392624991108985,-0.1636462862132742,-0.9308591373112645,-0.9205301278653437,-0.5165271763022823,-0.7142075961200032,1.1383162926294463,0.5856622773339856,-0.001851616928828467,-0.3418106373746853,0.12401913861219846,0.4485870797565147,-1.5152531684317707,0.13881658050839338,0.24458273335188865,-0.2857174721028454,-1.3984474754058827,-0.959635456142356,0.7304263495389076,0.06659215159955593,0.20705175995463695,-0.6734663034501731,1.081998556784991,-0.3213198701059417,-1.0746381366343454,0.2868662245950219,-1.3098124952860386,0.1890807725062894,0.6864418144311076,-1.8043053395057758,0.9804601931774883,-1.9941466612437986,0.8111263985472597,0.16907787146841144,0.7129229680192314,-1.0613556277107685,-1.7516688544184538,0.6401667131061949,-1.5248661707674869,0.3062217865126526,1.2774261875330553,-0.13593659672799813,-0.05371946885925164,-0.5989749435651855,1.0733165118995842,-0.177464240413292,0.4773107801407316,-1.849130140208882,-0.5225050961149461,-0.2839259626072432,-0.6362685947220458,-0.3457874259723118,-0.06595033303542638,0.010534436846771736,-1.0348635210752317,0.8884416950173208,-0.562971717113042,2.427646437603513,1.9170750521375874,0.1366433664589283,-0.22937816675741493,0.3140967253673257,-0.32304122683899134,-0.1353479597042262,0.9676888469461997,-1.0062847521559481,-0.3769958759588657,0.3385598746566787,-0.7210616942881037,0.08273562650356743,-0.5462338883852491,0.744580837351205,-0.36597256358352814,0.7076436930076127,0
-0.871795325452447,-0.7996337207885184,1.5360580706438702,-1.5869422951294194,-0.5714789615319079,-0.20684945289347442,-1.955873308254964,-0.2899901027722682,-2.067000098663425,0.15291924612479854,0.07797735162044897,-2.348414803558875,-0.2947001504683665,-0.3113777272253416,-0.44920668337902003,-0.9313915419678463,0.4995610832489474,-1.1974999512125548,0.593610315179429,1.0513879693714188,-0.5644404284837162,-0.7661685341802037,0.060598213442528324,1.064548419659992,-1.729864433055165,-0.3720883805825739,-0.14368776888912094,0.4936215438292764,-0.047244275265181296,0.3327623313186974,0.15116881747257943,-0.11054489757434308,0.5354219869567493,-0.013022661299526794,0.19193114675189826,-0.01778838784939789,-0.4335822364824292,0.8922687738463073,1.2761580488856954,-0.21949117580550492,-1.1311184368733649,0.923586744985673,-0.9017373300279754,1.3767995481374953,1.1984427779108207,0.05224569193419252,-0.8555754736654627,0.11602368040908838,-0.16920193210943887,-0.39077678669420657,1.5339553346342607,0.4573216276920047,0.7236070055061449,-1.2780746096203357,1.4063331331001714,-0.9153181597919904,-0.1939697567266813,0.03883932250876819,0.7002540448807418,1.1768570582357747,0.41347280179539714,0.6575210361481497,-2.2756302126441805,1.0664748339701624,0.246448481776321,-0.13388195721664378,0.29408227193013164,0.166302240226671,0.5483059950972806,-1.0202872740219973,-0.17522953460777224,-1.0023753645162092,0.6668968778847323,0.5406717539546605,-0.4531920083158161,-1.6146676757145246,-1.9656935916165368,0.4802695576893885,0.6396095607395251,-0.4207239824338646,-0.7123483015765393,-1.8851109949023221,-2.504762435717746,1.3344192151503693,-0.36147462540632763,0.4672546527108837,0.5168143827436886,-0.8996895016792557,-0.3678437767032768,1.3994603651264323,-0.5566746000222772,0.049822670160290315,0.393032128557061,1.0497121282161619,0.8106215188792554,-1.1475534166623043,0.6763441587908356,-0.799232496401916,-0.6270992607494468,-1.0448689005596048,0.13916285346359356,-0.23500298631598862,2.0082920428999245,1.4832657158190008,-0.6086513143849537,-1.1519598184548618,-0.33884735092063034,0.4235560241040557,-0.12385213319896256,0.6251759798959695,-1.822481251713061,1.3386894326590881,2.0392706592776326,-1.7711149333746172,0.6215621852016961,0.14154718129003574,0.4949713454590763,-2.199858220793386,-2.001248086551512,-0.02029366324405807,-0.6567413506475949,-0.5979038988373716,0.34871336113793017,1.220026251325255,-1.134412345708438,0.03998873988941162,-0.7958485809693058,0.159634164205689,-0.27021235888559614,0.5945829778024505,-1.478242063493854,0.6597095753220545,-0.8280419182314024,-1.0088509190538062,-0.46178498071276597,1.3020815493254143,0.16356038602589354,0.1555441746101772,0.9490693373262766,-2.864748372297793,0
