V1,V2,V3,V4,V5,V6,V7,V8,V9,V10,V11,V12,V13,V14,V15,V16,V17,V18,V19,V20,V21,V22,V23,V24,V25,V26,V27,V28,Amount,Time,Class
-1.6641161479772295,0.8832321466773367,-1.5992647260527804,-0.3070204976127515,0.5632765545764779,1.2137058800187361,-2.337924237660799,0.7115901074706978,0.8617246400504668,-0.55701546815813,0.09090908943434983,-3.051971727341344,-2.747980314807912,1.1085327200082544,-0.5388952289859689,-0.34621223150213903,0.23467640369402637,-0.36593221077687255,-0.4586921335369487,0.39448906191004945,-1.4955362576793882,1.1599176518605934,-0.23025002487435325,-1.005658500740873,-1.1402096845223317,0.04265188645532311,-0.30635770977837695,-1.5488400745187596,419.99,0.0,0
-0.6018351053781364,-0.8091990028828162,1.2618565365208698,0.13045241497174223,1.5693394283705584,-0.7099742243672579,-0.2911318887440301,0.38655322523571406,0.604132610574034,0.7209910724529655,-0.8878095524334758,-0.8596791369905953,-0.3554202714871766,1.4809068640855974,-1.0006831834315362,-0.5269250061566547,0.7298579144231867,0.67635426474882,0.5554183678179195,0.08084358077930223,-1.065133621549736,-0.6907759289021356,1.1264901759289505,0.7736373332557416,-1.334984907775466,0.869457629704822,1.3087784387643355,0.053830788713671376,340.74,2.0,1
0.42628118067960685,1.0114851855762088,-0.6957163961624019,2.3295978046214803,1.2230779786465324,0.5240281472034619,-0.03450784418471148,0.4947774446137474,-1.560282498664445,2.0820877679096186,1.1288915734423497,1.4640135968022554,0.030757163683692433,-0.3602891960796278,-0.6743072033502759,0.8135746088468064,-0.5125470796562709,-0.18735693318470698,0.5463991266752499,-0.6593283168363387,1.04394676398319,-0.017741077889854382,-1.508119318295972,-0.670002678768328,1.308185449970264,-0.9370025133623828,0.8940774872376187,0.12167343669457237,390.3,4.0,0
-0.17170030172911382,2.5125941507832743,-1.2842162429296544,-0.740133604989783,-0.02343006898340781,2.4157493920500834,-0.021101176792307826,0.27425293855545196,-0.33583549958663556,0.35862857856190355,-0.2738174066364618,0.6953226044332554,0.7741873264854945,-0.23410516282819913,-1.125480038096064,0.09356984702573579,1.4021217484211665,-0.8266605937792095,0.3339168903933009,-1.2057404300126175,-1.0398073344765253,1.3003658353029879,0.6915333826492797,0.3489651300384277,-2.321773264308295,-0.5528928714367063,0.6068140030866872,-1.44906550792099,223.89,6.0,0
-0.3538853899085967,0.7666537106193172,-1.511138713344806,-1.6792865869487967,-1.4938281162441795,0.33448521161151235,-0.5569985288629022,0.8780486264631149,0.12101838523461472,1.88053471793804,-1.2374821982493482,0.33177170510909826,-0.7952147710246502,0.6002126991480295,0.11993589027284002,-0.9931208238203807,-0.15715224610887607,0.07309807721165089,-0.599308939995225,0.727167214983577,-1.0310926166689147,2.091008558033163,0.9536903006268548,0.3487411190535363,2.8453142746971904,-0.30929882589326496,0.6113758675643471,0.2226804635992078,97.54,8.0,0
0.7974676932078243,1.4961163670666207,0.5489493766113593,1.0417938953151993,-0.5503879903465915,-0.20615014846379853,1.6382875602630038,0.5968561635293599,0.24832364485818859,-0.7532442090835173,0.9665960811349503,-0.7814654209824603,-1.076165855770106,0.1149257510289212,-2.4024925335286906,0.6110767163709747,0.37694419674128826,-0.35280355863586044,-0.26211815856003734,-0.1193209046663986,-0.7891273775473416,0.18457262749829312,-0.24939493038551502,0.11245215328861864,-0.15572858533474318,-0.3525286724912474,0.27849262343763714,0.7810998429315105,163.11,10.0,0
-0.5247691451678973,0.3954732916459576,0.5194304105141907,-1.2838638820065704,0.9765444751538083,2.056451330655989,-0.08809569066254558,-0.1711954087040298,-0.2130061615953476,0.6206057547993037,0.5107785266498117,-1.590661202320854,-0.8661210502341619,0.5073128498916875,-0.14502176987975104,-1.1661179072395198,1.5002601802880169,-0.7997132662579801,0.03577712199692792,-0.1715191114289733,-1.078688800950558,0.18495480218043323,0.39210688349941963,-0.4676760318296278,-0.33619226438948224,0.6004870427626134,-1.975138265663388,-0.8450038502477212,450.74,12.0,0
0.2134348965323792,-0.5267387269901164,-0.5410290637294516,0.9016925461961687,-0.6333242820376819,1.9791782511138234,-1.7545125778889181,-2.2119938332220683,0.8789361614684575,-0.9839512593720482,-0.9670735882729943,0.9847332738196769,-0.497268586046461,0.9103618158649048,-0.6104119427524594,0.3625315219753062,-0.511422479978421,-0.9198122758702884,1.7306013575347177,1.1164621763598257,-0.72664068293268,-0.1783960368144386,1.4762267984112802,-0.9882204150615219,-0.9341080368080884,0.47006047230485454,2.2704945602612208,0.05383155186744948,469.01,14.0,0
1.0498112394867007,-1.017439756288668,0.3610523419360335,-0.35961471185156113,1.8666250786267489,1.5986908444131307,2.279416736851362,-0.695489289097408,0.03549820740594164,0.3751669243240612,-0.6564676363258843,0.1310551997274029,0.9089780363588296,-0.5503655277315042,-0.7033564597370255,-0.7696557761698666,-1.3437023847886878,0.8539928670935176,-0.7056683357258804,-0.8111073302488002,0.5290698351727404,-0.01061602088251416,-0.5255303601050969,0.8106288106660021,-0.5654461319074233,-2.176950972293945,1.3332429887058133,-0.8281954756893285,240.94,16.0,0
-0.7189541788552649,-0.7145370609780494,0.05960098897463615,-0.2742424572062906,0.9880711128581385,1.6451139925104044,-0.6791994784323673,-0.9380074240317505,-0.5219013746871703,0.4390582913203032,-0.11636096876258156,-0.5004115102095141,-1.297010496766463,-2.208888842800432,-1.0047175552014327,1.2644158618518795,0.4359927730641968,-0.19153532273753346,0.7297867965573894,-1.2878831551014192,0.05675005155562204,-1.7863551243399423,0.3460190261534824,0.25951517604542856,0.28330822318864846,1.167618079959826,0.7759947965291105,-1.2089136153272644,149.4,18.0,0
1.1827193278806778,-0.20945194831866373,-1.9701485016645344,-0.10875562490780484,0.6471290901423451,-1.0138518969459522,1.332858243707189,-0.9233165591521627,-0.4810919575356207,-0.6647375357410691,-1.708976211179809,-0.9931336227203647,-0.7118593045057698,-0.1301055338463834,-3.0014744918811025,0.7165530233598284,0.7066737014436711,1.1814612455893776,-1.4916554780834013,-0.2928314198318359,0.9414356201495587,1.027495817727876,1.4789309382525555,0.10271497457221027,-0.055973857941853396,-1.55794919618834,1.06487619422731,-0.4603142416660472,365.16,20.0,0
0.033940977435730116,-0.03282942724397755,-2.394652258432087,-0.8114557240367166,0.4538813700365134,-0.04858580278118364,0.46182297583640997,0.7838469403113846,-0.8232405806424808,-0.5151502806458051,-0.14118712555880025,0.773498954544157,-0.2340980382069601,-1.781097154028876,-0.19818287134506737,0.7332704509687046,1.3570194228182977,0.2805759241847735,-1.4859966763992982,-0.40637074581506377,0.4750571476892023,0.866214758157271,0.5070715872231446,-0.2516075380481923,0.8585154297756005,-0.6405650925950659,0.18464907287413773,0.7497874119067345,383.0,22.0,0
0.5766358070035663,0.5990949702252734,0.5739149936201716,-1.0486938772926304,0.017557549929824993,-0.9092454584420585,-0.2894740563529994,-1.1688399300041925,0.3449667063519542,-1.9651517471806146,0.6172811926084653,0.01534778781903132,1.902159644077534,-0.20460015202121157,-0.20489669719531542,0.6825322825294072,-0.14649271457844093,0.27483280729992227,0.9944000420885803,-0.2675148376408798,1.1952601690314673,-1.679133855514616,1.6034798763548246,-1.788166081445333,1.3521873116975187,-1.8664624683042021,1.9805841184097888,0.16087621357989085,407.73,24.0,0
-0.9448842325838511,1.8651197668551402,-1.088870072392642,-0.22735387948654656,2.6047122909793567,0.3955381545109093,-2.02601479778201,-0.2732922173729864,-0.36175946250905877,0.18851687656416982,-0.0444429718612898,0.5458504978335935,-1.5280542507919344,-0.5479030401855033,0.3118436320319007,-0.7621418074365766,1.0959435834579467,-0.7421368425347615,0.1433290893366587,-0.10495696510922345,-1.0146808735673232,0.060490995211575395,-1.311932154884079,-0.44361122677460196,0.030274154495305208,-1.4273381890733572,0.6235016409205224,0.26037466850946117,15.55,26.0,0
0.5320007762887248,0.0024690761400533293,-1.150683581291776,-7.285191247624423e-05,0.6230970836494241,-1.190308789466265,-1.110826016587945,-0.24608438595110954,-0.3713295350323267,-0.016163834618766013,-0.291697945703947,0.15999954579718748,1.221818019449358,0.5383883885973573,0.056151654336417334,-1.1067115469457722,-0.7219865877755395,0.8417341790468448,-0.4684853938583173,-0.9677521284937126,2.098033118778794,1.5244593739266763,-0.12445341913285508,-1.082664501568739,0.7233588472729472,-0.49006799832912407,0.8885327628120482,-0.48905341076262715,4.88,28.0,0
1.645395567895256,-0.5187416313958476,2.3647334846035992,0.19505778487968162,1.3843056340544397,-0.5401003590098674,-1.311350252008181,-2.306222804356895,1.2766038380800315,0.06801390997604112,-1.247575450521708,1.3182030510858556,1.155994016760827,1.3823858403705351,-1.339786028442859,1.2464113010457534,0.38404197567554266,1.4276230373075767,0.5427311645443822,0.17301556284763792,1.2599852344622187,0.8518994381843165,1.081765598773033,-0.4880474006507877,-0.17240937399447853,-1.7338135922466642,-0.560124069066595,0.7903935386389694,178.58,30.0,0
0.564187817598388,-0.9795321099303063,1.2823454202350928,2.973075285370285,-0.9027244545786439,-0.20588180204387074,-0.6215954255514258,-0.09488575619307506,0.27390600048182295,-0.6973329385875262,-0.2769197940718335,0.08724319859277624,0.4716019660075525,1.4664929049853395,-0.014478858664749928,-0.5618356351896585,0.6963391476988771,0.40017287897280895,-0.19282759582472936,0.4850167248268268,-0.3831485787258441,-0.5303840190544328,-1.8993171547931589,-0.32792310739557784,-1.7625229808505396,-0.6394038488359698,0.5794807365973221,-1.5051696738356,76.26,32.0,0
-0.18984494416636574,0.0654736677672992,-0.23859420433123382,-0.4813348272404937,0.3253888135526386,0.4640992005666031,0.0015261285396291832,-0.425760917802928,0.8647359330501083,-1.3107400602482506,0.6873785584752207,0.4196943913216559,0.19902684381326924,-0.009895495726644441,-1.8899687989123484,1.3873523620117283,0.8386710488851913,-0.9613901758943058,0.7588096850156215,0.18883969952362037,-0.5830020294564505,1.1917937173895472,-0.43083925884086943,1.3561265995962206,0.5342803649501275,0.956558726424354,0.5790853730734477,0.5327307877595419,402.49,34.0,0
0.21523043164643318,-0.726818947055269,0.06252572234480808,0.9163908440411674,0.7192597115856167,0.5012534648602976,-2.0957533130959978,-0.21322411890725795,-0.3182892213498029,-1.1032575680616128,0.9037576211372672,-2.0253086931095488,0.8366357479013126,1.3292382494032293,-0.20984173826886862,-0.07433894397768119,0.9675592356933383,-0.763654653424332,0.6607764767724565,-0.9178143476764327,-1.217441905619367,0.29599072664986964,-0.02668698129453592,-1.72100431117098,1.4153109524196223,-0.41471703838364365,0.5106799193590524,1.6051832513331505,266.43,36.0,0
0.24760437627936216,1.2732920658670908,-0.8630540463449824,1.4209853538300476,-0.8258644959831233,-0.5711414876281811,-1.4546654109875434,0.26842455491594175,0.630927514342926,0.7668083853935195,-1.431586259715385,0.3749762464630314,0.41198236800870863,0.6147717095759281,-0.7727287865685011,-2.5053037308442003,0.7064789040033806,-0.14582963490294076,0.280241105709688,-0.0946070367898273,0.23450224702687897,0.7371192941892554,-1.8570217095423922,1.14102027623928,-0.18214249567042104,1.6270742684759993,-0.45945541538518303,-0.6815978125874121,412.68,38.0,0
-0.14833940779091748,0.49998704093184254,-0.27435255166304495,0.5725132876255232,-0.3871259050595511,0.03489221801110343,2.2365529490447043,0.35726686353255593,0.43749622692597584,-1.4725699871889775,1.354287523345,1.066465085323267,-0.7144491092917985,1.0467259343717368,0.3298012273400208,0.046415898606571616,1.2909556462749994,-0.5122985730707299,-0.7223550556798504,0.20756332033700547,0.5282288145376305,0.9663158866938358,-0.1509529517466049,-0.8497711165906487,2.5285677179649286,-1.0865945610389625,0.05511812328952894,0.7797055245476119,88.46,40.0,0
1.1511226150378353,-0.5671601787477178,-1.8749176944077033,-0.5902651734626709,0.861322510213885,0.6374964814952381,0.6701223588880751,0.7116640860743736,1.3400842326805085,-0.7758884452947913,-1.1978979957276037,0.3704802452637558,-1.0485246895681897,-1.2609153494850054,1.223959909907136,0.25035981707581306,0.028493149045086385,0.049273996765315305,-0.10613900982466534,1.2172406453265736,-1.5146159051957837,-1.5560235812004186,-0.9363815185879087,0.28916164773995223,1.8053437398784882,0.8690839915052728,0.5924427142240971,-0.07986693128452568,313.62,42.0,0
-1.3325299139959303,0.5149898240871643,2.025967065835132,-0.24005765550852884,-0.5606733647539329,-0.2352431963902933,0.5997511384924197,0.11173018525193214,0.9100141111147211,-0.033450874249825104,-0.24101162964578085,0.22900597995424554,-0.5396521768306781,1.7407649414446382,0.8231143981166148,-1.0996985874056617,-0.7457591715341384,0.5653370051661043,0.1833175459964138,0.3025117093480738,-0.192127470616142,0.4551730365254335,-0.16860586850370807,0.5633795434095906,0.7730282312508983,1.6067403366381603,-0.5146992429459601,-0.011118631825540666,290.09,44.0,0
-1.218981410896167,1.8262614170390932,-1.9754879572038413,1.6828693885318093,0.09346958229114129,0.4184279304866466,-0.16566909372965127,0.031100658113291827,0.588084599744503,-1.6366474618212583,-0.6521262370939029,-0.8450572838086583,0.44740478353581725,0.004366198403852346,0.6180958404288079,0.16477500418135604,1.058588835815996,-0.7402742910087537,0.05815577985023775,1.1093634140025137,0.909326048020673,-1.4796445564500877,-1.021110788984721,-0.08179093870478393,-0.23483667274127698,-0.06542672855191503,0.7961903002518462,0.2893830050020716,170.2,46.0,0
0.34769090301922995,0.6706135686034251,1.0741742051455587,-3.0560121614649476,-0.38662644823805326,-0.8829677872597006,0.4753161358948526,-0.4621039555846555,0.0758616169151219,0.852143076402508,-0.6029859387781599,0.3628156727122189,1.553827823160428,0.8316154598715804,-1.5857773566799778,-0.2917467012761011,0.35581633527699624,0.5527838562219295,-0.2523490382872462,-0.6397888909895332,0.06776293484896866,-1.0868847038949443,1.0997342660445182,1.868680973948168,0.39469396845012367,-0.2324385535291138,0.9409009999136464,0.7719292243586737,258.55,48.0,0
-0.2755407461054244,-0.04784356934975341,-0.6095343391280963,0.16468482493597006,0.2989091400452484,-0.7801326542706958,-1.0746763416278968,-1.326015412034066,0.4165346626120426,-0.011482569620106011,-0.083574146854827,0.4645259223443329,-0.9009619756883769,-1.070252735171193,0.24108191896885833,-1.7286789595805567,-0.2589845309342243,2.4664463725778787,-1.3485374628525244,-0.42974235993072346,-2.1228928036897683,-0.2337280582221444,1.96653642826531,0.46691743679040043,-0.613779309120975,2.181410645271099,-1.74235260951841,0.45394315975701893,294.52,50.0,0
0.06491278709293677,-0.24702468091041652,0.807091473728845,-1.1819794082753006,0.312622633872329,0.18565832276451621,-0.8710126631137133,1.9499955804173177,-0.18183726336163933,-0.13865037219470785,-1.027677175295742,-0.16334045111638212,2.3347546068189846,-0.2527118599715851,0.518701943013643,0.9505477319935124,-0.1814023111400959,-0.4095903022838,0.472263881226173,-0.2412583688844003,-0.33184507278626435,0.9398898942594625,-0.06942308691305019,1.21323983826474,-0.09192668824312195,-1.3171955583526904,-3.425795352833652,-1.83814844685269,444.75,52.0,0
-1.6659604662642626,0.2665379308278971,-0.9713326932141386,-1.9741313760641588,-0.13090568847493758,-1.0818280671308547,0.46309913792396523,0.4382686472668288,0.5440862821831797,-2.5582805272941074,0.04540912637988154,-0.12140240006805957,-1.221644279777796,-2.137430762536451,-0.10868492113742605,1.064116053756205,-2.5817576025752738,-0.8325208729039967,0.131535112986163,1.1249199941936312,-0.31237151418131764,1.9310029480307835,-1.795306539280217,-2.016937921638948,1.0177150497236889,-2.3496242520267705,0.4615323363006494,-0.294532438493812,27.83,54.0,0
-0.901000602439998,-0.4266672084688718,-1.2890718936294387,-0.31833405541627624,0.017419334354858335,-0.41622197644613673,-0.5849362821812703,0.25413699504054893,1.65957179579483,-0.2662034019823957,0.8199905050042179,-0.9661769980053434,-1.3340813008248733,0.45331538731402415,-0.23353454358335002,1.1294973416430827,1.3254235156937602,0.8390848424274866,0.8173583304001836,-3.4253630855929744,0.44452249956702883,0.8628798294650044,-1.271782602161743,0.008772511589786338,-1.0427282143422365,1.027510594800878,-0.9559980650764976,-0.7928621069366469,411.69,56.0,0
-0.4640501660560154,2.249410221900274,1.0046722700761965,1.612603858913884,-1.813119855480241,-1.2692947461725668,1.338579643717697,-1.7601611482266741,-0.6716841708496661,2.0553413406278565,-0.96346473030469,-1.8209974527152253,0.04747450437632831,-1.779742974161243,1.2372500729729163,-0.8948587494896943,-1.0952390289119203,0.029382352664001663,-0.4044378524754562,0.25234919368082015,0.5215044494027005,-0.21728774347689442,-1.1614486099860315,0.7305082850647647,-0.6934098181023283,-0.8690889745057017,0.14266061515605089,-1.9286624192556714,490.08,58.0,0
0.39087603314705294,0.19576200388418918,1.1218196402730196,-0.5003921395843934,1.324831532022267,0.5296429005018756,-0.026789174443239066,1.8166959255060375,0.09521273084678365,-0.5183673276276509,0.12383999307149113,-0.5389691671139829,0.3736466805946939,1.3206872819975053,-0.00800403248925917,0.09013966007332798,0.7978311945292873,1.1872400241081305,-0.45263526521582387,0.17233600620362988,0.8022623074467493,0.3299522560770378,-1.8620894357686317,0.9827269599114216,0.5228813147137356,0.5939487402068069,-1.1921507276533607,0.15238993470217255,365.89,60.0,1
0.8433452334046285,-0.8805806049032023,-0.6205445498443833,0.8604791210675963,-0.6671026247706618,-0.20850887754553976,-1.034618659107245,1.8199385673191661,0.5206227651685589,-0.2553949767061665,-0.44237519053220326,-1.2283646231473866,-0.11010009122807576,0.6650580811900463,-0.8098140972767338,0.10554112129638223,-0.3673817746490206,1.3801159295754988,-0.6366987639755308,0.7771558744368304,1.3940225959433672,-0.37713060377756874,-0.588577447650244,0.9227023185246269,-1.7812239144018422,0.43059463910265183,-1.575321792837482,1.2224116651663295,368.68,62.0,1
-0.25209634445833484,-0.09077809074226999,-0.7242492093576799,-1.5827072632722123,1.26586043763205,-0.17105750835929298,3.208768606708029,-0.8101818030595682,-0.646694126582599,-0.8972441146699729,-0.1761605592046869,1.5752179077844264,1.0101373367736846,-1.5045538335845994,1.2041200757971857,0.6827912861211278,0.481387826651823,-0.6842408334404285,-0.6099102986274154,0.137067233225601,-0.553162662028277,1.3126319840891338,-0.5959556761256589,-1.9467643728282855,-1.3014569433628809,-1.2379633728248656,-0.2633480736233271,0.21606603356932427,108.99,64.0,1
0.0538004366752915,0.46090899769202065,-0.2522800240506807,-0.2169069947406365,1.7518599743020202,1.2053575712608768,0.4083004819045643,0.916670475677227,-1.9262151654936983,-0.8225386189154409,-0.4322035140054704,-0.8107659620190041,-1.5457373088085276,0.4205438025657901,1.3857477592846201,-0.012809722999356492,0.6481820456339864,-0.04253395398756395,-0.44163880967673935,0.9191965590177231,-1.4281909408075741,-1.8634027459455658,-1.4422998219104213,0.8535879782760883,0.08721110688608728,0.37653797924678667,1.6769229934575491,-1.1633396745511513,261.54,66.0,0
1.2041703691638679,-0.396324414148629,-0.5483608752467385,0.08122037725160365,0.23773625567986179,-0.21054213957323978,0.610314301061632,0.08524307681107701,-0.19933161675246008,-0.4162841357797811,0.23834646571764945,-1.3566578274461054,-1.074463829979988,-0.3674500691961814,0.5448750596895889,2.142850123724857,-0.159325635883603,-1.774231291335763,-0.7902475096322993,0.6588918495922302,-0.9702821089489476,-1.305745257878444,0.6536689016140788,0.464880060892913,-1.4725407427567965,-0.894993345455681,1.244670176817495,0.8528442700943412,352.97,68.0,0
-1.1973715158011777,-1.9888893549117852,0.2685179158608715,-0.29606799523872984,0.18174189672707158,0.6346619438439383,-0.9562694173960221,-0.4321455265858987,-0.899058523705799,-0.8632350329804904,0.5647591933244297,0.14406858134441522,-1.5629417701107367,0.7251036419165122,-0.3500700745781995,0.7711654068279218,-1.0147380459462376,-0.9256880186976306,0.25171229810666806,-1.0964600881696749,-0.2748811707417664,-1.2100734623592742,-0.39136973307165024,-0.0318542318048977,0.015257934900758604,-0.36474727126634887,0.33335030031813817,0.14779904551203812,301.14,70.0,0
-0.08936666373680335,-0.6258505327111041,1.0682437495785087,0.3862872082325942,-1.0361088638919955,0.6488838756904926,0.875493636952676,-0.08156475929217741,-0.015087326074606033,-2.058870679383213,-0.8434410766567246,0.8436944163526539,-0.7826231982025401,-0.15984192218137525,-0.8586201300657665,0.2308155848317304,0.3937425551428918,0.42047466173518283,-1.139360959606701,0.10670210683655341,1.5765697613218899,0.7484887384846612,0.09333123609108909,-1.9309743418710403,-0.24935647810979455,1.64636558064761,1.3186068360130987,0.4614183247864621,192.57,72.0,0
-0.7193304120947882,0.052278982445450796,0.7734808333855256,0.940539193629264,0.3126203056458294,0.8550396827176499,-0.05869257966283955,-0.10290666309066536,-0.4589150217720023,0.4245368323683315,1.000340272233822,0.7084438707354856,-1.2180364813521096,-1.1644743151728765,1.1036398835124643,0.1765728137844424,0.21564815147665914,0.19311463369002482,1.751639501573564,-0.4462848181559192,1.1166341356761427,0.23360702432016694,-1.6005129792650528,-0.8248522800126178,-0.607030583695945,1.093108014466117,1.227297806792577,0.3538538507783397,470.06,74.0,0
-0.5227732796812957,-0.9109811160502376,1.1375810186616007,-1.2845524089160576,-0.1038902842476162,2.364471210320007,-0.5197871880376532,-1.2716982296791135,-1.7654580252981786,2.4040044228306985,0.34862709945554643,-0.8690756086014455,-0.1891366191484173,-0.6629558177596485,-1.863556040292807,0.7881174334537867,0.03381282239480787,0.7049837787179392,0.006550486825843705,0.1312452357985505,-2.234822382039245,0.9078477520073281,-1.0883097523632688,-0.8320835769144672,-0.5278723045040161,-2.058683572425485,-0.5825565078633486,-0.6521841117367292,257.0,76.0,0
-0.3778334689326721,-1.7011795172403792,0.9277088835613055,0.3980565781955727,-0.8640401953590359,-0.5815464122871503,0.8381483287730991,-0.2574750311202196,-1.2405358292037367,-0.08359187008487538,-1.0878430317915635,-0.7078731741224727,-0.0506240990225897,1.0552114649056592,2.0233247442300826,1.3626156213823049,-0.07185623880239769,2.257349801192177,0.5582693443682882,-0.9796885393137323,0.09454985232285684,-0.6569166468758764,-1.2479059263278847,-1.1742237774582098,-0.14723417817444245,0.7542059906134077,1.0682032557959011,-1.2447179166913809,484.94,78.0,0
-0.303258682421087,0.4865906797350568,0.1518585957516101,0.6945463670468957,-0.4346937047808572,1.2729152351051625,-0.004242021809038916,0.757724135721207,-0.3807737146071027,0.058390943538507614,-1.5960258514284755,-0.8367552700419709,-0.2074636885329212,0.10006154326703168,2.681201551181571,-0.38189999282621273,-1.3766402320007247,1.702484719454923,1.078837751028432,-1.156512203405863,0.46526206987930924,0.8352064233295164,0.16382511349971618,0.3258219203978424,-0.6322561682591203,0.5037893322224072,-0.4913542795811953,-2.645394145694028,281.94,80.0,0
0.19626597206611035,-1.6759493145476618,1.0134941634577268,-1.1308201434352332,-2.4530042089203676,-1.769291160856313,-0.04147665828858537,0.1865078122400692,-1.4126368163103993,-1.0723882547422807,-0.008068887886381325,0.9722277579706314,-1.2100821807378879,0.37917526251789474,-1.7386906289791446,0.31588873670453355,0.7557920810559432,0.5242066107225059,0.994397780687697,0.9277424005288427,1.8469318159501202,0.10861841905908638,1.8498913856970434,-0.9440990900865827,-0.2053417437214745,-0.11500317304006709,-1.042784459190162,-2.3606588672141195,396.69,82.0,0
0.8692983618116507,-0.9299341539026584,-0.40082900728294585,1.5845852647706946,0.5720850754728115,1.7402114547350274,0.12053103409627292,0.5554927272977089,-0.24067155750025004,-0.8486962987765218,0.5517929541353122,-0.4359012098304902,0.6445219662437243,-0.570469017988219,-0.1753832526855171,-0.09528250530057591,1.076965025045659,-0.4243486412257372,1.1869901195926178,-0.9048517404006009,0.2698575916696068,-0.687600627588789,1.1157458222397096,-0.8186634955355204,-0.7167327438221676,-1.25630243349524,0.10304061448602145,0.5910487048493498,371.01,84.0,0
0.4831291836907971,-0.14423795993705493,-0.6605411315373179,-0.2786799177078962,-0.24052952293520308,0.25261042742199996,0.18385281047322435,1.7397190745843485,0.03963606508148315,0.36080096846521004,0.07145580640526179,-0.3267335599653296,0.3540745010139456,-0.42066059394841804,-0.058217251287351085,1.1592685384777035,-0.4853594282924787,0.38734393575306736,-2.4813491024862637,-0.1853439106568825,-0.49211872969151665,0.12026043430231032,-0.23623677633194626,0.14151777507438057,-0.37866628602795105,0.3863346991158451,-1.7146420014868895,0.11141229608042931,330.42,86.0,0
-0.9370792498165749,1.1678665432740671,-0.9532139858799622,0.9952206840200453,-0.011532641194732055,-1.828762823155294,-0.8762673491811238,0.8478010241293191,0.7910088248495886,-1.2993507727304152,1.5628557256425852,-0.02456420700988399,0.8848456542009614,-1.2118413495431504,-0.45594901617306416,0.4159042702578549,-0.31316345299563064,-2.920791044470754,-0.1907823369928556,-1.9646981444255416,-1.070692541590525,-1.4028677927455118,1.1325554570832053,1.4463551049438221,0.3415639317508093,-0.23006870197219423,0.02833877948359525,1.1318548350160942,7.24,88.0,0
-1.9834282933127063,-1.0751018904781537,1.0040424027919623,1.2122709780979333,0.5897213000133583,-1.0449715658517955,0.9895489810734375,1.3614326912788515,0.7182502675041909,-2.494009643180637,0.1245948089159766,0.5852400642918156,-0.5156173303222645,0.1866769240975898,-0.5134591613561721,-0.8615933958867462,1.5105908172534386,0.21506867025226611,-1.1059796461666966,-1.3766000315388156,-0.8609821053418621,-0.8555733747576373,0.14653027802133728,0.4855567221888255,0.4844868498339508,-0.7501119871547913,0.9206307145835154,1.2278443151364533,38.72,90.0,0
-0.2599633670193438,-1.032070797122024,0.10028251454174507,2.160076248063167,-1.0582975678755528,-0.5261633029668299,0.05743406029763478,0.5416640245159381,-1.9855799935205944,1.305887694300174,1.2922919486814204,-0.42479364079072807,2.7066182933322627,1.2277053829257927,1.1744499329882072,1.187553189781012,1.1587160587080398,-0.021909488282279444,-0.12095999513285322,-0.9435700677201616,-0.5773717702296879,-0.31089768228551923,0.06546005018976687,1.5982960475035037,-2.102494821426145,1.344934276077613,-1.011875978526186,-0.1045198434437865,290.75,92.0,0
-0.7243978564616015,1.8542769094656633,-0.49995777096590444,0.5214479266292112,0.5732666782762346,-1.1600067501205595,-0.0967703521384406,1.2043262631070502,-0.8732348108429826,0.8289656094812681,-0.33107997130092787,1.1636540230366037,1.7474969418891897,-2.0078398996644493,-1.3381350901089808,-0.43850961372976194,1.465424420844281,0.532466054667943,-1.2447515989711464,0.6789203254424966,-0.9137347326017876,0.8705319342153558,0.5389649973539905,-0.9181118144248325,-0.06595443352189452,1.2246837615892552,-1.8920373071632526,0.30110880711871535,455.89,94.0,1
-1.1068993218836423,-0.016187609248809052,0.4577622368572799,2.013168973928341,-0.026297780838020472,1.465525659221926,-0.8404981867490057,-0.4950200629834768,0.5870585958486829,0.20176104840696166,-0.328418881827302,-0.35551444568768564,1.3332945559185003,-0.28844217102757336,-1.0208493207160971,-0.8548756242577211,0.6699011356816162,2.2565224512124535,-0.5239826832979839,2.148625525356763,-0.010840767559824266,-0.2798122299796351,-0.910277071631752,-0.19801380024915002,-0.7561406401520386,-0.8363808240106838,-1.6520502676056625,1.7661166846496132,300.57,96.0,0
1.0643859415339785,0.27160036762249484,-0.1440159616840812,-0.0055802977667971584,-0.7769089288923718,-1.1338514999845655,0.7174141132309082,-0.2622226950922595,0.32573571302889065,-1.6624389636231869,-0.3154288019746698,-1.153359804437447,0.48405575234493603,0.9952778525771856,1.459699389213819,-0.6289797329458584,-1.127899092032369,-0.41859360797226774,-0.6993129220137123,0.43123337614643725,-1.402782292125902,-1.7543950622807398,-0.3464482973573745,0.7265060643994238,-1.0274566910906195,0.8491132956064091,0.36533773402693376,1.546795586739374,118.01,98.0,0
-0.8022546664370894,-1.6064718667968625,0.5985417602151086,0.2798745378447601,0.2024980071945192,-1.0478277042542825,0.7751506073256638,-0.6334258070750713,0.20206047867663207,-0.45956811175094175,0.35438159028433547,-1.1951304513149896,0.4996783072459933,0.657589259523943,0.11597815828269711,1.6438967252016938,0.20716032081238026,0.9187537600366686,0.09241679779904749,0.829398864004722,-1.5333043156614246,0.03294479737508651,-1.1269353627983616,0.1404271956117847,0.38419271001007277,0.8074976130458543,0.48990992640558123,-0.3368529647771405,160.12,100.0,0
-0.7535954883608103,-2.3425234997416626,0.06885257785055186,1.137861714309034,0.10839346664819456,-0.08475169122821145,0.14305728854941072,-0.3877093999430967,0.1949678858405548,-0.40496366131259137,-0.898881399021581,-0.07529859464191546,-0.09710294061466763,1.8751700871262873,-0.8056899930021114,-0.15944170401800267,-0.2566653263615209,-0.44768283258044117,0.5131052391066513,2.237963017824218,-0.32082719667060944,0.5158944916195386,-1.9123719909472114,-0.39352952998403157,1.5552411396122,-0.054980393447980926,0.5023400150092917,-0.622751136129189,311.58,102.0,0
0.2575571918564652,1.6327762467860814,-1.1600829622691022,2.1865425051757894,-1.545944181894042,-0.4855018434855084,-0.8359171847795852,-0.2724609817672434,-0.8489028753240747,-0.9247196634929487,-1.1867466055116207,0.6440536285562206,-0.2379579959405804,-0.4995104196995077,0.282256910582161,-1.4946355110905596,0.3063725439663462,-0.09376940102124605,-0.06303783002922776,0.5191667509069452,1.643524008793492,0.3229747419548588,-0.19987450780478255,-1.1826443875759345,-2.3908179256337765,0.12788416716286244,-1.2596333401808673,-2.540263454252146,298.53,104.0,0
-0.3508704230992574,0.23948173576187784,0.7443038165359411,1.0612507136045222,0.8757121635950486,0.9025750296040671,-1.468070012588653,-0.14959563740675802,0.5798355665946126,0.04637461514530046,-0.1551492765825006,0.028090019912308806,0.24553399820915026,-0.07689370543566068,-0.8462793574090668,-1.702824107137624,-0.20402716147124222,0.057482754305274414,0.04657958147594168,0.9529210635822113,1.1306063010229261,-0.1040228037692428,-0.09686483649680891,0.5731285995706505,0.42654837951797514,-0.44255820180133437,0.6590138361387756,-0.14637440894948198,477.85,106.0,0
-0.12511073870022762,0.4336137950886404,-0.30116661974325676,0.09467250749000349,0.29754430644154906,0.8171785594662103,0.7481405802752756,0.26704447676832993,-2.608768734440189,0.2433508197212027,0.3978859289459106,0.600928847130378,-0.9560249627320482,-2.1220760524198923,0.8061700107836666,-1.224526593462957,1.2221695443178155,-0.5786518858088301,-1.027172958351903,0.34962197253598637,0.6161760850043867,0.5565780220755778,0.5016104059359106,-0.7077903072532995,-1.526909796287195,-0.3896643952991174,-1.1457077880154887,0.43254868489943665,264.55,108.0,0
0.8742478108170798,0.17269665011880247,-0.0009448144394156199,-0.31043257851173184,0.9803492695387954,-1.830468738644334,-1.2061510399968245,1.8267333027335857,-1.254959370803667,0.5310368324700779,0.7367901083169205,-1.9262510711816638,-1.7342978761366645,1.2647143405969,-0.9729436652547405,-0.9456316197648206,-0.5208761483491172,-0.9704820431793175,0.5262676786778293,-1.18203755905684,-1.9657605281074724,1.1563565171907844,-1.1329107661929707,-0.7520187666669298,0.8298579346224544,0.07024388842161298,1.1123412586103336,0.8451421049867333,177.51,110.0,0
-0.45343064565845664,1.021919882486017,0.16777314779305583,-0.5983879086903449,0.29040162296851435,-1.3094625198424936,0.8338477024753906,0.704118788347806,0.12035844148383618,-1.9182730249039814,1.1544047871184486,0.43709268425745834,-0.02295834687788487,-0.18066647917904036,-0.5367192273056031,-0.34447076252012176,0.7692166928951395,-0.5167260428890207,-0.2743021427964125,-0.12759327630683778,-0.10019726122006117,-0.6178119162263548,-0.17019944387839725,0.34331394590115455,-0.9048045998011969,-0.16557061728196196,1.9309842071211003,-0.06314434020474301,262.5,112.0,0
-0.9304230448619791,-1.0474118172928488,-1.2651950720326919,1.6271165616722565,1.0080223897163456,-1.2896250674242142,0.21370629433824004,1.2248360587029086,-0.040468111407470114,-0.4916140027279353,2.240899648478352,-1.9053448236588533,2.6325807733301536,0.05999920885650611,1.2904301302945174,-1.2006131792823256,-0.725584298049311,-1.0799567427198007,-0.10103117900912481,0.30772614010876054,1.0668019966026223,-1.7114555983687691,0.15688393774208909,0.8949088679493087,1.0821859711643305,-0.440519281623428,-0.42807619736311453,-0.09202453983514718,393.12,114.0,0
0.18605270441025698,1.3025978116249124,-1.2100956274570134,-0.7862537236065494,-1.3314113106454322,0.4277540850383443,1.1013681922613807,-1.4209667543702793,0.08870330689620405,1.0290032399781626,0.784546802953032,0.7727538578651568,-1.1898754228932482,0.7694344109181347,-0.18592551768501137,1.0701618145542802,0.4491665552347324,-0.815500763309681,0.278811955554506,0.8185160604524124,-0.5063640690781677,0.12880199212094653,-1.3366095769489814,0.549031934630679,-0.05626371362604941,0.9140863926295286,0.5208668058773795,-0.4071731939382158,270.19,116.0,0
-0.8463688883505396,-1.0764001673256838,-0.5074219994487562,0.887096702785758,-1.75626735370398,-1.0357247776389307,0.858999426657041,1.3289522697514158,-0.983158683223724,-1.0468090727815673,1.407160239571904,-0.12359441956738156,-0.8945423791271551,1.0446178893886198,0.5034807966039992,0.7366540266353042,-0.8424395817596804,0.37482534107930476,1.2462861609231595,0.6407943606482187,0.9198699183530892,1.403142549962902,0.42766971975535517,-0.5651209273824989,0.8771111535319533,-1.105705350900624,-0.22231949387770866,0.58807922912916,163.03,118.0,0
-3.217378889289618,0.25246336534646735,0.29962607192780993,-1.1359349215622772,0.32586059174931425,0.1899485012560573,0.03397178038364067,1.1894338037618433,0.8789093565172021,0.6399828507133413,-1.0242215292428631,-0.01734133518371568,1.1844347397059,-0.21466182168129297,1.5542620194135703,0.6691934064015016,1.7095605628922443,-1.0673322229847908,-0.1546575386247066,-0.06013102300805195,0.6061733064352033,-0.7385975818825119,-1.6076070400364784,0.37819770697845906,-0.3664732479200673,-0.47069704180016775,-0.6928089153612637,0.12388875785074228,169.32,120.0,0
-1.0768575289541433,-0.19419574703469358,-0.828712981587822,-0.6091774139864389,0.3538101847729579,0.6514098621027953,-0.30610492663844224,0.9678303935055372,-0.9727135909371106,-1.5198986050003207,-1.3363251865158075,-1.0754067921138424,-1.3128932341162796,2.021153917896246,-1.550220787596425,0.9374289033969128,-0.02512884910727501,0.22460046691790986,-0.9057297127104649,0.32545272489468396,-0.9139185550706983,0.9227661820284463,1.0055134778542338,-0.13486193686592154,-0.0693641053542784,0.43272389942683376,0.38160942805778725,1.0241463731336162,378.41,122.0,0
0.9958459252102989,-0.028840930679115643,-0.4772244849549444,0.8116197878614766,-0.1562857488874341,0.11374394228652511,0.5303162238510905,0.9755569720753575,0.260848141908286,-0.5871979458738869,1.79701034386445,1.5303418115434122,-1.0180033572524987,-0.9117715769243674,-0.7860134818590742,0.8485508917148106,1.8351431917235,-0.5062732671712169,0.1692683579155731,-0.7526058602659196,1.7001927648829573,0.8248283418764829,-0.8246355639038595,-2.1023411109523527,1.037587057761567,-0.5724848062144272,0.8427321692109259,0.2936903368504145,33.23,124.0,0
-1.834296032724052,-0.8067767318070281,-0.3541446872860784,-0.6757899892513279,0.1161682848853848,0.4013814461513186,1.7893599375070803,0.4722134768764679,1.4911010657198758,-0.4768167855412947,1.1652134135136754,-0.38119809048992875,-0.9170168014756214,-0.9592767582112355,-2.641955258543468,0.8540826229401582,-1.2901950363400088,1.408145234613717,-0.1742205023205411,-1.5548647481347593,-1.1177301630404755,0.19063494231433079,-1.8799574725438841,0.5899450069543631,-1.5163322880594503,-0.7389763318645233,0.19872033537489062,0.467610690173198,137.38,126.0,0
0.7977197962609371,-1.3065460135130869,-0.30845279301217504,1.0929995019841248,-0.30821196601613055,0.2942744512044624,0.1624392584440685,1.3012371512911585,-0.465909194175621,-1.3899489287030355,-0.9678718901358987,0.18884397998352198,-1.5695407463300572,-0.5444139850674724,0.0754163929741979,-0.7665921046434079,0.32685324775333385,0.7244117623482851,0.4549085999526743,-1.5475049600522277,0.07918218756962711,0.15744230683874982,-0.3809301182124925,0.31331101285637164,0.27742457574560725,-0.09087523686296702,-1.0042716780133196,-0.02662095230013256,76.53,128.0,0
1.8669309276744128,-0.3923070290156926,1.0473054581760066,0.038857020567620956,-0.8007289753363585,-0.29659669821938034,-0.016870373708101415,0.6552114662789051,2.380045448819329,0.0546646060142735,-1.2308592312915567,-1.654577401278184,-0.42178456932826613,-1.128087899983287,0.5579062975392637,0.5652557235064153,-0.14597543230768695,0.6573864378996042,0.06475934776920216,1.8675737953683562,0.6261249463550335,0.8956170761482696,-1.4481274108202384,-1.1712354472292383,0.4788384261044732,-1.54922350820633,-0.624475842875102,1.1794126130883877,472.34,130.0,0
-0.6458557997054618,-1.2097327062871106,0.6675433113058149,2.073532246040845,-0.8086451568625382,1.2240257981428366,-0.9331749665645381,-0.11246778110701332,-0.06913293970114649,-0.7819817400819662,0.8753953115481383,-1.5397209105241052,0.19504761015907893,1.0741645781929279,0.7921634692442039,0.49121506078565774,1.5852993932013377,-0.21961736708068552,-1.524726148616724,0.13520688557195334,-0.1257623105546905,-2.115820571039862,-1.1251012605083874,-1.252626036316954,-0.8145329255128492,-0.3511742640986928,-0.3128739612043919,-0.7788047286033891,45.06,132.0,1
-1.2539385412336719,0.37745170875907624,0.11657186122268078,0.14667149865704127,1.77901121933423,0.16287405353978582,-0.3666577722804994,-0.10580599242117152,0.09881922117958424,0.615793348211364,-0.04472042684264068,-1.9429209005157861,-0.43674812324922674,0.001493175363453329,1.3042015656516481,-0.7858956459463863,-1.635260860620629,0.06437720656072488,0.8662369215087128,-0.3934229414023958,2.383049487037445,2.147498065989639,-0.07247271454891752,0.18671315683321987,1.3687314742086432,-0.08983472713013002,-0.8040885172535176,0.8889319062352621,379.09,134.0,0
0.46441284243529585,-0.8073448120158122,0.279164170249759,-0.16006051860827836,-0.38509569134236665,-0.7858396283338419,0.12140311162254874,-0.26585736688948736,0.28470657675872896,0.8198376220649765,0.2315663694308973,0.24868459937632598,-0.5411770681674767,1.1743560145148682,-0.8485293209787669,-1.6119920018081286,-1.070983480604087,1.0342639114328722,0.45889782019827396,1.3119426229320563,-1.3230515251666357,2.3202182202674795,-0.28368418524035327,-1.7603434684413914,2.195783166975652,-1.3101022615393367,-0.39789571351721326,-0.2057522404396662,315.22,136.0,0
0.44408314250032854,-0.7913034759333643,1.039313228775777,0.7536361695107429,0.019066819780465896,1.3243294344614964,-0.06785672083807162,-0.2756458535087071,1.9981027666588322,0.29573604228988787,-0.9856513827926686,-0.8502692801968069,0.018958140652751674,-2.397998275862366,-0.6329894652150883,-0.10039398846688131,-0.1671975203177162,-1.257443247743311,-0.448515791439865,1.1798038971653857,0.9731488303428876,0.09561639472902424,-0.06890997639099113,-0.16162674846189562,0.23631006259492324,0.10256884467450991,0.32414097087102683,0.5017941749388556,316.41,138.0,0
-1.2111074891872007,-0.31026869161470044,0.19791240989619796,-0.9658350767235426,-0.6738213543593816,-0.21789670761856958,-0.16883465823654814,0.21660278689131393,-0.8480307629579548,0.9680204548947341,-0.17707589050882727,0.14519770160540038,-0.3698324416812218,0.23565075019251305,1.6712211594406303,-0.37911884261292667,-0.5444963544196869,-0.8301555549776823,-0.059621849683128975,-0.0712036802697153,0.051443014598181784,0.4682558797363157,0.34216810704740597,-0.022521481532707128,1.9538015680389116,0.6906802840920718,-1.0892599428406615,-1.5452019857622603,381.72,140.0,0
-0.6956491255344169,0.15265838005012775,-0.7794996559677844,-0.6276272448065524,0.026067038576484364,-0.3419726588862771,-2.047700742468457,1.0771765284923875,0.8449568909068311,-1.2851208583130325,0.056891099657871966,-1.116551530286689,-0.6087965798549748,0.48615295085535243,0.8100471174000526,0.7866429391461648,0.24483920409995324,1.275205736432445,-0.610561699429382,-0.38862916368929806,-2.594627883245342,-0.0930565178316886,0.5796934640365691,0.28525961200890143,-0.6240203532433499,0.8445256063145354,-0.07383075237952628,0.7664267120087012,200.25,142.0,0
0.48614968510626266,1.4245089589030282,0.3393633625662039,0.6099426729342816,-0.07671708870510326,-0.5028901500789945,0.49073220756036456,1.502730697539709,-0.6158806479229809,-0.24813632878758748,0.026650435217674493,0.6848963099417139,0.34545798288816215,0.9130631564333996,1.9739094756411455,-0.6389013099861962,0.6097289781453896,0.3206397781871704,0.01904021742794988,0.6060852236767832,-0.26680302039841247,0.32304573164698724,-1.305292429713949,-0.5388152781058227,1.047520814109763,1.0090829826044205,0.25943329671818527,-0.4530497543897458,200.38,144.0,0
0.8252658296849429,1.2364873814966377,-0.4123668698910127,-1.4550196866518157,0.4491349254540194,0.9137682774074434,0.5874835263380768,1.5650791972299403,1.5693006655281434,-0.3053972966468336,0.19899438557711943,-0.4965348420130441,-1.022063696607324,-0.9634393048019902,0.7170213532630433,0.3028875206864429,0.8899608405008393,2.5316214099664593,0.49986760324139734,-0.7879205791003976,1.0351268206749589,-0.8065122923411089,1.7483368847847431,-1.9714491586720106,-0.5465489503357635,0.6221382731109802,1.1775209938245434,-0.6769831262901823,144.36,146.0,0
-0.8582579678533235,0.14836719163637738,1.9089938502323855,-1.538377633331813,-0.3141200971724664,0.26018501972578595,-0.7959493632411998,-0.799386217709929,-0.2333916146084519,0.29270982604947476,-0.19506164649666216,1.465565652365965,0.5926037784017504,0.3831640232150719,1.0276536193083714,0.4008028914149231,-0.44318662730146785,-0.26315245309438257,-1.1294362136114202,2.0048781865410765,0.9307239697340635,-2.5595817531504954,1.3331284326429917,-1.465932640440614,0.5206689779762795,-2.2040257535113414,-0.4281293412965732,1.340933507741839,298.88,148.0,1
1.3966338866194365,0.30677539280396804,0.7874647932378562,-1.4135702258084124,0.5383332726699978,0.8509707432818393,2.5697458377001388,-0.6232192996814252,0.016302817028111198,0.07811511165210468,0.6985837337762039,0.8805106882156348,1.0609151117898654,0.9879621593128113,-1.481118292510717,-2.6131968803157015,-0.5143763870830352,-0.03541684460638973,-0.6132677592868995,-0.45969814300110073,-0.33624942774020056,0.5774409994193697,-1.03369205503903,-0.07782776996072593,-0.07017361621904003,0.5546993385084862,1.161904839712903,1.6841073981213952,464.9,150.0,0
-0.7459907804214435,-1.9999746105644927,-0.24192822873528622,-1.5886168582998463,2.7345769092569716,-0.8728805188430306,0.5638337656527311,0.9340661066744291,0.34062232823800315,2.0767203513091994,-0.2024811401158107,-0.8348817573714845,-0.8866246121512584,0.7500056946036817,-0.18979824626505729,-0.8864889894032174,0.44130521552357205,0.7092492250883132,0.2713051862862112,0.8995963923356072,0.08809861285031334,-0.5936253371812601,0.8114000715115102,-0.8900882535283356,-1.1288853471999765,1.1559496492006651,-0.34784797101659237,1.665683909444972,461.99,152.0,0
0.8565947867266063,-0.42383871390083916,0.48622143226266723,2.5283802744468766,0.7542731428123921,0.58169890674244,-0.5947210736466206,1.8445546961987278,1.3179377135129728,-0.5855620317267018,1.8804128554097916,0.16475121650234806,-0.8403816746700271,-0.5985187068185366,0.8777013670747772,-0.8335001568554993,-1.1031163910529156,-0.4388744824184767,-0.2895132244096125,-0.673315525638562,-0.45394489393803056,0.9169312340613927,0.2565024364794488,-0.5156407531485049,-0.4278480822802852,-0.13165617626135287,-0.07441420792352121,-0.07018625621741399,351.48,154.0,0
0.8802476630499847,0.1970384042920652,0.22645767659921487,1.426785353700089,1.8766514318920682,-1.230971286197999,-1.5789081123956183,-0.34940611462238647,0.7831285728946479,0.37598639998743044,1.0540997027118817,-0.392363845692114,-1.9567068321780017,-1.3667817312780253,0.5647340586586013,1.0617536055582188,-1.9067968481021096,1.4106575333080411,0.4646325117996052,-0.07042209827937072,-0.6268231578511692,1.5911610768289983,0.8970064326890673,0.49082345187664683,-0.7314025022033648,1.614181226900389,0.030351157954809187,0.29901745705812055,453.09,156.0,0
0.07305939817754814,-0.7655504646213932,0.31972098591687137,0.6969385614584029,-0.4416074101336221,0.23407666077231085,0.05849942437694557,0.915131329474663,-0.2989412712686057,0.22657096368440763,0.43716940132561427,-0.3215670957775679,-0.8253545676795115,-0.6626061192521047,0.4091900365285784,-0.2353161132772625,-0.24858945858564335,0.6041475670157335,1.0194915230286465,1.1917158733448203,-0.6125011581024072,0.922745618797659,2.0849830935486517,0.1260701996303386,-0.073310193255993,-0.2817609171674001,-1.0637571845390013,0.8422534964048385,481.76,158.0,0
-0.06886124420626408,-0.14970982202400446,0.6873434380801651,0.7794830508720325,-0.6008432686648155,-0.5769643249804378,-0.6213556404859518,2.113514302797945,1.4771459866634982,0.7070404225412686,-0.3754112381606442,-0.25692903231811687,0.3634373230764103,2.2091302332171128,0.28887715913926304,0.5088255764679253,-2.5489810665471353,0.2575789272967097,-1.3938614667556113,-0.4869949172416082,0.04688592173985732,-0.30210170892740745,-0.6359599207000249,-0.6270469063322778,-0.2110482651582559,-0.2547084184715979,0.020272567986716502,-0.05447831784365783,397.55,160.0,0
1.2788759572530854,-2.049600643938853,0.24497319025042177,0.07100961024848038,-0.13419034815919553,-0.7058104252308955,-0.14970848467852313,-1.633507558099569,0.20671789220041667,0.3880591684208957,-0.7040684930164295,1.9406910421184145,-0.12044437174849125,0.044072823293391024,1.3357816645501555,2.1421234698682228,-1.123339413929177,-0.5771624788733408,-0.10267716899289796,-0.7428726896436221,0.8461125213505053,-0.8529828360511672,1.2666031635466337,0.6236472493074731,1.1640431861839835,-0.8485039331783532,-0.3834944159195489,0.8979855477840717,203.92,162.0,0
0.716593189500581,-0.2868587609530075,-0.14453246435291137,-0.4343479478198549,-0.17144402447702742,-0.9653405395267184,-1.1332174532616603,1.0054305156134233,-0.2054044300833219,1.1513277408807014,0.5959848017194124,0.312010512606716,-0.7102217404051165,-1.210779773998004,-0.4569087187271464,1.531917407423551,0.8889568628671666,-0.5504139871647304,-0.4455602307375415,-0.9290894805904885,-1.5470856125341972,0.10160001330452716,1.725077409716394,1.7376327001088834,0.6079039597786031,-0.6026724404491264,-1.4494802090638743,1.0470621856427118,241.62,164.0,0
0.44721680155710203,-0.3162281733105228,-0.4832921023122727,0.6004365776258422,-0.8266215178471473,0.23923216690004204,-1.2198217467608434,2.228511586438228,-0.687047385608295,0.6483989562744662,-1.1980216463349533,-0.16325315909938348,0.8846185567634207,1.1009553806240087,0.7632882631029175,-0.13824432932306044,-0.6659509961055271,-1.0776771185191392,1.503798587771126,0.1033712399886258,0.2882392270885654,1.1653698537661084,0.5867312835550362,-0.12741725309763266,0.7444034483805132,-0.6225463485117205,-1.5511414774816619,1.4118422420178496,465.63,166.0,0
-0.5392034797337789,-0.3042899627173513,-0.21608342512618972,-0.6022053597176105,1.1013338615085988,0.3744561935419611,-0.30378689979746637,-1.2756688810349444,0.3037978153607543,-2.45060967757803,0.2327460285694461,1.343180444855398,0.06455840954905381,1.2063273037260298,-1.2291775722377538,2.038541395288826,1.097285438541682,0.4759658621782235,-0.598394454890264,-0.7645221034945495,-0.07090742839537903,1.2027782293255642,-1.3155208308716764,0.010410509941697923,0.7342202716637841,0.9293488172675535,0.7312365010616992,-1.4175935258687122,335.01,168.0,0
1.1317778845209523,0.06719365609569715,-1.0855951559729504,-0.024168207340386633,-1.9586651433122895,0.5782980230102686,-0.12770946653805024,-1.2701156562458307,-0.29007660634255444,-0.7074652190434766,-0.6435838189492084,-2.2610329160598344,-1.6721634200346691,-0.22969899135708127,-0.40175059501136046,0.9739781618137272,-0.6317829786704786,-0.5269813196512695,-0.48023991582664,-0.19702972579909475,0.09146406702396735,-0.4063276108312595,0.5712214874595752,2.3002209736285923,-0.8254438948442349,0.39183001017279584,0.029526246281323235,1.0470345324467514,410.35,170.0,0
0.20299990290579878,-0.7264511903753581,-1.1650537473516742,0.6104896040921954,-1.083801995270218,1.1837404861681007,0.5531926877241887,0.08670915014510186,-1.3122550327594737,0.6753231431127384,1.6167660748137074,-0.42509480806854383,-0.7419073373272306,-0.09202579232822615,0.466942271931881,-0.5312192129997289,0.8991981459900078,1.9107179742703644,0.33024588351793344,-0.32498610301832603,0.4400037748489125,1.177299563001106,0.1596366285520166,0.48509503110320124,0.7047661887422927,-0.8754458558540966,0.45912134140960864,-1.3419488041757992,58.07,172.0,0
-0.6584311380971001,1.1456624012862944,0.8710352353107661,-0.2701800102324092,1.7057934334457312,-1.3101900804000925,-0.20508769295693396,0.2751042893124295,-2.80824722571903,-0.15766257447609577,-1.1244982332283122,-1.1017370628651137,-0.2722298843698581,-1.8256583703010305,-0.8079597835595426,-1.8022823560052261,0.12378704677830345,0.10434723180118151,-0.3485479714593842,0.9964451638600007,-0.2961625850940652,-0.023080505737277972,-0.9060007530806142,-2.303274487592073,-0.14533971264342294,-0.2759482603542621,1.7099086814077074,0.6674460239832191,96.96,174.0,0
-0.41312111947630104,0.14166302473927578,0.907017963669654,0.5167550269898664,1.6689058343307837,-0.7893964192202175,0.975034206953751,-0.4228723353341045,0.19361649476698686,-0.5576769947731719,-0.14200817301372698,0.21156206027895522,0.5932535642778095,0.06135714137732425,-2.486149678470236,-0.07694875829956106,1.470400762320152,-0.08487179646937802,1.4984818401267137,-0.12019674426695498,-1.5719814207996121,-0.43295484606475904,-0.5584336854169855,-0.22953306233482218,-1.185318442402258,-0.008821466903154005,-0.3282598406668381,1.2878618573785914,172.06,176.0,0
-1.2102371219116748,0.24566868663464814,0.41102812261744226,0.774980889007615,-0.36358787681842886,0.22080099459253644,0.3532781254462822,-1.6483638004943475,-0.32770059145546554,-0.03266506386698942,0.08457822011745625,0.07233899229547362,0.43752129230796494,1.9376049269941624,-0.5954285737449863,0.38117177255324114,1.301303185999378,-1.7986386199612767,0.2681310797641104,-1.680379306491713,2.1855777404625356,0.5220507342978814,0.38709065780436,-1.8733740290705023,-0.5044918194561928,-0.4997960585747727,1.7664555539187887,0.7292012368557657,94.13,178.0,0
-1.652926697416223,0.4695022523519667,-1.502904283572235,-1.6293332076442917,0.4534220836935765,0.7447691309864416,0.4587535900322368,1.8795825820813168,0.36875253632771154,0.17009420877307,-1.2160094383417503,0.8576136786527487,-1.6514442503641904,2.0203690738179163,0.8707979422598794,2.7897973532943956,0.38932810857460554,0.9201660610906691,-0.27717110998267175,-0.04327958788813367,-1.0515339088233056,-1.4477086485676693,0.1894978069133202,-0.04918250617383162,-1.0759737160984917,-0.8987317423216469,0.03246999070797592,-1.0931217497815828,453.23,180.0,0
0.3566450794751408,-1.0620891671202404,0.2558544799261483,-1.1507121120601136,-1.1465155768252397,-2.362231159840192,-0.1602789899841101,1.454064767303491,1.397330813916266,0.3240675034609137,-2.001014482393543,0.8438751932339243,0.22566627352094717,-0.4065031596913395,1.207366127913661,0.615444686808514,1.9615490427858888,-1.4056388339480343,-1.32743030723465,-1.1589794507324587,-0.28502151069124415,1.58817225479641,-0.6235925253537713,-0.6022041805582339,0.41729193351462196,0.8431554477945045,-2.2367915943146617,1.039714876188584,108.45,182.0,0
-0.655216305934971,-0.10242471396012726,1.4182641327375376,-0.21644359929447293,-1.531870520185908,-1.4739053009309453,-0.02911188112936,-0.334364735164754,0.05947317416953429,-0.4012779810296377,1.2414268502848713,0.024767239815069717,-1.7629776570260387,0.8165329918634078,1.9062709441601786,0.15493098118819504,0.23255036344032506,-0.7798850120627084,-0.2424507394570983,0.5028700094932507,1.131790065978925,0.44600027893040484,1.8180408785389746,0.09847031405108503,-1.1216955035185305,-1.093055390788778,1.2344117318777024,1.0071019746210985,278.6,184.0,0
-1.6446040683468848,-0.20950819043589705,-0.17319380862251216,-0.7515328582978597,-1.4103730544485393,-0.7736041655982794,-0.9533485613149566,-1.386468464223124,0.8290653201657732,0.28294657074240837,-0.4641226614119529,-2.0705685118303014,-0.29907610933482026,0.521055624580556,-0.7360439787689698,-1.1499657806131114,-0.12302201730067534,0.3350688280864502,-1.9999308657720152,1.3540091378865513,-1.2491270572368116,-0.4227827206471184,1.1812710322024496,0.12535905561789143,1.096091434159942,1.5536789604456933,-1.4596760351576847,0.9020439053828642,42.74,186.0,0
1.3254868541848126,-0.3758055478267842,-0.29621402655022483,-1.9130438154547134,0.7810794517497336,-2.5348683153514404,0.968807814063367,-1.4176694013657003,1.390688701595443,0.39627343502434204,1.0089676976156912,-0.8127769708305205,-1.3334535951927464,-1.7636221638232912,1.0912030122258747,0.6629400690638799,0.6984130460742702,0.29144237107884047,0.5438715825883931,-0.2916650485667954,0.37030063384442863,-0.8568369395197903,-0.3427330988726878,3.043329495499404,0.0389213469326338,-1.9716208628561636,-0.40859000560395003,-1.0575223808934693,77.49,188.0,0
0.15921851471588322,-0.8893591128236639,-0.21183137655609438,-0.7398400162714914,0.19718411819701676,-0.6273988257831357,0.3568800724990371,1.9485814590487207,-1.1544122165629762,0.7238552136184695,-2.452829762626886,-0.23277143731562203,0.22890477595057462,-0.7480126838384021,-1.7873928230063496,-0.03803977876986986,1.5321153964862861,-0.14644935668337383,0.5585737239336078,1.126880641761363,2.471474545505939,-1.0522876363068245,-0.9491106395526651,-0.292234537617845,0.6154366383543161,-2.3207015834656812,0.6537589280007235,0.1482640540480922,123.72,190.0,0
-0.5339443560016144,0.4255099497852864,0.8896492323643611,1.0280217758881327,0.014763381053155599,0.3260329962089863,0.2883218191824056,1.231197280646529,0.3812162146098273,0.6452232825229,0.892660549463688,1.9585640669570605,-0.5858148596693159,1.6257086938472234,2.4710997795809777,-0.5220427657409935,-0.21679014391681756,-0.42845096108917113,0.6568884071890637,-1.8616766360859454,-0.4994981234951737,-0.27364217709247746,-0.3610943565358659,-0.37116247052053264,-0.48925957827175315,0.7773856664860012,0.5382442189002953,1.7034009450487873,491.45,192.0,0
0.7799333585659247,-1.0975891111051743,-0.17003706952921502,-0.2762318283711555,0.25523823842976684,1.0932496395773779,0.18583505832877234,0.18849182296636824,0.010041883249679107,0.8105839900792757,-0.5689051689558869,-1.4570097790857095,0.6445789762112307,0.37516714817547275,1.3234182751479797,-2.427912217212855,-0.10034939985478776,0.10671355282917556,-1.5108779584159426,-0.08659635292033584,1.186922668235437,2.0861147077320963,0.9824068993586624,-0.32447138116009977,1.2615151804712528,0.9114026160993628,-0.48439056814284,-0.5817960193003395,398.53,194.0,0
-0.16850204052854906,-1.050849024516879,-0.3107919110553914,0.4867529215632014,1.0385072661712607,-0.37885210067898983,1.3884208685804038,0.6501054668355096,0.6956530189263713,-0.9190117539910813,1.807760220773568,0.5533644520215903,-0.3326673628963374,-0.5091172377433792,-0.31045214269982274,-1.0183375448777339,0.9883005443494923,-0.9159220902704069,0.2898248388748581,-0.44991724620138485,0.6707964689183467,0.8067048162619145,-0.643905062419122,-0.033873665757981786,-1.443391461594405,1.7005431753138147,1.068003106929842,-1.3955388996975482,336.78,196.0,0
-0.8669042053486805,-0.13481832019834056,0.0387607200614822,-0.6860513005265495,-1.1449279977052735,0.3950313108661558,1.7394844705186887,0.05466541840461327,-0.29171220418112165,-0.3968394130058665,-1.0967236506438414,-0.6719847514906764,1.136111080363663,-2.0708500079327905,0.07010332364730189,0.027954666859355763,0.11839933348964439,0.7274177084235184,0.061161263568974264,-0.45395943232101493,-0.6566227581887844,1.2983437631482315,1.0410519775558038,2.877637519611291,-0.2809884286825992,-0.6382130073046318,0.4531668963005011,0.42901649186305485,458.13,198.0,0
0.6363550788827831,0.8471308773563645,0.6266736121033404,1.0750316059832044,1.2080053105854867,1.2258447165314592,-2.261337950218196,0.23238090257094024,-0.9232101885445456,1.0554477657020325,-2.2823016950992905,1.4692252777332424,-0.8646997143676525,-1.0938636399815336,0.3562493206975751,-0.37327075733085247,1.7793893076042426,1.3630331471275958,-0.5108347024780763,1.0424849602058035,-0.5452869003027524,-0.5539146254160118,0.7141847580629287,1.455841090469153,-0.44107251781214923,-0.36492877350214287,0.30120471909172103,-0.8939904744695979,478.1,200.0,0
1.5654103898262526,-0.9035526085616354,-0.6331937655359954,1.7672390710395363,0.21458842888850235,1.943583428819606,-0.21927752068446632,2.519518819872356,0.6156499804961479,-0.7524359526119162,-0.7678376186746914,-1.4572079108010887,-1.3478149460094058,-0.6595315844493616,-0.9915984395831186,-2.577931192274492,0.8415209918809313,0.7753377209060537,0.30837687697578375,-1.1349664169527571,1.6467921087553123,-0.17816809029657246,-0.8332328054847637,0.23258613234332473,0.17523917154870886,-2.502750383237931,-0.03094537485389066,0.12053902546970682,226.79,202.0,0
-0.3787411740441498,-1.3214548609811825,-1.2919946083388678,0.5140654308189794,0.7616009829401937,-0.44800949489723085,0.3823177320427555,-0.4579182550938458,-0.8532390027431336,0.2144968860886563,-1.149095002253519,1.8937840898320486,-1.437513712831372,0.2838273642292626,0.1502393325596491,0.06147568072236704,1.4833933960234291,-2.6862112675459064,0.4117321054889081,-0.27337749737770095,0.5839757955138734,0.0546822758182593,-0.07502037974646832,-1.207314665721715,-0.6731375004105575,3.131509881952745,0.593102095942694,1.0525931743720458,163.85,204.0,0
-0.35189682362315683,-0.8556093685765593,0.7764277744479857,-1.903718269147751,-0.6507384993780525,-0.3545754547373011,0.9449891033686537,0.41371271362130946,-0.47289972863260904,0.3689730121023453,-0.3031518389766759,1.070037758934324,0.23615672207708246,1.7364428047662932,-0.2777943273304398,1.225395232859673,0.09041399369518849,-0.6972436508923324,2.601574515484019,1.3097088243633404,0.23432329317991427,0.7659963498103961,-1.0820186983029922,-1.0468115126510886,1.1140902868275455,0.004797378750120445,-0.15581755520121415,-0.28793769496065713,157.66,206.0,0
0.15206743546911297,-0.2542494115512923,-2.0321407768714264,1.4158752668283017,-0.11056036183878587,1.8315286296380284,-1.762196276174263,-1.7661193225970087,-0.2754135355172389,0.9775273185396315,-1.2196672215274431,-1.2584780553254102,0.37195233871040567,-0.3128736666187184,0.5440799110952449,-0.29494980324740055,0.3851372828049832,1.3661332389467349,-1.2175467917559961,1.1847870138161265,-1.7041474686733216,0.6093365738366151,1.4192691693630406,-0.5240680236527299,0.6445551141916945,-0.48709315694954136,0.5853811341269749,-2.258499356309548,17.87,208.0,0
0.16215666408741472,0.3953909638434638,1.3446819510731098,0.9252555412798147,-0.1612360523975054,0.2680647979486415,-1.4461164249062926,1.644074938040169,0.6911593983220709,-1.8609007692107606,0.24598704812815397,0.322340444477964,-0.7739438958628603,0.096865535626178,-0.8744801983147179,-1.4045975727065831,-0.6133469826240533,0.17159025913928402,0.9283317333762339,0.06981845087151842,0.9380913689397085,0.6487030777040514,-1.035398045837858,0.6411030370418971,0.6687434026213949,1.7418010474369607,0.4106543613356517,-1.234674047812533,139.83,210.0,0
-0.5540807963402258,-1.8525571347594607,0.5104775188057998,1.6539675407780416,-2.391147489849537,1.6962303425235743,0.4972375030393549,-1.0765816541572133,0.25669463949255095,-1.044327677364324,0.44041976558276363,0.06336105010854977,0.3293435693814721,-0.918939317186443,-0.7733206066145187,0.5018214128389714,-0.5027262939326653,0.1490178081716555,0.4529835297070833,-0.22235585780450587,1.1551011783717482,-0.18555048301473748,-0.21557548707166999,-0.6317051754128338,1.039982025278316,-0.7072082400243318,1.254490194153569,0.16311271136541053,177.53,212.0,0
2.68209481364969,-0.6604598735625085,1.27519390449444,0.5102419795891495,-0.5137542121832591,0.5236796560305238,0.47495401543053484,-0.3319386251855889,0.4282808790075111,1.1634415928142061,0.5113541607259986,-0.41918516972640313,-0.4755023856756427,-0.08740986824153171,1.1124620145821633,-0.7537890905962269,0.3921311743141444,-1.5624675616250006,0.594611507529627,0.7517708979708067,2.0276214962490715,0.9252930537162785,-0.4012009256103418,-1.534579297380812,0.5141964859880104,-0.32722230339509567,0.3341023977242382,-0.7201850802091617,18.46,214.0,0
-0.17319622164706963,-1.6999853020392395,-1.0462060970763074,-1.1872702256616696,0.8727898392821549,-0.8272642372752133,1.3779300759747137,-0.8174438812990386,2.0959380675637926,-1.9488342665888199,0.4243017999521877,0.038598032157294494,-1.2114415140438226,-0.5509315688649992,-0.2612815178863674,0.24980626003136988,-0.9364166988639766,0.42532038855548204,0.11972384999718048,0.779184760641414,-0.8623620242097951,-0.4093330003027558,1.4421183764634804,-0.9060384923058482,-1.3924767198319314,-0.6309551630794976,-1.775949698800053,1.6728934774983601,441.3,216.0,0
-0.28276333516372315,-0.27310538546557267,0.7425269571859775,-0.7255568830094687,-0.21593036934972118,-0.7519436616650478,-1.7550309105386703,0.05075788048553568,1.0257274289584355,0.07929495317013621,0.9197913240500053,-1.0957918990669102,-0.754039246942765,-1.294297065089909,0.36655754531179047,-0.3176086299825987,-0.3550585821315989,0.6689861898515493,-0.47298298388694865,1.0796717133883702,0.23565758798719783,-0.36614784080118545,-1.5516033385986248,0.6632742780370271,0.2829356308815258,0.3310684757649382,0.36296360030263525,-0.529086068723371,423.93,218.0,0
-0.15137407796763247,-0.45855127024597736,1.2500644837439683,-0.2751202931866494,-0.6192401912999381,1.3187640782957073,1.2099712350029537,0.23637429213760716,-0.12986832674727902,-0.37954953476767633,-0.04397407620387557,-0.8747115832093829,0.483366940824098,1.6525029640929538,0.5626198787348629,-1.1032362784355982,0.4551007659680178,0.1945385636308746,0.4462948033029757,-0.8195687445733283,0.0033573424779494323,0.8830989009953382,-1.0699978905093548,-0.44912323115328634,-0.28785364458089574,0.9983671188709681,1.147499246578517,-1.9151322543439664,125.76,220.0,0
0.9975087863295627,1.1789550832674272,1.1146874277819028,-0.5296272393377955,-0.22980194809379134,-1.567421264233525,-2.0949531148679785,-0.3615144051943649,0.07646871554029325,0.17676947198708515,0.8211396541478873,3.0611357848933474,-0.39599066489699014,-1.0555691379095582,0.5461346805872914,0.22224238695594264,-0.5745214208193453,0.9108521741223902,-0.8119349847146753,-0.12856671947138903,-0.07091774156650348,-0.9477127022695058,-1.7097049797502668,0.21895001238758555,1.3687154884890238,0.9609018556479767,1.0277995822041093,-0.7989496958369011,401.28,222.0,0
0.21406957149030037,-1.4241597145707776,0.16891501285878685,1.388784507474798,1.4198371233940745,2.03044866764353,0.9891780243461133,0.47574905587725336,0.8747231824021344,0.6805741596518721,-0.8072542474115357,-1.515329980566093,0.8827587194197523,2.093348260558523,0.9239714278716225,-1.8887237159105552,-0.5193018440390127,-0.1966927698722249,-1.856043326869454,-1.3768970417896995,-0.03707549416747282,0.2616343777027056,-0.9860141426997233,-1.422939640543623,1.1933058792174351,-0.3825288583789756,-0.2394121756845325,-0.5466702424899409,398.11,224.0,0
-0.7711752924501525,1.3027832768210437,-0.879796345370419,0.17968349257726401,0.008704329651232726,-1.9481737788572926,0.24094688199931794,-1.5439688984752336,0.6354601088299121,-1.1864165297170102,0.5220186105991496,-0.42950584473677855,-0.674324747202384,0.21056645731155904,-1.4718590677176215,-0.06922065896326182,0.7822500399402454,1.0426044316244578,-0.46263091372378906,-0.3166523005073944,-1.4919024626931252,-0.7507131618806316,-1.5601105069095194,0.44007359523518,0.8421667197294037,-0.45422417181626934,-1.0582321486945814,0.3081917735796738,167.51,226.0,0
-0.8679657064849227,0.6719388688465955,1.935430282703556,-0.8844330597014215,-0.7416756028903475,-1.4595707015429282,0.1461090933278769,0.07812406859813241,-0.27055929606270246,0.01614704755227157,-1.0436749820551623,-1.6631996768041108,-0.7590697760905438,-1.9155227160731017,-0.8845282299286947,0.30972744099116595,0.05966518564654772,-1.7737827304137554,1.0493465455970319,-0.19457089747752848,-1.2993236017827896,-0.36435490988652924,-0.5830117488090282,-0.8677387031412905,0.8125927038575976,-1.106324979567164,0.1846461585032021,-1.3413181900608007,348.54,228.0,0
-0.036896093092713675,0.26542268124797747,0.2673382800864504,0.08080613870723939,-0.23901524973792063,-1.0640941514271003,-1.0525517893468734,0.298828801411863,-1.261408837003579,-1.4907074276490448,1.4297698159135177,-0.25971689701495076,0.6350146860713466,0.873488212885673,0.05112699413142872,-0.37677671285964215,-0.3597852173043724,1.6080305722689119,-0.5588078311279582,0.17643184576696977,0.6773191465991114,0.25070977785741705,1.0843836312608062,-0.38661601366278875,0.6733501894090704,-1.7946087418425432,1.3469154638699954,1.1231501004816988,144.94,230.0,0
-0.3044259788048437,0.4388384367564401,0.8910649694624702,-1.037752927939171,-0.14452609556268733,-1.3057499772415522,1.1384164263603764,0.8227606208291642,-0.2809489161478447,-0.39691329915438867,-0.148956560834947,-0.8972573350758664,-0.17403757636148628,-1.0377307779842366,0.898331116178841,1.1369357065545949,0.9451929880127986,-1.194199839486084,-0.20845077826930306,0.5847290911425383,0.7687580372209125,-1.8388648340477687,0.7404896004105328,-1.243268208639289,-0.15396438063644957,1.2574876575894556,1.1220703448967464,1.326130189747805,35.15,232.0,0
-1.0662703713871013,-0.8192902855764191,-0.5628010425379996,-0.14644057871469274,0.21670114480656788,1.2772549509740896,-0.9286121331689943,-0.6288531865427839,1.423641070036729,-1.1590478764405308,0.7268524990705022,-0.08864778279769787,0.3880737337864254,-0.811371103022795,0.7071762874138633,-0.6542084695327084,-1.4195989634559774,0.4800391512100673,-2.503088723489597,-0.5680018201182806,0.2911380980352713,0.75778014437391,1.226519196251551,1.7775448834776502,1.4717482197188148,0.19154795349893228,1.1256177773328855,0.17611311760952378,252.4,234.0,0
0.6859056264622684,-0.5993464151891469,0.4620758159981403,-0.4732462222773946,-0.1735440725217398,0.46522889645946347,2.0913790773911662,0.3947704003001966,-0.011707933512501998,-0.8317762096959004,0.8962015846706358,-0.3354599969095467,0.37415265898707617,0.7019422588004034,1.264109108562502,0.8423724790196542,-1.2234580325065645,-1.7171984598926184,0.7014717166517581,0.08600439515999685,0.3914695928703765,1.7197575761510981,-0.6165880892105043,1.2914092431291537,-0.6066632439298463,1.5652687425910667,0.7505184841575534,-1.5071280229151514,219.17,236.0,0
-0.41727869717562843,1.915668058465522,1.7901918173786424,0.6042213889881032,0.35423473452920795,0.23973467264144868,0.4370276569034517,-0.1408004596415123,1.2110192593742015,0.577849864667919,-0.9653552855356314,0.6549917878621111,0.16498418112966312,-0.31246185117476094,1.898526853356068,0.10377052108075847,-1.9568397314239163,-0.24133787247326244,0.993488469248925,-0.9264748798339616,0.9595051706496425,-0.9976885963648495,1.3366736637183028,-0.5725668391542941,-0.3517912881430155,-0.42592479198066796,0.5974526762167874,1.844119551681124,69.09,238.0,0
0.014833387964719556,-0.010904153149561769,-0.5732685860392176,-1.6273464734833762,-0.47352305140364365,-1.25900262293377,-1.887315964318739,-0.07699631295195809,-0.5425952083745458,1.3765724333235618,-0.8556022218077409,0.6703674058735188,0.6508226524187892,1.337133095199581,-0.1842257930271155,1.3190424333612591,0.560946698100082,1.1392846302228583,2.394156742500977,-0.12322341292873161,0.17080952381800057,-0.3618160890046923,1.5423096376659569,2.60465277290184,0.7341651020537682,-1.610081244778869,-0.8831099454867417,1.1595898981434758,245.28,240.0,0
-1.144356366466955,-0.6005326315529376,-0.635607649196007,-0.07715044037892214,0.256710169352931,-1.8894314438066129,-1.5274387469110193,-1.50357314958227,-1.3840276359139283,0.016006873467947786,0.19457805876693118,1.013184231527296,0.5549294294158178,-0.5822573797450439,0.22992827842078542,1.0542281755632015,-0.22738268451507773,-0.31041863016097065,-0.944957284981406,-0.8048258150850363,0.6855742707408754,-0.003824490752070924,1.9583910176728396,-0.676707212272353,0.7613731656581043,0.38640915087217315,-0.0893744213740547,-0.4355020228511757,474.69,242.0,0
0.6001018716780476,0.5426737853575486,0.20198845902709006,0.42563440377966866,0.03648676634119924,-1.6411807388674462,0.08437350276606223,-0.2685504093247245,1.9462435173995098,0.6333856337635969,0.20150912819909253,0.46283007322666797,-1.023118129611695,-0.6097686288896754,-0.3347889242815569,0.3884225036407539,-0.4347522872582967,-0.501438536269412,-1.067863668700836,0.025121088551268475,0.16556619291438956,0.4285232957470924,-0.6960162205519673,0.3707757516194529,-1.0402743767100244,-0.21906379449457397,0.30157213608546424,-0.25871222738069843,365.7,244.0,0
-1.5618444500152104,-1.4426325942314986,0.2208948680074036,0.5796513567484451,0.3393167887920551,0.603742209237833,-0.2805424858697825,0.7384419109132485,0.33606007948893707,-0.6394567651047393,0.5144537113936178,0.296050204134496,1.6724940876075887,1.3793199534874916,-0.09230354814611413,-0.4176806022902694,1.55911125308812,0.5515395192551811,-0.1741477667687481,-1.9890617568288131,-0.7554994483671061,-0.8250280767696079,-0.14638062668713506,0.6185183367546504,0.771253224322237,1.5000356852893098,0.9313958376702176,-1.3004679148209843,369.44,246.0,0
1.0300075795404255,1.7333247052733598,1.6838080770206019,-1.2128634493082435,-0.19109660197844597,0.9609737495699725,-1.1583430335621292,-1.7249149839191495,0.31395568677062313,-0.6755914271067027,-1.6314510670146167,1.2295204427525455,0.16431265811798265,-0.52069233454246,-0.9636840841924128,0.17456614834336054,0.5154171989255275,0.3259326728034488,-1.5189133212688817,0.47685206423703563,0.6944495093469978,-0.34340407070233453,1.039610381948918,-0.8519173929423851,1.2905847860310025,0.13231568443064426,-0.49616947201655626,-0.318448490330776,378.78,248.0,1
0.9992848834299647,0.2372423499153759,0.6450673265075565,1.0746693027254104,-0.5259770659333179,0.12729833607936272,-0.22445596031698767,1.0170579779563378,-0.3824554186705598,0.047831764361871386,2.2957246011475325,1.2851162742330777,-1.0352281101954202,0.901976107358018,0.6887692883566401,-1.1006363378348918,-0.11005573578960627,-0.9477030612172137,-2.392601774519279,-0.14597152454274917,-0.5060901295071945,-1.1009023853196103,-0.009586266672396059,-2.1206124556587636,0.0412749393430394,0.015398121111137628,0.6787395532205971,-1.6031792358712083,372.32,250.0,0
2.139424255858326,1.755802225416881,-0.7732147681658046,1.4597388556671116,0.857072112742525,-0.4394251257863135,-0.6068530058312642,-0.5312245850786371,2.8263688769693722,1.3601194289114027,-0.20277289388253594,-0.1164224000297803,0.8474482106813118,0.8036442484826389,-0.9568761773823097,0.29753863522024,-0.5525435283433527,0.15219978131607995,-0.04801313314085139,1.017644472243767,-0.2682769213244458,0.11831748456087618,-1.8780918338830004,0.32365292915328225,-0.7785217271009125,-1.5171350298426214,1.1291142275857367,-0.04176936746597401,9.96,252.0,0
-2.0771591197359816,-0.7836235620576951,0.005001751435203875,0.03474913982780608,-0.49940568901083304,-3.3652959198326364,-0.551912156493491,1.0710333147226698,1.4023944645124369,-0.607490963423599,1.8833341096690048,-1.6170110847481478,-0.8100315186295582,0.8914961237160686,0.7340552050032695,-0.009619078495352693,-1.1191258120803118,-1.1217980235976779,-0.7256837012582228,-1.0783413618200541,0.13070315059090312,-0.09226735176747433,-1.1613618309029177,-0.35488286733386903,-2.649436481308112,0.33922047932507804,0.7167256048805708,-0.9118101138069958,462.35,254.0,1
-0.7863759768653558,0.25788873796125356,0.10626613916957081,0.7731183560816816,-0.776679670063621,-0.660557337272237,-0.22069848345632212,-1.0661221245453603,-0.24247905415389318,-1.0497731582606398,0.41757021756736673,-0.9353059551804005,0.25289274616001933,1.4566162378480376,0.4282241767068445,0.1758860557608673,-1.3636400082325943,1.3890345328181057,1.1157282220190543,-0.15634526702178284,-0.38411700589212594,-0.8139801546851304,1.7893769437158207,0.7839645739162421,-0.7584077913600672,1.0992696504720718,1.3391486751575414,-0.021212974916712615,415.07,256.0,0
-0.34434735367047065,-0.9930834528371539,0.7074285342229368,-0.42707573857657083,-0.4684239464871573,-0.01152900964193159,-0.8180073857223892,1.5284233013031483,0.967911790098064,0.0765573439434162,-0.851246611636641,-0.7972583073598913,-0.8413586966722307,-1.2306972258579494,0.322685953739596,-0.6424377602816908,-0.6995511631861377,-0.8139369026984262,1.0035785908277302,-0.7585745002427576,1.269044485001615,-0.2876937887348491,-1.2450807879084775,0.46926780250363365,0.8872761899575836,-0.8580333032943983,0.06324051446376372,0.31846283814962767,137.3,258.0,0
0.09563385222310453,-0.4581442737642269,0.8816203644170655,-0.2511168594020743,-0.6056798736104871,-1.7650829063230842,-1.7557578951116601,0.21590387052622748,-0.0770499121260033,0.8874450191196289,1.1302843415298645,-0.24510358856583095,0.9486498964101034,-0.561846112917767,-0.14988985005231695,-0.17848492700112717,1.5790625462336425,-1.278486106946232,0.05913765614466894,-0.6960350773298893,-0.2990149724967757,-0.34178257132284867,0.07206393354443412,1.3469175028094484,1.9020003670073793,0.656571497753158,-0.9791329666808096,-0.1746268055654237,276.38,260.0,0
0.2606021305974421,-0.4069232623351696,-0.2770749761862646,-0.07116055394194926,0.7722121711046261,0.5301816954033818,-0.610165670487756,0.5928341706330744,1.7243613593342195,-1.5129484343376072,-0.43732959454068726,-0.5133552071964067,0.07991664854173547,-1.8238751703214071,1.3610872756251309,0.046791762333159036,0.2981333972092237,0.18231638023369642,-0.516532501959888,0.6986545055665745,0.005230019343576024,-2.084664935374923,-0.10816363518936396,-0.27757230855956866,0.6967416868884257,2.701413088989703,0.3776852783999971,2.1197985477894066,307.51,262.0,0
-0.6862264298114726,-0.6221238348293184,-0.24643391205677467,0.4251921403700914,-0.6406026480568845,-1.6118464334352516,0.02305518847982946,-1.1429939707765968,1.1158289998288822,0.6438703103709117,-0.7595247532597775,0.45579206305335174,-0.5481585621113527,-0.05219213357807115,-0.041671455072371855,-0.3356305244848129,0.8306798775349497,-1.1191637031894361,0.5369761206998801,0.3045291187893566,-1.4045744716631332,-0.7944211168521731,-1.0938792286426124,-0.36642668063308914,0.04842645721508445,-0.9283864541069922,0.9691286058239527,1.0577825689748717,65.98,264.0,0
1.2344196269312036,-2.7180451898802964,1.9481682340257063,0.166054370535673,0.04729951330689839,-0.10187382353381645,-1.3212487006163607,0.35975809370219697,1.6119443464363015,0.15402381721942565,-1.1150966731913972,-1.5253067015949018,-0.2940237382411192,-0.7440268225098374,0.7025747939563883,1.3704187406333022,0.4696514862419057,-0.08509216035351526,-0.13253162542077526,0.07108358329652902,-1.1599406324244144,0.6022652621079181,-1.0808171905667887,1.1161688191908805,-0.3632471244719285,0.8308091008023237,-1.4732693157830477,0.8237596147758428,126.99,266.0,1
1.362527369656858,-1.2815774590504725,-0.11350360945569458,0.3348861391212628,0.38386786011265894,-0.33955308421697794,-0.5158353185841643,0.25326294591769244,0.3525539275835807,-0.6274049131825084,-0.8250419588900675,1.2113757217962664,0.10766875570499862,-2.271704517999402,1.2175110583523068,-0.5971430533412874,0.06674032292987171,0.3748642791343642,-1.4836834422611274,-0.2888025075197235,1.3175740923339654,1.0893593960017278,-0.2903592468833351,0.7158337917644441,0.8475249529597111,0.7965014428261247,-1.1460254274828001,1.6411502702394773,11.63,268.0,0
-0.46384265965577615,0.10933684275588028,-0.3512808023811943,0.2297611284893485,-0.8642643939609878,-0.22512292652613564,0.18275717868582647,1.2246489782521714,1.103928479007024,1.1545530187793256,0.868652241262221,1.846675362544994,-0.2901409028172282,-0.1577681802896196,-0.19894294382880132,-0.06113075899787062,-1.436220711515245,0.26476078826732596,0.49605502445178673,-0.2574067803183537,-1.7573406370728761,0.021430571375766864,-1.2947067536141774,0.4273110867538856,0.11931163387079047,0.21737212669430983,-1.0610366732321852,1.2615837655217357,431.98,270.0,0
0.17020919587427416,-0.9142373214771304,0.5796416488589671,0.09773538609371424,1.836917006279145,-0.5528744581546791,-1.2475334381420273,0.2893467109439805,1.0122258691366426,2.322969042422301,3.418612179369151,-1.552048455889833,-0.13523763564072158,-1.2442127433573758,-0.24738378738048478,2.4772437422875146,-0.8197113279120857,-0.021951343835832218,-0.5808613300603638,-1.0032957548949382,1.7927900023432533,-1.5392573718123395,-0.08251373832069059,0.08796320752316432,-0.03304988873060463,-0.3157088417309406,1.6143429169177017,-2.111881181613647,12.46,272.0,0
0.43645174381965757,0.4809993324896235,0.28698976240150104,-0.8308438566907933,1.20503107565091,1.1549802291978915,-0.8660887572058659,-1.197882891911156,-1.3911026326737632,0.22540516198220312,0.04678203938819044,-0.36110791808183107,2.0813173000325547,-0.4610843653573936,0.1874998896477008,-0.19430556141545238,1.963118035161042,-1.9896673106271427,-0.309909965304401,0.6142554880940652,-0.22238822782789122,-1.3043326181804393,0.17659703390572892,-1.6213235394653875,0.6702348405917594,-0.41326291892669814,-0.5814719582977769,1.0461561652233773,159.35,274.0,0
-1.0032242011017685,-1.5424665562167532,-0.9104825894324762,2.047000656773481,-1.0036875824704325,0.3655233693761782,0.8433532839147059,-0.9397499346317001,-0.9384544985271531,0.18015863495359583,0.22532221740090747,1.347617085802308,-0.7692314244153692,-0.37725351210242913,2.838396355664127,-1.7926252324352787,-1.9976881434855942,-1.3830409756125588,1.1016055076441693,-0.4382849323427648,-0.4386467275945946,-0.9652226699420925,0.9184183045720634,-1.3675537562510196,-0.5815019529945471,-0.925642430695656,-2.672272798201278,-0.47823894902522396,39.13,276.0,0
-0.05917911081044439,-0.7755218493785112,-0.2682750252064825,-0.2426261055141157,-0.13302567596422354,-1.0540484953168217,-1.1114895688524036,0.046946501049352746,-1.4760876378032939,-0.21412503109424655,1.6354906236171627,-0.03882348669745675,-1.8265667376699435,0.17981821480148033,0.8184903662307974,-0.7953170645143626,-0.2989532779561789,-0.8776887790858413,-0.4621816565815953,-0.6655463166950208,0.435668518641492,1.6582623606087885,0.05721545011006496,-1.541742578298416,2.5294333022041657,0.582898611744406,0.7864704390638965,-0.06372615035274871,390.71,278.0,0
0.23272917467605314,-0.34182586888237204,0.9036959089026498,-0.4774033283482629,0.48937442055702185,0.9694037164570608,1.2459348857769266,1.0319426969691123,-1.0235987781597666,1.5727461833028664,0.6642589578404354,0.3055932836113409,0.42087675793214857,-0.15838989451005403,-0.46662186348476925,-0.36850521215610155,1.2881272885397144,0.08105184764989837,0.28171788512867446,0.06014197592719535,-0.667924930391628,-2.1468209321668206,0.7687201142026477,0.6627776501472367,-0.011455886898284336,-1.0902377091303943,1.8208188803400989,-0.341151904501785,462.49,280.0,0
0.2482515016025976,-0.7031483299280347,-1.3497186363268636,0.5896329604694052,-1.5008085638250308,0.22903842803288998,0.23194321659616512,-1.1197632046528996,-1.296417019073638,-0.7704357040571043,-0.627560519337802,-1.5297344781621638,-1.1251412064715562,0.07590510564248618,1.9896233197859403,1.007648027585613,0.1605197636034175,1.1283418673281178,1.155463444032668,-0.3049799427347158,0.25789583892771883,0.977897895716481,1.1144725305479388,1.1240726106125611,-1.0270107371041115,1.1750515732605733,1.8580769095349603,1.4934277498589466,281.41,282.0,0
-1.0855220498019567,-1.3369763063635876,0.46522568269359166,1.4748339702164097,0.2261679845168741,-0.23497783215533918,-0.09018899992451593,1.0204921999415826,-0.32160757971258463,0.4809546567332921,-0.13036310131461112,-0.8883379856704551,-0.9666911156806918,0.5253093141899636,-2.705403632495093,0.4792627338280566,-0.17061995770419122,0.9460831299162104,0.6014641980201434,0.044620925800648865,-1.0673646082592771,-1.0132356955843047,-0.6449650528544839,0.8685942458880155,1.7687051231550428,0.32989116388467504,-0.5892189387075518,-0.48502414034909636,69.79,284.0,0
-0.4390087332438324,1.040114514441264,-0.45858596778785604,-0.04368682661009883,1.3447985487000405,-0.5674776914516717,0.5570605720300378,0.900454952780288,0.06344197536631992,1.9541178007911726,1.6654532198322556,0.26309708300020745,-0.8038168584562375,-0.7565586120386898,0.21264119084764455,-1.0900305490467894,0.2689419627492708,1.6880955436135636,0.062486768781512506,-0.018947772060288526,0.85319306617687,0.5248355594766583,-1.1483107875154437,-0.4552341747476113,1.893954323518528,0.32544518827646685,-1.0064333071717706,-0.191845783812055,279.08,286.0,0
-1.7825872665529896,-1.8575220344892458,0.9822712353716161,-0.004471669429406306,0.5188768838638564,1.1578849115841738,0.3394738577519713,0.7331020617774338,0.2573091041367319,1.286398085830464,1.7734473394018686,0.1995706895180897,0.15763596527298554,0.3201600117299804,-0.10552532806532919,-0.4002804790096892,1.0483360942807385,-0.3989296949996765,-0.4566047775607687,0.8983702541906208,0.9751095905173741,2.3334715358969236,1.2196638509424194,0.8270276008308057,0.971344228736389,-0.14788360602365075,0.5622150368983928,0.609641932500437,385.17,288.0,0
-0.5420720265396033,-0.048944402943252543,0.9523924063654711,-0.01850927951423524,0.6115715502997575,0.8967974826053006,0.850143399158207,1.730650301681981,-0.5812815021264056,1.6425186064864346,0.4742762861027912,0.8340480484750992,0.6969517198219655,0.6463536851601984,-0.6373710179711651,0.7972856591604187,-1.4388314183678053,2.0952660564375973,0.38181954994458805,1.159970666641481,0.6818173582971742,0.036585008966342834,-0.5407495649382028,-0.730337234011888,0.7793665143778102,0.7269921150487964,0.5584484838729614,-0.11776619984627364,359.21,290.0,1
0.41323591510557117,-0.4228533983407187,-0.6808226773719577,-0.27732476564192987,-0.23333032725571268,1.464202631182478,-1.3650300479038122,-0.03303090898673843,0.6323463827421034,1.9855345078343805,-0.6074342260785449,-1.1159177072462396,0.7229986580384247,0.16485801047263063,-0.2207980831332786,0.437627893798131,0.8618442070599982,0.7370399696387667,0.3017266642206258,1.3168054722841962,0.19739523526427755,0.04312088497064878,0.7138917020931284,-1.2605296229439318,0.6157552896451164,-0.30321893177455866,-1.3299853909380148,0.425184479961616,370.86,292.0,0
-0.4582725072937905,-1.6144842886299493,-0.8711399490827468,1.6896513172037129,-0.5566954688742749,0.3229683850718643,-1.0841285676437977,2.1009285972517695,0.0693368084724879,-0.6840537811011811,0.8850943198783612,2.0501993920500143,-0.40825935073331365,-0.7040447635104772,2.2951606720535165,-0.12267804375961402,-0.2366024037830309,-2.1443801504056403,-0.03366374414245942,-1.3559458378791254,-0.5600931171481757,-2.0143016338241204,1.2351484953707288,-1.4666107525423466,-1.9407506426156202,-0.9082171955176619,1.2473364664026334,-0.4449930995342121,139.59,294.0,0
-0.3112588149555722,0.4784488604292955,-0.15165816161570367,1.2379588212081676,-0.23963016763060732,-0.22324824489837167,2.264193283830899,0.0551653992039538,0.2305706417664796,-0.21042572755923167,-2.428234481287096,0.8728703449389911,1.6605325374078606,1.2557153169408168,-0.5580816043138674,-0.1732072238210627,0.3491872278547174,0.31393534496535186,0.6809697569455235,0.20306135489634805,-0.3613278533637633,0.1369456086377695,0.998785248291418,2.9162784641471795,-0.4989412314911761,0.22620456232407013,-0.36328122827846054,0.307551610365067,36.88,296.0,0
0.9756526387881056,-0.2081237357102924,-2.0460323355173995,1.028573723350865,0.1304191075093118,-0.3420320274653403,-0.5652875256139867,0.3112048124448666,-0.6958730705827048,-0.5790070398619215,-1.2486186366041756,-0.6823631201912521,0.6308637588375215,-1.3811700589604379,1.152067343332024,-1.1789532528400433,0.14993581380900822,0.4849488076014397,0.8246419535997122,0.824891928482835,-0.08402685697568738,-0.17155163904828444,0.5965343314917344,0.27802730333943,-0.3458214230710446,0.3709725584686158,-0.1671278515659971,-0.6005354086610949,74.49,298.0,0
-0.37834052045199656,0.486418831849281,-0.9280876150612746,1.1063356934809976,-0.5572735863638701,-2.2598921739059756,0.5525423170647159,-2.7014603868142175,-1.0119190637773463,2.4224564229212397,1.0599931194039827,0.9773757585544134,-1.118819284009164,-0.18663049606313983,1.2414299518772323,0.6396375741153386,1.1358569449791076,1.7815351312176446,0.6601098756999022,-1.2306838821003936,0.5983818775801177,-0.2355308328608744,-1.2908598325968426,0.8945577675765074,1.202072844973665,-0.0938995535752044,0.3204761522604667,-2.072668950314001,477.75,300.0,0
1.1237731083486033,0.7932613397279638,0.25022391412000633,-1.2524495761836905,-1.6443744412371393,2.0265754136112673,-0.9995705122867118,0.13418414229010642,-0.9686923377395297,-2.288908688654389,0.44800699965400265,0.6038605988337657,-1.6687970223674118,1.1082852204444689,-0.526601728288461,-1.0825904076640496,-1.148181330348155,0.8712261980971099,-1.9237380701425477,-1.2421720273924683,0.4315996411481527,0.2986775415244125,-1.0219816573476432,1.2863407146394097,-1.11306649104275,-0.2085473706575893,-0.34092888543515604,-0.3370648256795763,306.76,302.0,0
-0.1953307078639792,-0.2251985048704186,-0.237514167789116,-0.18192715755537942,1.08535712431188,-0.23241361211709552,0.6919460278442265,0.14872259075403832,0.36623048762499855,0.7779112354126222,-1.1402719901983338,0.6273999269690751,-0.21215407921717838,-0.9610059991242222,0.775780029522325,-0.4253959805581429,0.37749476506491375,-2.7124485955830786,0.7260827322569589,2.5900921777542685,-0.007664813057467876,-0.26355498954222345,-0.4612910220397099,0.5555962115716703,-0.3041058648233132,0.6475584143936208,1.7224480668756128,0.8410389605482775,363.95,304.0,0
-0.17466628867854772,-1.1154755024110665,-0.408218845356916,-0.16068656568026599,-1.3185993604618687,1.0869352178326839,0.5690862894899169,-1.0485912942762896,-1.7792153873295955,0.717851910635363,-1.6433429096396621,0.08393249705408284,-0.4095194687774696,0.7999774679140633,0.8115652197075236,-0.8212758200383194,0.8879664516319535,-0.2894659213235031,0.018963938165857435,0.0394596762553654,2.24816696100584,-0.11939708603801137,-1.6719029345086824,-0.7147135011413625,0.7380445293915718,-0.2840679601639946,0.01495614083202041,-0.4319518299159348,449.53,306.0,0
-2.8166085705197084,-0.7780069087398459,-0.0772922090808463,-1.769474778756983,-1.1788426892475445,-0.34000267576211884,-0.33131517862992743,0.3944218789448945,-0.27685709219649896,0.357633773559036,-0.7000408950664414,0.2115678999366735,1.4711151480284466,0.28896670096690225,-0.23501582937245566,-0.9427361221864503,0.08697540992177587,-0.2179945909307258,0.5619986520517943,-1.8219146792377747,-0.18810703172192636,0.41928087791017143,0.12938243300809024,-0.33251960483281345,-0.3463530236598366,-1.0988468259783406,0.3788718856892748,0.42488530339347474,426.38,308.0,0
-1.4131051897960274,0.7646375116210172,-0.6546087365334143,-0.37599338160042156,1.8538964456951645,1.6019198692878294,-1.4465974515697229,-1.2789969358297757,-1.0509903730970358,1.5862245322100839,-0.607208869592864,-1.474160947789916,1.2324465489691674,0.593940675255393,2.2509383085308614,0.5919314043982176,-0.031882893759377695,0.25270100894980774,-0.4529946592752902,1.3054958663753025,1.3582757351961898,-1.5829207399211593,0.9425271274576419,-1.0710687377408514,2.4137361354642426,1.5170430859547954,-1.138027067688442,0.23899874848208588,109.21,310.0,0
0.9930863827326796,-0.623692613160099,-1.3663429598392418,0.10178632820264967,-0.15936408659527515,-0.9142805840070702,1.2360920112178666,-1.2889545424872684,-0.10786499849294615,0.18182628758025815,0.30897239951483085,1.1306732106638893,-0.2400363160006567,-2.6034231585713883,-0.38677722286961336,0.7256632666556462,-0.14415059202089922,-0.1367490438372778,0.5262133215759853,0.6580433607304044,-1.7863868118220216,-0.018684130874671818,-0.19521422116182324,0.07511937606175356,-1.9697561761930444,1.323085252810856,0.006723832132849176,0.4249923400464393,29.04,312.0,0
1.7659842140078361,0.43465279740050056,-1.5399069029654593,-0.08644367095146223,0.6748880929148284,0.05662871385657371,1.7068214703544906,-0.855962158725731,1.2451225219876565,0.839067488959856,0.08876668585445492,0.33132925206080754,-0.9776885380525953,-0.3072565350688939,0.5771175056381428,-0.14911714321511285,0.06023870927873409,0.9924432966582861,-1.9072437837258744,0.36938479403333335,1.7765385144334278,-0.3768666494597489,-1.244279023264704,-0.38909335296025366,-1.517082674365944,0.2256850727399708,-0.07369403195518695,0.31873185210296323,462.56,314.0,0
-0.1312356093465435,0.1958951178436683,0.45048392475152016,-1.197647518183433,0.3460850187145519,1.4482070721955065,-0.961722277891131,0.3083264827395619,1.2946988476379528,-1.1550452855052697,0.79785463454203,-0.22202414095184106,1.011337955481682,-0.8244572020911812,-0.009055207382260087,-1.5184890471281571,0.4372889111707662,0.4487367282260853,0.5408024203986976,0.49159965025851865,-0.09107535051039758,-1.477629658982419,0.9920777886626394,-0.03843425973880079,0.393484009201066,-0.18521570771323423,1.9587603729602607,-0.5676486427149487,490.83,316.0,0
-0.6061106660097069,-1.5616438605038734,0.11291359973932587,1.85840706453868,0.12503767352868775,0.22711538427784345,0.9732141061340863,0.16209655527725816,1.1992896030668616,1.347742450087041,-0.5929919940473262,-1.430430172192788,0.6895896859763107,0.32263139962559345,-1.0458602123801781,-0.6780379947938197,-0.6811432120466233,0.147458299578662,0.9973850471439228,1.0533731391005707,0.7908231212544062,-0.29208745414066695,2.2201124850689893,0.03322046582323055,-0.3888093409168996,-1.3660664998365404,-0.34753972715238435,0.43877340825505035,283.68,318.0,0
-1.5862392511741643,-0.9541112596028998,-0.4673412263470649,-0.7753898601982845,-0.8578719997891853,1.1246141112300143,-1.6506795187573595,0.1753698768473225,0.519078559761389,-0.48408869186598963,-0.2269490695430262,-0.040546959756823854,0.6343062663303332,1.530691166922373,-1.2844962785521226,-0.9162596044202699,-0.8659087687775784,-0.012566584300405926,-0.39978056525874583,0.666424471685837,-0.6564917728486042,-0.8882502657795266,-0.7631374916631407,0.11568881591324147,0.9639231154878446,-0.04443519459702928,-0.5581615747943759,-1.0310370663562358,444.2,320.0,0
1.4616338192045912,-1.7609649266817167,-0.18607318062370845,0.739724876335798,-0.19985917996544783,-0.5663219191044894,0.5356578151048499,-1.0937818534942865,-1.7407904086290025,0.3531642948812265,-0.9951825984139392,0.13171876888064055,-0.12326589528700929,0.2610453942475175,-0.2270799381162169,0.5515186565986183,-0.703548276828621,0.7812383924513688,-1.217623442760404,1.172623982522441,2.051646191004441,0.1081114110324643,1.5691736182555036,1.828408462559202,-0.3209343707298724,0.04786489704255587,-0.814117506940959,-0.7496078756564266,115.92,322.0,1
0.23287004234836606,-1.6358280495067754,0.8347832936533494,0.16728476720785662,0.6813318582061881,-0.1820312116332806,0.6725269593883341,0.2476452662122606,0.5072249825377644,0.9017122171922952,-1.2649488938870674,-0.7030746571767867,2.3148215917761084,0.20727256583469764,-1.71679737024283,-1.7112424511350879,-0.07499130121125994,-0.5230368673273819,-0.8063718440567701,1.7931451343040952,-0.3691130199227638,0.8209727922022664,0.25012479770902263,-0.2948893147030111,-1.1417245043149507,0.7692315540126498,-2.3443625072553944,0.8706774749741808,55.53,324.0,0
0.1512855378204588,0.6185767624235686,0.007763016787422126,-1.2343441295919917,0.4015467249411632,0.8488999155344382,-0.479148814304741,0.6573920479150489,0.2965516333357256,0.450552150210799,-0.8595346982661727,1.282162695948976,0.29603097512270177,0.831709758351537,-0.3881499128390297,0.9822908183814505,-0.42194228568745107,-0.8917562451910804,1.7718424235586199,-2.3726655213415695,2.989889343707059,0.7017401991836565,-0.3148088983834064,0.3260758468413393,0.7023314572295184,-0.33245017826235235,2.035242894176204,1.4755644861500035,249.91,326.0,1
2.726826794661975,-1.2214412862966095,0.21530508701980072,-1.3870123838329904,-1.0914723383006146,-0.32626746726788,-0.30817850065671926,0.36990370021433905,-0.11065811709027155,0.7999745625101758,0.31890504175321543,1.6475331488935163,0.8288035601267857,-1.1789605799911382,-0.1454879946772927,-0.07801094147458493,0.43990474377091365,1.0752790958354728,0.28260417871711907,0.5781619062860428,-1.134226990118635,-0.45920166438441956,-1.9121220128938496,0.44194933156989924,0.8414979062189417,-1.3189836999654956,0.15844787116916886,-0.10227786726048486,405.59,328.0,0
1.6884398735073887,-0.8943701205426855,0.9181574154880737,1.1430723937116694,-0.19495128991786728,0.29249693129533827,1.0774569597457246,-1.0995030673418908,-0.4271503541822204,0.18623871077804396,2.064025156840204,-0.3997708460547982,-0.2686545209265599,1.547088420720602,0.6629790380950215,2.182544867643047,1.0932453536900633,-0.1460064569008298,-0.2882562699938131,-0.8245943993046829,-1.3050245856307023,0.3408156249727202,0.6269441636031792,0.7474011949159044,-0.12347728287160442,1.9301147021569296,-1.3584450186297274,-1.4716693438749684,327.33,330.0,0
-0.8196215945423252,0.0059540198781815375,-1.0971161069881445,1.346938862105636,-0.738965393222715,-0.9175398112397336,1.0550789262696476,0.20743580478054022,0.7847012492867645,-0.04759176011697998,0.2717532647600248,-1.4335494522703882,-0.14784026112915843,-1.048056169135741,1.9543914799138362,1.2928214044082122,-0.6539236905262302,-0.20755558915919584,-0.16041911001635598,2.15395656604111,0.39639830185653746,-0.42786760061981954,0.14668517654894656,-1.536990937294528,-0.07367330994664939,-1.0808940843254058,-1.8476660240302332,1.9865741250715303,318.66,332.0,1
-0.02699299893816254,-0.7715865666002243,-1.6971792700146355,-0.22111596447370263,-0.14917665194859803,0.765051693563082,-0.9538342072107382,-0.5337581417267442,-0.9245915339447592,-0.21804997372007623,-1.9929939621578243,-0.8042008746244035,0.6297162129613698,-1.2254446563254549,0.9995058957996843,0.8733617316282667,0.9570234238388585,-0.004523140508435562,-0.09440019754420159,0.319609295191329,1.3202668600329233,1.2292771098600663,-1.6622352719810929,-0.8743047140695892,-1.0539396231893305,0.7267729782861865,-0.6792852469644861,-0.20339067286673,8.74,334.0,0
1.7079485495561058,1.1208809822967738,1.3761989424549457,-0.716954039219957,-2.7714191585648598,-0.39552470161404296,-1.4399488435288055,-1.9440494296292465,1.1286728269732687,-0.8918487127277137,-0.8065623997852953,-0.3657638133162323,1.646494479038841,-0.16161426070816093,0.9515895862295901,-0.31534590730651935,-1.5804618813635296,-1.1898360581598943,-0.00378656636836343,0.10763556150302439,0.5427099312453759,0.5431248157000023,0.9001627334444808,-0.7691520045533977,1.827218725720317,1.9187575237166437,-0.520535671483551,-0.7939192823170048,158.75,336.0,0
-1.784809652056662,0.17088912715683818,0.45243703869094304,-0.579326811887211,0.28276456654758264,-1.3878135107947025,0.9676737752082049,-0.5309778640451468,0.28875965355206873,0.210157047059954,-1.9604418253683429,0.8340324662727685,-0.7844433330656392,0.2025046766022951,-1.4098803845833263,-0.4793771877414103,0.3632488669309544,-1.0793027873277414,-1.0245261435753086,0.12506811426048553,-0.1675144547874102,0.34930461503281257,-0.36780732161459356,0.6414985785288613,-0.5669554242878057,0.5970645857540593,-0.906781784269725,-0.6109909552176946,469.75,338.0,0
0.7306709060632257,-0.514380601490877,-1.1712303369719577,1.7301158733711852,-0.03513333461816017,0.47145207718798043,-2.2620802968778753,1.331808579541239,2.6462309232645147,1.2421824536935697,1.3847027030027814,-0.40876988110574136,0.25182301466203505,0.4880771525198963,-0.697610039151485,-0.12405942849228364,-1.0009930854425422,-0.3955062301292102,0.8408915703871194,-1.765762465518106,0.953103607659152,-1.5773606071931627,0.05245626720340214,0.14343513700536545,0.5728162219089213,-0.18054023281396328,-1.0446944810945886,0.18450944630186267,67.15,340.0,0
2.1725055891745524,-0.014409158667977508,-0.8813765642479346,-0.4671434442688626,0.1502379697973929,-0.26862128465356666,-0.40758142759702937,1.3274321173306607,0.5172817164882375,-0.11851936383067156,-0.1108585786212382,0.17317883153451508,0.5603143451304791,1.2823149564884941,-0.4119122870342747,-0.9944211658082401,-0.5561076876431357,-0.8755922106770876,-1.5260074541498743,1.410599416009784,0.8545861251325603,-2.2835169430687547,0.21794686796008236,-0.3767346194159196,-0.4959083297041294,-2.486521472621189,-0.02524342006795632,0.07693059121042777,363.19,342.0,0
-1.1768955466627034,1.6227461539904153,0.7913491307933687,-1.0663362699214642,1.0230503734701428,-0.46555398868703235,1.0551083207149194,-1.4428975443362575,0.17006172250581833,-1.216270037831535,-0.8373724623358489,-1.9316645803521812,-1.2344557831258882,-1.2402963108526692,-1.3653507315603133,0.1886146562136277,-1.766189747528127,0.2988103571425511,1.0058910317691456,-0.889055315055498,-0.08494748129461359,-0.33564398428738196,-0.4115142451097606,-2.555492061676303,-1.1268089736075335,1.4614261185772148,0.3238437234116266,-0.2413751724288295,379.66,344.0,0
-2.020734278440074,0.5931684765688972,-0.911653137310675,-1.237468422099643,-1.1372236404023182,0.5106474080706681,-0.07096167447615413,0.864597216722969,1.1257212381295454,-0.739467776556592,-0.042695228613332546,-0.30301625917184294,-1.3617978637463657,-1.2179191385319967,-0.16417189954694816,-0.05706565101066842,-0.05488317719633217,-0.05331517973593193,-0.815994292687559,2.1214380720455184,0.2318033051192216,-0.5755271685365326,0.4023164364115772,-0.8512244417774308,0.026736097019388894,0.40069577797821276,0.5509366497987336,-1.2573158248249972,366.42,346.0,0
3.0290929914745495,1.181801905098533,2.0325049790211547,-0.2561160005992977,0.24679209723847373,0.0364593970185861,-0.5470592775872638,0.7576089190264116,-0.8836513206013193,0.6982509369055263,-0.49809130462259665,0.3990277750600782,1.4616321076312369,-0.1330135634973786,0.7802237845072278,-0.5089040839923724,-1.1813339807320693,1.6617291303060167,0.7477091510470795,-0.13442057578489874,0.6964086578987425,-1.016394977647311,0.4422395435110749,0.2170049982253802,0.65054414844041,1.6417308695387234,1.4482460153699102,-1.388839226385415,494.64,348.0,0
-1.995246583057652,0.24570993744723446,0.1693380460562028,-1.1361592826715705,-0.9607700156736897,-0.7703533757315988,1.3350286652736605,-0.4724963609345685,-1.5038799073553144,-0.06443164672184876,-0.0027284467249388033,-1.0321141288037614,0.5903887929577738,1.1372390408960054,-0.35537509242998966,-1.503910280611394,-0.27374516244615477,0.3016732612398372,-2.157909430817193,0.4815169542779874,-0.3749976484974186,0.043717451483083244,-0.28962302720763017,-0.7534397909468697,-0.11099163596525685,-0.5089202617491198,-0.3575809749481943,-0.8804180119753859,204.61,350.0,0
0.5367749858839078,1.236798541352808,-0.8732775223242264,-0.11681504745217608,-1.0951939320836386,0.3880336883437914,0.22424303707369864,-0.578962621542537,-0.08274898381153292,0.8652756043609039,-1.6073715703331335,-1.2918232452350389,0.5818346007764538,0.05447784577391235,-0.07016669945120506,0.9429858866264476,0.704433973746716,1.7151040543438316,0.8949366003548066,0.5257255129390598,-0.053960695468380865,-0.1441633131361085,-0.00324009842765614,0.2229798553142933,-1.2067309814050686,0.26359408052223143,-0.24332649337372583,0.35705081522969206,341.1,352.0,0
-0.5776753061153456,-0.6594250593708154,0.2307143225261567,0.4772704383004247,-0.6039340919948635,1.319207183718956,1.312349419349959,-1.582326223256552,-0.7770269498681626,0.11620752446979979,0.3707713470084925,2.132339972594481,0.14089428005850688,-0.11640759431454666,-1.1380353085896193,-1.5853933954789459,-0.13367224608320621,2.0573851919747073,-0.2117687263556034,-0.7727316377760143,0.45206939750253444,-2.005565247906864,0.07929023735558088,0.8243781842244223,-0.9475591999243003,1.3688697690641167,0.6596825494058685,1.3779212355920512,96.84,354.0,0
-1.3763126202992861,-0.18070009201622195,0.9221265685282305,-1.4978586930372924,0.9470716884295981,-0.17984689126765785,0.9396288469277305,0.21747006139177585,1.4108264178369772,-1.2919099995876053,0.3290702909290166,-1.5115652783703661,0.4195382934260736,0.3278199178627215,-0.2850815627220584,-0.7837972248752872,-0.3253660049964661,0.09765266993990253,0.2841867783026447,1.9323159765432887,0.8734164825437462,-0.5868968207700058,0.5793756495662277,0.8813190784808687,-0.6559668882563895,0.7021560365426129,-1.4867340344651276,-0.6923947375621664,199.86,356.0,0
-1.4242306708863055,-0.21105703520105998,-0.4736454828738707,-0.3969558041933814,0.8154759546967851,0.09058242621445799,0.8003230965755296,1.6263502698481267,2.0946659246342496,-0.13980411759659714,0.5347453223877701,-0.1547590102991274,1.014199415229713,0.8196901116914421,-0.6605389448122487,-0.5133705452546704,1.3860463572875443,-0.5491701127729725,-0.11179534549832311,0.6750409090327198,-0.16557562148758803,1.533965179038197,1.033106005609841,-0.8841694016939687,-0.5855066115197317,0.5875615412122368,-0.05202390558395967,-1.9405590047626549,245.79,358.0,0
-0.9708828721438478,0.23409529717110564,0.89054879171221,0.9048470371871036,1.9628369551041487,-0.6914610626455621,-0.6436341797853495,-0.025328150660170155,-1.67597358222095,-0.0030752268009296845,-0.1955048510156436,0.7917178585252849,0.9615205985610688,0.3572735620424615,0.0028743708459547696,0.3640154414639621,-0.7928278692059905,-0.08267688880249133,0.016766018872244066,-0.07508521099289293,-0.17102596983081836,-0.6212691875503067,-1.025602609246051,-0.20509025668425265,0.5943496613479781,-1.7374049600394366,-0.4972816534504563,2.0690960538950685,107.42,360.0,0
-0.19297676774312045,0.151349752452347,1.8387288136708329,0.3194352729217999,0.3422685249124882,-0.9101466740563816,0.3128233862431889,-0.014797084688189598,0.9249134943251714,1.2773227646784486,0.03031191004750396,0.3820959521840109,-1.8898743512440779,-2.2356518297380124,1.0931921897896302,-2.4948969142401944,0.3273362673549973,-0.17365517458836738,1.231352659618168,-0.035175264305880354,1.8022536628176122,-0.20389842383320533,1.1463489019339046,-1.4982364295039539,-2.3020376530872078,-0.028212160268631443,-1.4005963702561952,-0.05992649760402471,453.41,362.0,0
-0.4131955842118296,0.605143279955362,-1.064373967676463,0.4246539684493019,0.8639493370024401,-0.20570500072019013,0.4782310761114797,-0.9785689049623084,-0.3826554094715532,-1.3420704282604954,2.3387725310478285,1.2287938789105153,1.6601192775603737,1.2144389405169476,-0.663159240632383,-1.5345213314258503,-0.4240731090141809,0.47530687402973515,-0.29025275583995885,-2.234793605750247,0.7470749563185657,-1.5982099092234943,-0.42233995332238666,1.7437843562138007,0.04906673798835688,1.0766590355676506,0.34681994342118055,-1.0089023878062129,358.1,364.0,1
0.7293167305871948,-0.0632255392090597,-1.4858304688313537,-1.6536627214112696,0.3832692545283315,2.141345037874975,-1.0762536891128966,-0.9569713605761812,0.39779635684227294,-1.3139276461505678,2.354048749518882,-0.8656709397158172,-0.4989423319529346,-0.8045414841239765,0.9347608479825699,2.162249549348843,-0.7032442842006443,0.866577430970269,-1.305906880685914,0.9592739194404745,1.7583607121968916,1.452356401198965,0.13282423434121765,-1.0328134430092928,0.0007712337518064761,-0.31088930717529767,-0.4466914392269381,0.20654985222193234,141.89,366.0,0
-0.0665464407870858,0.7078438582329405,0.7143447147579332,-0.0627985640877253,0.4322572846006284,1.321385249405341,-0.5316005543168191,0.01589264194792585,-1.0283552198326182,0.47986413170190173,0.19850780129771622,0.4608695960309444,-0.9888592025231775,0.7655656798977363,0.10202287099538014,1.0294978289247905,-0.4377339316253455,0.6824105561000494,0.44503144055730753,1.5246508652908393,-0.11630989773785937,-0.5548763339146958,-0.4937864599783248,-1.1083200240058837,-0.5030718311855864,-2.3405924238418687,1.3687662795934419,1.934047849436841,67.49,368.0,0
-0.14758530018906058,0.43810139529549436,0.16400910885337652,-1.313059321395441,1.0262595314501082,1.1754504888371748,-1.0409836509547954,0.3298894203779641,-0.2627612778586437,1.1899220062444997,-0.08287555568534245,-0.05579298251386271,1.820878819453183,-1.2854156408044988,0.24805043078653272,0.08865083157869001,-0.6036141143810994,2.039821336219502,0.33654868978555214,0.6717730946127243,0.8146039833106347,-0.32085433142202224,1.2417642496103674,1.040534445273553,-0.12210039013015048,0.9382668096582747,1.2399359056347612,0.795095069729047,143.94,370.0,0
-0.8352195906631601,-0.09235472618500105,0.4753704338535844,0.25212050165273486,-0.745172804805161,-0.2865634323314553,0.35186661997382035,-1.5092145854966748,0.019330194607769344,0.6966447246338537,0.28293803546086954,-0.8574787094278141,-0.6815122379614552,1.486995232666113,-0.9376468034066535,1.1856678397253988,-0.6213152851827265,1.1301741060392332,0.5411039712900175,-0.3480429663845656,-1.766530234342205,0.39856770098979044,0.18156313663529017,0.4139127788985851,0.5394014901722126,-1.3141270620742962,0.3932718069115363,0.7425406746003839,311.5,372.0,0
0.7307426878338679,-1.253056623842459,1.1542987470432542,0.4286994890134526,0.5555479727542744,-0.8957000601150521,0.757092184360496,-1.7239140478300392,-0.8481968714045293,1.2665842825327118,0.7085944379770165,0.29150808849609516,0.9437138772259241,1.013192673947147,0.7579151781475839,-0.21742794577620195,-0.8780465404656908,-0.6634129242612378,1.410587721028153,-1.2754986170599547,0.4908234041459546,0.4923591249759909,1.4680571331629568,0.4895591411871198,-0.4232237327668238,-0.40747558737790107,-0.005780617468940683,1.1326692533300433,413.21,374.0,0
0.8065198587492997,-1.0857113008902601,0.27866282530485326,0.8252634339756902,-0.2371753855891685,-2.1599744267815892,-0.19647311694389455,-1.4851497002630758,-1.6434549439966313,1.0651658990299444,2.521030626028634,1.3642854537471272,-2.6105930028226814,-0.17301269054850632,-0.5896884068892817,-1.4709223303831442,0.4648587430891844,-0.18479374499258125,-1.164089589578607,-2.05634524378953,-0.6089161295049536,0.007907044773948506,-0.11841678695747603,1.0627823352082126,0.3379840331332128,-0.34462870951277125,-0.8172275890621771,-1.770926557938758,251.59,376.0,1
-1.0912758601598698,1.3583208110863072,0.8646729709249688,0.28876823374479144,-0.49406929104761166,1.2410197885827632,-1.0111163796337514,-0.9996795732033689,-0.0934774883242101,-2.183138977508559,-1.0394767616220826,-0.23622869360230153,-0.4612339952809043,-0.988255001176771,2.0353969332032107,1.3632602402533818,1.7146015835341926,-0.09904429312636226,-0.4885859883410966,1.601663457669185,0.08520636195563683,-1.060489689267953,-0.991030854126704,-0.3244277085528533,-0.022020508374609192,0.08146102820237984,-0.1835846869698407,2.339604152656419,51.26,378.0,0
-1.3531209980041234,0.6727112604086436,-0.47745272722941695,-0.038785488974751425,0.9404954282430288,-1.7827487839169327,-0.9458702434453321,-0.13365938538281646,1.4762517748494979,1.4709797091145924,1.2773014379984453,-2.1933878084128016,-1.0497691692772009,-1.0086351303523882,-0.05523524522167636,-1.8530265324755195,1.0978965367333255,-1.9943875749411746,1.0325259430539426,0.8708388013220159,-1.094385001372227,1.2619545784136927,-0.33321065461492216,-0.5926989909702908,-0.4214475097643658,-0.3356825319931539,-0.24367396509140993,-0.22097332197255057,124.66,380.0,0
-0.8903159126528094,-0.6581960577216591,-0.5716024766430156,1.6727303162933589,-0.5711525139084253,-0.635364482592482,1.5163288053555957,-0.322008856853782,-0.8902317271590633,-1.1069572655808517,-1.420160435180776,0.541184974451444,-1.8043507710889635,1.346337706351362,-0.09133133906313161,-0.4370743827794449,-0.2283555386849532,0.4630566549461277,-0.46983903375061403,-0.19177171189172973,1.0530798135921156,0.346905639403201,-1.249961859395883,-0.7077483344218858,-1.7814166500332507,0.6152465695088785,0.7219998417808262,-0.9343654998759668,172.58,382.0,0
2.3048523398229555,2.4378860570116667,0.02280953326315896,-0.7973675511000545,0.2738011894316425,-0.8210319399476692,0.9500322961670155,0.1663592560279821,0.23827366698670813,1.759165805470218,-0.619023326224578,-0.5789908918556483,0.8583704594153972,-0.4219973767334208,1.6038314218614158,1.00049663649056,-0.3713611070651593,-1.811566831813896,-1.452243545958309,-0.4817660612424536,0.40470986858972163,1.102277108301677,-0.21728759954909704,-0.8888882670245096,-0.14074180067328126,0.02036935111032593,1.3049453173829688,1.2494241917968836,318.07,384.0,0
-1.0019021768424445,0.4540917982703811,-0.8538460754417102,-0.8256018634317286,1.0386755130964578,-0.19930747226701967,0.6398617345745141,0.534734656037554,-0.07948537680933128,0.3329877325113811,0.20385340872555377,-1.150449786632034,0.4873255875857255,-0.7059975048640341,-1.0690947242124655,0.8546434223428232,-0.5913193063968206,1.1106881296000235,1.0983597485341479,-0.4767510420933109,1.0683409420232652,-0.38932518037182656,-0.0683897615910868,0.4937860006997259,2.039396413397178,0.9408971461848994,-0.05778955316915521,0.10330235616922377,123.33,386.0,0
-1.5831224327190252,1.0048015009011375,0.897336745704938,0.283492306370685,0.7177561397368868,-2.0251876006122114,-1.0817656166424707,1.80147361459218,-0.2577273324323497,0.7574329674396315,-0.7466395616572263,-0.4421676653421592,1.8546827809323108,-0.15745181898640215,0.5235600745380405,0.13045579149771944,0.2464171731226174,0.21222719560862463,-1.9776032702988937,0.47706586675826074,-0.5376293954858958,1.7795671722619442,-0.7726402436922133,-0.4716013535172346,2.4461139955603675,0.7234048753740603,-0.983419007556634,0.1764111593722524,116.97,388.0,0
-1.2203941315640832,0.2575866941323386,-0.8043784426700031,1.864848465370411,0.4208844739317143,0.5275521835171357,0.9497513268758884,1.0616231471998794,-0.6890699342486386,0.09496873705574793,-0.4454791031027808,2.09407309585432,-2.285265021906798,-0.5751100167562466,-0.07996141510744925,0.13693590510265047,0.11651880117379082,-0.04615186224215982,-0.16241798518944936,0.24129696856153993,0.4615029995105031,1.790708877555942,1.7818603035509775,0.3009968601031881,-0.4953455868800644,-0.4253872608847494,-1.3140916655912487,0.9532344349698433,143.11,390.0,0
-0.04473467909938875,0.43726159219176,0.333747317181942,-0.6976204108018018,-0.8210821464860314,-0.45291249297366715,0.4857263267969462,-0.08075167054126543,-1.7653103243148378,-1.0241460311844957,-0.26737184413153653,-0.030410368430774607,0.5154793659649983,0.03926096903052871,-0.36271230838749996,-0.3970863269624132,0.20146254384354342,0.4180489684213863,-0.32980267819543796,-1.0776940890942066,-0.09860540822686903,-0.6498615791982021,0.2875802993564705,1.4807476867248033,-1.3515642569222734,1.1506966966965233,0.4690395934474649,1.1028407107335445,296.27,392.0,0
-0.4357444034619903,-1.4460277139444149,0.17969576871707055,1.3996852565714732,-1.0605216166817997,-0.9103121851426813,0.5871986898235554,-0.5122068892728513,1.6660850429883074,0.6520757031301605,-0.7192233159883686,-0.5646463495420695,-0.5251062137775891,-0.04292035628679163,0.3044513490803163,0.23143084965246,-1.1247042089264372,0.9018756249332319,-0.290081067384585,-0.9275356082486899,-0.4630451605218283,1.0143078022449825,0.19032332726456827,0.2775615329099824,-1.1699881076964151,0.13223316055717185,0.9975317698635644,-1.802979880816261,246.32,394.0,0
-0.3889496421847855,0.6231810137406228,0.1582442194847972,-1.0188049853249486,0.39826286333348887,-1.1674110536325757,-0.867547034375166,-0.7625578435160609,1.5433881497051256,-1.6697100329042387,-1.595895424614209,0.28332171979428183,0.10480288660666774,-0.46993361792673943,0.013825191285803617,-1.0645401034249116,0.0921266123359036,0.20958951225131564,1.214700118305385,1.9072801712514338,-0.26761586520710035,-1.2733127002057607,0.3849743754339873,-0.13380677611498365,-0.1780862276106515,-1.6110734543284841,0.09861554286911835,0.42285899198571364,420.82,396.0,0
0.9934047793429405,-0.5054861361849585,-0.8253827372112087,-0.5134678646117345,0.9336792716449773,1.3861082358317889,1.120990319739804,0.6476886982597997,-0.03218064868525681,0.12373495902975498,0.2695414780713415,-0.2521175104774515,0.8891809605054769,-1.6527694797430459,-1.4677238013284057,-1.654529353054015,-0.8021913466081754,1.3461913901568257,-1.1889563388182383,-1.152139930740184,-0.8253673640215735,1.1075136429851422,1.4352878655185217,1.0150559454817767,1.0770425443220926,1.6519021248481212,-1.7964985106173503,-1.2248879131095605,348.97,398.0,0
-0.7007351603459516,0.10372826568219072,0.10048804642641991,0.11608866831176394,0.8342192349245343,-1.9178465285509656,-0.1403319788823363,0.265609202912781,-0.3255058678076017,0.18913642041307324,1.022211142689169,0.06222184999036576,2.1377849404919465,0.9508872338425496,0.2661265394674589,0.5037300894645477,0.7433183399216454,1.6854219335690526,1.174289076309881,0.5142057552162829,-0.7286537063857078,0.41492758580281297,0.5789349333942335,0.7778529420324769,-0.733899366832089,0.7380714677123451,0.8005120398998542,-1.2098660041281237,333.41,400.0,0
-1.2014313560831889,1.1180153687929149,-0.8551675113033101,1.537735281895018,-0.27893783544426104,0.38486984776771416,0.33629622832730965,-0.7144695946510017,1.390456330030163,-0.2779757988654614,0.05878882068933127,-1.982165604140507,-1.3363904908480218,1.1271287845659592,-0.005532334491595468,-0.5855664082387176,-0.5694935580990386,0.5485869756669965,1.2603710880638435,-0.5617313624686949,1.095861797685209,-0.16007566283828117,0.5006495565375086,-1.7750388583948318,-1.603677081783104,0.8200857483589137,0.2749429402685834,0.40367719835814314,77.33,402.0,0
-1.0787690494641158,-0.4222349253184804,-1.6722479888499788,-0.8474481848994326,-0.02286193612627925,0.3278270075283829,-0.7129298137745044,0.5521535343832773,-0.038280265719131394,-0.2259298135527842,0.08363120258919561,2.0996192259501645,-0.16100684400460166,0.9522435928889068,0.5462852777115921,-0.24815937799509916,-1.5502861496413232,-0.6272272427756026,0.07638349350346328,-0.10477677640511017,1.2966331731741372,-0.7335017082007967,-0.14681136832509029,0.53636445687189,-0.2781364603243834,0.9736735066339967,-1.0875676714762506,-1.51976717807773,27.62,404.0,0
-0.28642059498255773,-0.07103684121278213,0.21810088044603465,0.13845468297599328,-0.40839632953604715,-1.5079677793707558,-0.11870877261372195,-1.0392446218977673,0.07055618587881791,-1.1079925251101528,0.37921011106257,1.667911920967461,-0.7259717731705945,-1.2651047581729025,1.1445101296846625,1.7670008775904165,-1.2455806776386753,-0.0915325667601382,0.48675654172923905,-0.26025668762132204,-1.7516113073051143,-1.372911690055594,-1.267793205278753,-1.0401041022221145,0.08685124525744134,1.0977298412341334,-1.3574611356307849,-0.7859105939206031,255.0,406.0,0
-1.1099606357075364,0.2884139485594864,-0.8219241619417351,-1.0107205834766,-1.5970615947216225,1.3597158090964296,2.1895621752810714,0.08417336702852388,1.4855953229646472,-0.5669111727507893,-0.000897129716396693,0.6512731982262782,-0.7517674401028566,-0.1594513579351172,-0.28288449930937587,0.4377385720467934,0.062062864698615314,-0.7274055345957714,-0.3008906608231872,1.1147435876111054,0.5488555001662204,0.46184596294495023,2.256001259954969,-1.130949966208275,0.7097593362987761,0.054803727917169524,0.3438164773477047,0.1822825455301619,35.83,408.0,0
-0.7015057333663561,-1.0350513657251508,-0.00016778429770210248,-0.782175109723197,-0.36960506123547404,0.7981602552574777,-1.2268845934519599,-0.1917121294947621,1.0545160429913645,-0.5071750354028092,1.469455221815038,-1.550794164589771,1.8193845405493407,0.017983402516575823,-1.3286396483880927,0.8331776411394392,0.43083511592652446,1.382147783350684,-1.5360409305045644,-1.0961165385974285,0.7700517807406977,2.549535934486057,0.5752486829103631,0.7300867834384015,-0.7612645272141174,-0.1818498370591061,-0.619834497227571,0.5023427284437239,182.02,410.0,1
0.9295256483956471,0.18571678350042978,0.7954393627049124,-0.028745107951790794,1.3246553609350973,-0.8615507828928467,1.415936315128944,-0.7161428854765648,0.016386918479636112,-1.1942910416413413,0.5059684205149301,0.13148506852736638,0.7386463950470152,-1.7337870765438679,0.1338551203700875,0.4034807398473197,-0.9885792578546316,0.533015935965817,-2.2971804762141472,-0.12772534099378857,1.4124959732537934,-0.13636869964582987,-0.7190645637799731,-0.06464602328522248,0.09905487729542062,0.8963535426255048,0.12988699252426628,0.7620298171863366,13.07,412.0,0
0.09205242416181308,-0.7493186084382328,-1.4018559325419024,0.3716832142864395,-2.4712341968742715,-1.7652018451230675,-1.398034551255947,0.714622200838038,-1.4897928050005884,0.47013767689630215,-1.031977358164421,-0.14648317350978735,-0.0626035240413795,-0.16145243476781246,-0.6466496858988442,-1.566373343541191,0.02683273731479559,0.5576541412828186,0.6792075302321854,0.08178880045257206,0.25760320474535875,-0.7711082617036288,0.4494696951591252,0.4126686521435085,-0.2978027395333092,0.04808444843441424,-0.02679551580647109,0.45654230982903193,88.41,414.0,0
-1.5438276960821873,-1.5637086379769032,-1.5118080575291952,-0.44476623265611975,0.45530747530261173,-2.2459890726863323,0.09400659488728023,1.1937503081503356,0.2731505874982016,-2.0188917358126144,0.5210663299979409,0.2422812729427103,-0.3426367512323001,0.181777219869673,-1.3958652784247987,0.05098869807938861,0.47859237044687,-0.692926167769381,-0.47082539457472544,-0.5676248146798125,-0.4752828157123021,-0.8301446309551173,-0.7706334343039574,0.5160905591056184,-1.7426936587934607,0.18299098463898522,0.5141456236905074,-1.3527005659862203,55.19,416.0,0
-0.07656087361735922,-0.9165398424570221,1.1363279294441306,-0.20563035404518432,1.4731181322968416,1.3222773961832035,0.3073291662813744,2.1427076314824185,-1.5744792743145146,1.445417239579117,-0.26807440906132857,-0.1266880610057793,-0.46122962732716205,-1.4500515415149402,0.5695965140148362,-1.2407163941042463,-0.5909984687713552,-0.546732409595258,0.9955765512128979,-0.07367658606879539,-2.4437413120160363,-0.8990372742963233,-1.5621476513906198,0.5024820823779017,-1.1828923026910148,-0.6058355369852093,1.7503367094728528,0.6367760393291129,400.49,418.0,0
-1.1645869480384257,0.8250484130227661,-0.7178315552110032,0.8225499745759749,-0.41233197669905614,-0.9600274851847918,-1.0534685399953643,0.28762806159555915,0.9130212663132398,0.37240044293943575,-0.4326406699295864,-1.7973437682032223,-0.6393507974787962,-1.2520333782403401,1.368569343255168,-0.39848385746109366,0.3003801098593476,-0.3436563794094126,0.429685497157801,0.7181740229383656,2.3284547229364607,-0.4559254866183274,1.0431056347092018,0.27791704529464506,-0.5781236631045978,-0.506744018732025,0.4709024299895236,-0.29660223295327204,173.07,420.0,0
0.10493537361339628,0.6646455893968837,2.495302369169334,0.03248443168589147,-1.1281734320850096,0.3979893024642597,-0.4840293369091388,1.8936080344286903,-0.4971129571724229,0.018397067139599228,0.6229139096991922,0.49130074214399233,1.3901925102224029,0.6674836094322517,2.342946742460102,0.449492499711428,1.2991035640544322,-0.46925097095928636,1.9748235928842344,-0.34769605259957004,1.4860333713328375,0.891918732914346,0.06666945857068576,1.4956711764022177,-0.011988392780742832,1.3683857984152936,0.37804935912477994,-0.3772164630269871,39.43,422.0,0
0.32026800493021235,0.034103629887237495,-0.4425166161522406,0.23298582011103414,0.40368670517427485,-2.4545349068193487,0.501363585435558,0.7411047966917446,1.4516457423968994,-1.2360006226208908,-1.0175039658870488,0.2092731643008428,-0.7129259485825813,-1.1897587448041156,-0.4134056353784195,-0.35982010370288015,-1.0156496247945532,-1.022320468180386,-0.12131878680949801,-1.448627592489601,-1.4647178790174915,0.07150885164545377,1.5056431735879783,0.7330413348789147,1.2226186405254824,-1.8050602651350813,-1.4086007649927637,0.01065018333972301,132.75,424.0,1
0.8362220356228841,0.6380438724966973,-1.3441651355805415,1.1357070249764591,-0.0813487119111878,0.7777277323625208,-0.6050775575298217,-1.5437376873201276,0.8458451547265275,0.4696468858003245,-1.2456243495863109,-0.6681727171915542,0.6860871261141969,0.20603560810640767,0.5016921713101461,-0.5243533892074038,1.4231269151015797,-0.11115045016438219,-2.367457713037522,0.10693893988841995,0.6049427271695414,0.29707670650157786,-0.4266361045534556,-1.9537186715610662,-0.6499728020139508,-0.5555511383849425,-0.6591910006946118,0.6119636544075946,341.41,426.0,0
-0.33342304340081597,1.3816751055690941,-0.22555974469442344,1.2158841881335962,0.214464999433737,0.26381189532990224,-0.6828648921657748,-1.3506337584590082,-0.07332675421007341,1.6868466852521644,-0.45869708140868115,-0.6173704023674544,-0.17191982955707807,1.7681879440428108,0.786936965727583,1.2142629262078282,-1.9803391947521243,-0.8246305491888979,-0.7899341772818036,1.1360875197362512,0.6598800276666624,1.0558908726093892,-1.8755879993076272,1.1103380041628312,0.6593263896373783,-0.9240938470341852,-0.1969252264791808,-0.8935861777121661,372.82,428.0,0
-0.096608714609876,0.4493554919613545,1.4042195681508858,-0.9394193533689634,-0.46921624820225877,-1.1029292212807407,0.7665634013134599,-1.5755815077443993,0.1770138624110547,-1.2257879895516894,0.04581193490126893,1.155911725944232,-0.5112627641246874,0.22087004079938918,-0.8931662106631546,-0.11243082043467863,-1.5578995931694133,0.7077159067970932,-0.4154640505802598,-0.2088290484466722,0.06920400323530483,-1.9667442453840378,-0.6922324667755859,0.1352407412533375,-0.159919730135544,2.177345485793298,1.2587176210540754,0.139595024774993,59.94,430.0,0
-1.0224991317277736,-0.49493441551827644,0.6581348926913176,0.07662113501750062,1.276104181985889,0.0687034027240177,0.11583414095460469,1.6242121634124336,-1.0965640647330295,1.7338575434182968,0.7696328130471406,3.2354702030852853,-0.7014323706704181,1.6294037701102353,0.13387187566579298,-0.18558420060248618,0.3049022368011178,0.12521474611205508,-0.7789159512900271,-0.13163786715211978,0.30710668467254304,-0.425155615581726,0.5404414873025281,-0.29584241486487395,0.45834529850381417,0.33771613223083463,0.45133236571150387,-1.348713842208203,389.29,432.0,0
1.0970828087219426,-0.8660385948129895,-0.1858533951401954,-0.6458404203720501,0.07134847001112067,-0.11112337350698906,0.6511931065471808,0.043883037010943024,-0.3916851781606627,-1.7974081998867468,0.8843234657996477,0.5175361771957289,0.9251241851217942,-0.18539354668469457,0.35693292221320616,-0.6533920779301551,-0.7448032984852608,-0.2836016105288141,0.9218069222191294,-0.2747740738272879,-0.054085926307481005,0.24244482187983118,0.02534269819039109,1.0143372366233212,-0.748068252087738,0.09974283414517371,0.4742277735673192,-1.6422794007759929,185.29,434.0,1
0.2660494363723319,1.3420242545124652,-0.3504908086585306,-1.085041660835581,0.46703329754846307,0.1794872767035154,1.522446725263404,0.4376679532987646,-0.9435470964829495,-0.9887482033289855,0.8598190896544985,0.356911825358322,-0.05821943554665704,0.1723882044705576,0.44193588798087297,0.37281992584417667,-1.505477142723143,1.2166970151707817,1.283610732985292,1.8101284061352945,1.592605555544417,1.4225457673641801,-0.28648614144564,0.30136947748703014,1.1669987916363687,-1.8007522354101921,-0.21867883197268564,-1.7053709470927447,339.69,436.0,0
0.28028163403811285,1.2658079398423807,0.018798314559478765,-0.5692232096343005,0.28316501340017836,0.412461165182643,0.4829468294451999,-1.214939503103089,0.24348539387591156,0.18416810664374603,0.9482950010506327,-0.07560853362486715,1.974224104844965,0.0823352493310513,-0.47807990336991524,-1.003115189372866,-0.5138568008585787,-0.7989857592114222,-0.15602096209965946,1.6867264868199459,-1.4593089061753373,-1.3890837561797231,-0.23463550906196484,-1.3629225503524949,-0.9819365062108301,0.33915988561050403,-0.052603792212337894,0.43850961555949847,335.76,438.0,0
0.591058020261629,1.342593927175845,0.37903337211214544,1.2049809825397926,0.10707450329878901,0.3904300619467385,0.3775205798036995,0.28455800102234396,0.2056754789414421,1.8209837689086616,0.6980962124960084,-0.44738742322401454,2.343424969029844,-0.3770530723001785,-0.005228638775243039,-0.8306307431953541,0.7171125316280677,1.690235536179311,-1.4911654152489577,-0.2773709194472913,1.1166136691779227,-1.0593173140985128,0.5743822554820113,-1.3014406757433612,0.4079308174259917,0.0778175540832829,3.317582990798635,0.7444681730037579,396.8,440.0,0
-2.172423639102823,-0.07474620174875486,0.824296077685584,-0.4131576072383761,-0.4565705799107385,-0.4077446123012603,0.5471593531658243,-1.2552699762697073,-0.5615256598316835,1.032980147780695,-0.48705951973090295,-0.5469059580929527,-1.37635662450207,0.6459139220410379,0.42543940726497415,0.9723644205673045,-0.11293332316191217,0.31578210367959286,0.3073694969170155,-1.424988111781626,2.3534452192180813,0.9780584703787915,0.07899987275231969,-0.22421555060518417,1.3239542988866133,0.09592371579929183,0.9136223918420703,-0.5780224079422835,348.59,442.0,1
-0.8754492984482052,-0.16173624772262898,0.010577530822248776,0.42352163974679496,1.4668990692847976,1.1120318520899368,1.318006763462094,-0.7326094332781293,-0.2949295101688046,0.9679955716684239,1.2149474693330387,0.7418520265665853,-0.5627153535716726,-1.0416179001274979,0.2329776448569604,-0.8917248002777592,0.46064110194898666,1.250685240078518,0.18908892371099348,-1.3058292261716553,-0.5092958394005804,0.8646832694965114,0.473921424516787,0.5538924002528985,1.7689628586257444,0.34906919842606743,0.31752376224925605,0.8566753981345864,19.44,444.0,0
-1.1731619040068257,-0.44511024058274345,-0.7384861391809945,0.654914044650244,-0.9191023295097028,0.5634479087900779,-0.21676968105577046,-0.35615591045322315,0.9118272037285169,-1.3321649821952053,-0.4886838463482125,2.929520224648071,1.8504185141545253,-1.8144149530492826,-0.5075567276203603,0.06281534035563342,-1.4112069157837885,2.0180310268242314,0.029581222694343726,-0.1859216461190299,0.38106523970235157,0.3651303123239606,-0.854354507062562,1.3152847450887883,0.16203593917660122,1.3087465589661416,-0.575638368202257,-1.795929698304045,259.75,446.0,0
1.4372909098618625,0.7403964666486225,1.168216135037299,1.2297321105145458,0.01928481106888335,-0.36693185244147236,-0.0916780183175869,0.5514265707336905,0.2770384548295392,-1.8291809410848006,-0.11849953350665043,1.4138969332331792,-0.0013124756379047464,2.2245405932093676,-0.961037648729545,0.3485313695626106,-0.985341312564031,-0.8555755545120344,-0.8462770588756775,2.2096799747620515,-0.25214409039249186,-0.702638368059578,-0.002708125775158615,-0.22241438785798784,0.8114513326808748,-2.0392700315754855,-0.9546141157663501,0.8465054939739405,83.1,448.0,0
-0.48862860663146346,-0.754951223379768,-0.7997014023069993,0.7236448234079447,0.6799651630873771,0.9576200953936667,-1.1626979744108417,-1.2218217585403375,1.137349767947586,0.20512397585982117,-0.6059456717982182,-0.15715899432613786,-1.2343325089767594,-0.5296043876273178,0.15921470609192337,0.35447191903124736,-0.08743092948647811,-0.18970503924514417,0.7332569271249132,-0.10137631907459653,-0.44711526876548047,-0.7622970167997057,-1.7675945084829126,0.6499188740760427,1.4635849090469473,-0.8265104959676501,-1.27005365123844,-0.6227246694795275,484.98,450.0,0
0.2905341133500827,-0.5052999305748441,-0.5226916923419908,-0.08292332006623439,0.10080883079926943,0.3682521625392776,-0.2951528510302828,-0.312956206527299,-1.9219859587873849,0.9356856223233899,0.2523693573096844,1.5110637942826302,0.5111107390720967,-0.07359660005779746,-1.4860145233669788,-1.6337631423731744,1.0483482252300855,0.5615484635362338,1.4653999357386733,0.9312483394871944,-0.371130724120911,-2.3000840295097587,0.604520217252354,-1.0160997567190238,-0.1843020367760882,0.412110944474343,-0.6306454786812125,-0.8251668462234583,127.92,452.0,0
-0.3071772663318261,-2.0461807706381583,-1.0336894717102183,-1.048141342190445,-0.23584798708873234,-0.9471576262855703,-0.5158210986745075,-0.4449646168258896,2.1276856601238214,0.7695712484504402,-0.12038253045668243,0.44907817177113124,0.9207160381226757,0.28776944956493616,-1.0338892010231215,-0.1370095546173086,-0.9758923426481396,-0.3290791733520539,-0.15886569140798418,1.052579637105597,-0.7941201709130017,-0.8742321691755122,-0.7169337982521433,-0.6090060758127813,-0.3181686430612376,0.32932333268373004,-0.7851080656430306,0.11489220999915807,210.06,454.0,0
0.1272518148689363,0.5536758217385007,-0.2107746502951,0.832084624950597,0.36903120613637835,0.32417992838214393,-0.5506879398023683,0.27456339865975093,0.3522878824716554,-0.5975894139056287,1.1942824633618583,2.623505899838091,-0.6571308915430863,-0.47018550934963393,-0.4450250372559384,-1.309562592342325,-0.8762905557334622,0.8572279766521721,-0.08201353992087752,1.9190163361802517,-0.2885040434220106,0.4163508264079248,-0.9042938399346782,-0.11018129725628234,0.08782111485379064,-2.1040843770102318,-0.82496250180947,0.635930438684916,98.36,456.0,0
0.5826674332206054,-1.24837537457389,-0.3609618267276576,-2.3696139957477165,-0.0034370595637672674,1.2602998877195846,1.3036219365322466,1.2680687931238084,0.5269680314381583,1.158204577477085,-0.1892627533463222,-0.5218706659239909,1.1406152191983154,0.2884595620461984,-1.7952375744032916,1.2165778961178244,-0.21985035315439716,-0.6671257000033642,0.978904552461823,0.8440652263220182,-0.9568805396457304,-0.15708779033948211,-0.9084290627492385,-0.8819447232566631,-2.992756398743558,-1.0139919577909713,-0.17114728943486926,-2.833289925748711,67.3,458.0,0
-1.3718524508261911,0.607051751075836,-1.4123031442468132,-0.15723272230742447,-1.6533649023951265,0.4094375543216383,-0.3257539990617314,-0.9176741576094798,-2.644499527371112,-0.8938655553324805,0.6647416792362421,1.5500590536214554,-0.21925760093064675,-0.10008191789123334,-0.6774635898085547,1.2292833613659282,-0.2406590214297884,0.8937287142425357,0.24820901942347595,0.12290529426262319,-1.0202560271962529,1.7825946343145853,1.465933685934758,2.2741956436766904,-1.0993899516381171,0.2640305006035483,-0.7933140409169745,0.4436616195734362,300.47,460.0,0
0.29222322852598326,-0.41398644712492055,-0.2286197935087975,2.090768160091921,-0.13531222842830534,-2.202576657059786,-0.5361510758651203,-1.0952690720765141,-0.919767159901352,0.7093476093488155,0.8909127260703953,-0.8430476149998389,-0.5506847292157192,-0.6981588501713866,1.5181042303951373,0.9207988527559517,0.6769407336502461,-1.0320573133873856,-1.709259330697319,1.2304772850182955,1.9189167415960504,-1.7565695953345155,2.241486785123031,-0.10601215319343728,0.16817442900652796,-1.3178859443095938,-1.7747586506490243,-2.263802879712959,246.59,462.0,0
1.030822372431733,-0.08273653177863621,0.46078240771441603,1.13311695214275,-0.09579954801233108,1.6894665766661476,-0.8254140616423656,-0.41761272535589933,-0.9028217498756387,0.8355062567539862,1.113560070880171,-0.4529224539448881,-1.393147351548206,1.2306113342417238,-0.8807491278291092,-0.4028009532440316,-1.073256615717288,0.2874585614568295,-0.7699620775045877,0.7014073575373413,-0.5597597597225359,0.5378445980076727,-0.924684921955287,1.2262628774354827,-0.49990260179795065,0.09006820375243343,-1.1879003788340832,-0.016080112660385126,187.34,464.0,0
-1.1507874773081435,-0.04389491697680466,-0.9615329015292843,-0.15535211945907704,0.46592102129723084,-1.372338406803959,-0.043528549976355434,0.4083095897035167,0.4040717176490458,1.9183824105040108,-0.7445084396357567,-0.0028085080704942068,1.747721790903919,-1.3732562163628121,-2.29754650923274,0.535571661895786,1.0432235616043375,-2.1100227801871223,-0.3198008377480905,-1.0179366290638778,0.30967527860186056,-0.03384759371176399,1.3089461330962058,-1.3448553756667057,0.3860334434477609,0.6216122552548701,0.05034263434704879,-2.006894018844693,42.72,466.0,0
0.4155398513102099,-0.7306554963942405,-1.7432765013284433,0.36920272876950466,0.7672016748681318,-0.6153996752248185,0.8338416462292615,0.8438811880725728,-0.01745433946576137,0.5963386850426611,0.976359768384767,0.5250464738696413,-2.286984825531792,-2.5203484743370237,1.0660624993357755,-0.6884176102514667,-0.49595805283578676,1.8899939909266896,-0.7336798843005278,-0.13846429063113597,0.012468437786390818,-0.21295656107457098,1.3440814234218061,-0.3746032232298945,0.7193506443302408,0.07026058684736548,0.9669323429041874,-1.3719492722844784,367.98,468.0,0
-2.2535626587625743,0.02974898680627074,-0.8474503170006997,1.464879914623797,-0.08306558718326772,0.21977433014481787,-0.3073649645717757,-0.6513405993554628,0.05750673941180935,1.0147254406403956,-0.31258686613162195,-0.3828256394102742,0.8048168449593257,-1.6846633480743758,1.188472333019951,-0.8063537776918508,0.9445611455116216,0.29384537061159527,-2.083940814931762,0.0118726847109879,1.3142815790871527,-0.30355215469366825,-0.21175575785098677,-0.7674101615257342,1.195511163471549,-0.4629169463296499,1.7915300159983034,1.1553350469854267,2.94,470.0,0
1.3319436651067376,0.08017338872546256,-0.48632619933076493,0.478425072249476,1.5519916308872417,1.7732406116684378,-1.8571969111478615,2.70479739071588,0.252142595731107,0.7791312218875215,-0.8952830930230352,-0.9641765049072287,-1.4388191464507294,1.703652182925419,-0.6880733346813395,-0.0918931887232588,-0.30136353962453843,-1.020827686340761,-0.1989548068558858,0.08790001035433716,1.2487779168261375,-1.059099336294499,-0.5835008381647494,0.5501073934484476,0.04539094466742414,0.06381172888377443,-0.9710732291494764,0.7784619931528632,228.84,472.0,0
1.4136239555584724,1.321166559595089,-0.19361468830424292,-2.582956520676608,0.23373083464944971,0.10031029957813004,-1.0181186069690769,-0.8216572612598676,-0.995557248420599,0.27452422978450874,-0.8224056207605768,0.1650874592171405,2.3765411310487847,-0.18583991710316247,-1.1600335881927908,-1.4533444648100107,0.3300688373684543,2.002893516750753,-0.9015999871083742,-2.154966137185688,1.7074659125036433,2.5162544188267475,0.756725740277611,0.43055432963824136,0.06672551915547277,0.6810207681626266,0.6348051321182139,0.28298680964560047,316.29,474.0,1
-0.9523092221756457,0.2776949004347434,-0.09841325546937423,-0.8020492462583342,0.27535997923299943,-0.48619734272728654,0.06773522396749894,0.4564882704860859,0.5981536164630673,-0.461558124601412,0.45039185815499777,0.6831807068966684,0.9738850533228717,0.30486083250897184,0.6053486830451628,-0.42140010310302406,2.5769197510413147,-0.06411169644009337,1.1211847896703022,-0.48675927986069073,0.3747538732025073,0.33742427589026563,0.5278138846035769,-0.8480028581515766,0.3894424479067332,-0.4828746609172966,0.8194574951724374,-0.8782289196584043,215.36,476.0,0
0.30589978178254956,-0.028307689300739708,1.8549058518796637,1.1177873348350917,1.3724973372174536,-0.7715551100086139,-0.38336299933215967,-0.004068313398682333,1.1445587513862205,0.3760762940079797,-0.7491775745362502,-0.7069078153990476,1.1924715431399304,0.4083400536993086,0.05246135495478607,-0.030387210859127187,0.8953956606877576,-1.0543752050743307,0.05186107136385798,0.11162122584345785,-1.2459101487503248,-0.20740140898786358,2.286524409914575,-0.8350077371559078,0.1260399597358132,-2.077128555129602,-0.13891250934826066,-1.0743745428146823,63.11,478.0,0
-0.35182079661412413,0.4261667801402068,-1.125765919380037,0.24103462214212115,-0.7797736290229913,-1.3354533604080119,0.9827040480955062,-0.9614083134818096,-0.4238386057811526,-0.5707376035423738,0.21688406465425034,0.03230231081644173,-0.16523187915164753,-0.7087363551030953,-0.26530266485105386,0.29384164618383163,0.11789289440043094,1.1217690826838533,0.7630106599178903,1.1064650543650993,1.353408512261953,0.18708557513209015,0.8536214191805412,0.3356918784937273,1.3267626155548096,-1.7548567593857756,-0.31556129000199384,0.41007379831563745,389.13,480.0,0
0.5699608325876843,-0.01763865981112204,-1.662500303967251,-0.1775576102662981,0.8162047350565086,-0.31565123822287544,0.09250161761369259,1.916549275373734,-0.18687734646489637,-0.15738205087900448,0.1941728781510813,0.23753886359377424,0.13461801033868986,0.39320078173804046,-1.1900654449839978,-0.12120481394747487,-1.228378129316358,0.05596708609818709,0.6045758543227125,-0.13869683010301334,-0.9468386450542855,-0.4309185357276255,1.8010091096200445,1.4496969872133603,-0.5422159034524893,-0.5471881021358146,-0.10878113335578235,1.2396784124805658,161.98,482.0,0
-1.7509586051790058,-0.5551721271057609,0.41131915322783275,0.29587961697246684,-0.4276492938756928,-0.25229150925071564,0.3309610537850435,-0.41039630030988483,-1.0634439954463115,-0.185403975968533,0.1893567118137052,-2.1244449789606703,0.39222317587515637,0.9741756689918069,-0.3572560390672787,-0.33911561112491934,-0.7384172505417148,-0.15238426921112008,-0.5581718614424039,1.4476055720634766,0.1246064423859309,-2.1475115720708824,0.5705346354668055,1.7191398227371002,0.5090680502810117,1.190016569595271,0.6771812227278482,0.9909838638422973,67.39,484.0,0
0.9422932288033307,0.9537520655858005,0.3166760916466345,-1.7150328325693582,-1.0892897557906625,-1.0709565231570595,-2.525596224448085,-0.43476469149392355,1.4154732431894113,-1.4363761021769448,0.7280751695052642,0.5291039616729464,0.22996875737726935,1.1825805424146174,-0.04131410291772493,1.5215245657600815,-0.1994912114563924,0.3433639012966413,-0.14160203672353766,-0.9237978314205166,-1.3465855029700502,0.5752418859449905,1.3472867562019808,0.24415446142787509,0.5139517590915159,-1.5543216915063427,0.3852578168535799,-2.079585666381289,275.14,486.0,0
-1.1955805299679525,1.334192814438585,0.013650041270063236,0.1058359976764006,0.5538012685132142,0.798130211195984,-0.27082746953691056,0.2929173818218375,-0.06951213868289843,-1.5319848702596703,-0.35450648802498275,0.4130473550179597,-0.3849825379558891,-0.3759075021724968,0.7821988212372871,0.16111888877094604,0.3518751523973455,-1.6247234204515963,0.4483200106755244,-1.1084422154272142,-0.024521117406713908,-1.0632033194476298,0.9329254474492837,1.8296079171122799,-0.14757516439719412,-0.15688957535917772,1.030749665696823,0.5718870333881354,9.6,488.0,0
-0.07128274014745264,0.3682098857746827,2.0298134647166695,-0.6718704045251006,-0.5858859928379201,0.794658277519189,2.1124343845288482,0.1772159538884059,-1.7095612249690877,0.390382064097336,-0.5249485431770329,0.4761618799059252,-1.3593251711915326,-1.4757897829360185,-0.2968705819076378,1.6522498912816252,-1.3716170890432091,-0.32034551382875776,-1.4638039132456064,0.2898721966071308,0.22150435521042253,-1.4239124714301008,1.2877302664599632,-1.9222062835015614,1.5764529088341543,1.3744688734311037,0.30579691845099566,0.896111317587086,162.04,490.0,0
-0.17810973164181737,-1.5403710209323687,0.23648553549802737,-1.5709174408478888,-0.010880093506318774,-1.2368425891234847,0.9754137319288797,0.3801688326159939,0.6783052540546589,0.34029240987810266,1.8808137102758167,1.0223997792308048,1.703621837015207,-0.9000503416090286,-0.5425853073235959,-2.423311051085561,-0.39238804147479994,-0.03554891745671637,0.43431206690261503,-0.5309423855777388,0.7364011201888471,0.6663429842415457,-0.4735721099392094,-0.9584321052513793,0.06590781921052703,0.09932218403823917,-0.6077387518574343,-0.25920854196476417,375.32,492.0,1
-1.4178591912032477,0.6785505539294436,0.6947328548927422,0.048987203519942436,0.7655020108780308,0.1311565142786541,1.6162660701891032,-1.296408304090372,0.20179043158519003,0.9033487486573234,1.492100025829338,0.7925750927467968,-1.0379804057375897,-1.655048735094523,-0.16987705901817832,0.36171831000273014,0.9447350533449612,-1.0954699550553566,0.6107380590145758,-2.67762826396075,-0.7394937530221861,0.8602774246253376,-1.1912106247205203,-1.103583110505208,-0.5254230231528007,0.17699221092223072,-1.1152549257506315,-0.03228369730345445,456.36,494.0,0
-0.4321785094956631,1.1579319996017197,-0.48378075716955266,0.028339484886882267,0.1663371168403444,-0.4197372913572774,0.7697013143291401,0.9776135772825246,-0.4889655598580671,0.2931203056942358,-0.9275289408526682,0.5638016995012187,0.23282306213007803,-0.36394064334738935,0.3299324038500719,0.5928556651036779,1.2303878131020307,0.39748217589568424,0.888410365683743,1.90485536226178,-1.0339657399716506,1.1713224632245185,-0.8791486042697515,-0.713450508814009,-0.011799672576654577,-0.6460308328228046,-0.8132320396200798,-0.06040473757777612,295.87,496.0,0
-0.3332489823210778,-0.6653027224294583,-0.9526160494151312,1.4251492924754496,-1.2002002944975594,-0.16767956644060616,1.117922681676716,0.8095472995755639,0.23371494729471268,-0.6236419401113744,-0.018754066225753496,-1.1240703656469495,-0.2851346153344387,-0.30026781082730386,-0.20370308267240372,-0.788009867997419,-1.6958810957443906,1.2518532547824426,1.0297695973542185,0.8746543051845657,0.37841925848826885,0.17036256758758458,-0.6936853891967395,-0.5868263035402915,1.455355470328795,1.682907344764416,-0.18475340097743445,0.0037641753333391395,108.81,498.0,0
0.7323215552427266,0.09346656204024571,0.16903455486493113,-0.059799262028206124,-0.9378359045514608,-0.37301238048167396,-0.1336662444220193,-2.5201006813190334,0.08751326060915585,2.3225658794280273,-0.4293690780884229,0.0331261847123887,-0.8404859714511935,-1.093899290086807,-0.3100917164852351,0.6297932145867738,-0.23375342001212782,-0.3740772583970839,0.495595714897693,0.20009711842407296,0.2792738409045304,1.1902944411260739,1.064634229172203,1.4957400275269388,-1.2128316109589588,0.8572554326435291,1.6458229332184187,-1.6326560065470286,110.01,500.0,0
-0.020094396678936026,-0.5432673431593507,-0.024335266261180107,1.1469782824743313,-1.3957355060688097,0.24498771517251056,-0.5646154554959961,1.1776416181852178,0.4209344221242874,-0.15774660802541507,-0.7181169690934261,2.6579218931851316,0.27988856034365445,-1.4199544720110575,-0.8107420902482945,0.4126152897491881,-0.7300262748469055,-0.6070080997113586,0.9859258170877873,0.8974096356414422,-0.5712070644351728,1.1708551974828183,-0.7106155194142298,1.693541152235552,0.53754580255657,0.2901817179086788,-0.38480333395031874,-0.6086517041739332,301.94,502.0,0
-2.326498368576001,-0.2941457015961024,-0.010495496098012251,-1.826101520216718,0.8233839290908783,-0.1603714863793627,1.214712092260623,-0.6836604189231257,1.2364207818062525,-0.4490309028589242,-0.050285168657492454,0.2156152416020934,-0.04166176814667201,0.30435676298479125,-1.9245484407660802,-0.13938774628325593,-0.08042189836282479,-1.986480866976763,0.6424703761132661,-0.9113534014698267,0.942329223645982,0.08595166062806185,-0.574281877100275,1.0046920585296186,1.6618670536093028,0.0385067342796963,1.3748860911438996,-0.17612660343708286,203.39,504.0,0
0.9623218575320852,-0.3674772022016527,1.8258917791628526,1.0773072896250282,0.4703447416588323,-2.5338712002048056,0.4488166414005254,-1.2349329656262735,0.35325300754767947,1.2774991886388645,0.6889969670139466,0.858712405815314,-0.37302344951017175,-1.5246007112203077,-0.771447158588158,-0.3297364500892954,-0.014060620200704579,1.2691279634792105,0.7305778694421504,2.2197252216254895,-1.00128732761,1.1639678234819042,0.8753560773458001,-0.11656215519923845,-0.9609660383210771,-0.6154791704055079,-0.6635562037674121,1.7106677415207776,88.64,506.0,0
0.8282504583290798,0.8656562823655286,0.08767364930063971,-0.22879601851792172,0.3373357988552797,0.10246535959305557,-0.09602969659766564,0.36668887565497527,-1.0658833411624193,0.2670095256804177,-0.11079995222011184,-0.7146162589024936,0.6406272674842264,1.7951826891409621,1.2780697116583917,-0.2826149364130685,0.6643974803905666,0.8433868131894505,0.11917176293511131,-0.023994803354106694,0.34375942784506036,2.5125788340651387,0.2573172913665644,-1.2674208922448567,-1.046293061019234,-0.1711915843919336,-1.2468838730389638,-0.13251772398110415,393.7,508.0,0
2.225210664386909,-0.5114325708126113,-1.0872833501943513,-0.20757837812967986,-0.10394876606285734,-0.9888274022067473,-1.2383652311271205,1.356251046698584,0.5007640352981665,-0.482740126875358,-1.155404670784313,-0.5174416594215236,-1.2260359206873737,-0.5794823074971726,2.0669080071054458,0.2388545464865143,-0.6180161530686241,0.6795355951937535,-0.930043229075509,-0.40562480167808596,-1.8541714458791532,1.2740690483660508,-0.20172939796137787,-0.8187644914454223,0.6494907560222976,-1.047721650336669,-0.9869346136107467,-0.3790479810742958,100.13,510.0,0
-1.1975178641141841,-0.653448673850161,-0.19815757864213043,-0.10787471540948565,-1.3246345144753977,-0.24432984401248906,0.5806673203442391,0.747436340539774,-0.49752678162622843,-0.1888392865959238,-0.24781980051675098,-1.3916956136314147,-0.5401585730122045,0.7962282971100936,0.8121147921827788,0.4118920772174834,-2.661215731438713,-0.7815126834635994,0.4675944340142803,1.7123926183484364,-0.014560083619176363,0.09587290686052864,-0.11315173431103208,-1.3065258917695142,0.3519264099556772,-1.5213476472910896,-0.08524145584167903,0.0890497819039576,160.83,512.0,0
0.04929827565940742,-1.2984071588938326,-0.7090266528428065,0.6887360064345867,0.07285782015195073,-0.7024739580504119,-1.071133063833534,0.8028102500227985,0.034362991271670515,-1.1307583561440129,-0.1886510209238506,-0.8061076734223602,0.30137967491317025,1.2536187722337926,-1.0808395204039583,0.15717419244408162,0.13898450854115516,-2.1445230250103458,0.8326164167814746,2.098947572309178,0.13803635519893842,1.3596200059831587,-1.2545610379138374,-0.718764228953969,0.07124323440624776,-0.8536800598882981,0.03809790604570054,1.0033747052562585,30.72,514.0,1
-0.883064775757766,1.0475193932124705,-1.9232937211127745,-0.5687651854669166,-0.19693217727735496,-0.9269579656601225,-0.5548134515972051,1.3961448290669536,1.2399319048322957,0.7200342615011702,1.0412123666335222,-0.6203704202686086,-1.2228404254303467,-0.8076008479725285,-0.6590177956373005,-0.6095149669274147,0.5281387916266884,0.3231778795162052,-0.17566193198972643,-0.1140776434103487,1.0949222818024005,-1.291822959100439,0.7896730670157065,-2.1112942002051245,-0.5658956626855925,1.5105867748075572,0.3008418923161398,-0.46664170514456416,350.69,516.0,0
0.9153203567733573,0.5951040767533522,0.5546148354529468,-0.20135917209876447,0.9599450497226414,-0.6439016454725994,-0.6911840706855457,1.8742796536382518,-0.4999163545028187,-2.03184459638136,1.0624952635468503,1.361302191190988,-0.23575030304825115,-2.094400023706706,-0.05521790967287086,2.0723011214267526,0.2025591169599006,0.7693580415476434,0.8268120403069148,0.9712934794027097,1.8625299518752712,1.0801210038058053,-0.0807170021792766,-1.1158742350492263,0.4297142789125723,-0.19345205725102613,0.7167863740644448,-0.8628703095459447,137.65,518.0,0
-0.300612136575309,0.01115969073208827,-0.9392077453702788,0.039860401743357046,0.7868558024826998,1.910138403897504,-0.7353098131850854,0.9058259828170406,-1.978016471043429,-0.007539541786657399,0.07064940806056073,0.814189474451986,-0.5196801076992001,0.24475780256009652,1.1084171154609146,-1.1272282991651237,-1.958521337182095,1.0795179420483583,-0.9975113738764356,0.4569509262615247,1.9500878345031205,0.8363817561646422,-0.971337782212116,-1.462242359040823,-0.7784709136737361,0.17282950090304672,-0.2499163850826102,1.36185810044934,116.44,520.0,0
0.6671273636680194,-0.7306362384426736,0.8460677117282689,1.5064182251203082,-0.3150839277023093,0.47958184448812924,-0.8745714666915916,-0.14174699680728078,-0.8920055703726477,1.2392902137283803,-0.5017757504086257,0.4400362904981885,0.6352469083884124,3.109077556890084,-0.2657344640412588,-0.7771450251773654,-0.07221983796376137,-0.8505152360485638,-0.4874683355165616,0.7274089612646538,-0.6716878645784115,0.5619709076391031,0.5964481880142906,0.2493731796799451,0.6695087690063383,-0.29440126648216086,-2.002740135114591,0.059263162290103526,151.69,522.0,0
0.07829243150677101,-0.37015624826915244,0.6478782317197667,0.7643059123528986,0.2181572693420262,0.09863860590298834,1.2187799076190962,-1.0740082194651024,-0.33137609115020145,0.9978192144097703,0.5357750389770407,-0.23502950358041585,0.39057313881325656,-0.5482081369352808,0.161280453312941,0.6880558221772682,1.2918685505975795,0.6609059218166969,1.3636304077042072,-1.4426385054220043,-2.2127123583614305,-2.182459383758874,1.116056655280451,0.6036874413131799,-0.7183144225578125,-0.3848939703400987,0.3364774509704643,-0.7233050491606203,437.07,524.0,0
-0.8171986390126216,-0.6545759244996027,-0.7405044273200713,0.044190996795061346,1.663041645456297,-1.0071111013464231,-0.07322632487386727,0.4606157075672997,0.5355541283499521,-0.5058768921243807,0.618699213892259,0.4200289711022757,-0.45125914587081034,-1.352724111809922,-1.1433156263274848,0.7458554461471152,1.4270640676335473,0.000755091077845826,1.401905528828877,-0.0523804744378629,-1.1444825949076158,-0.20946711485718833,1.4918569328368507,-0.6034656069056843,-0.1359522276216958,1.1856347082423253,1.1167918089079953,0.3059263576088552,259.01,526.0,0
0.5346479121921659,1.0628497318025498,0.308559158139641,1.2805101696754135,0.6719396872884156,-0.14789660410477606,0.4345202768279588,-0.385441721114373,-0.9655420561868867,-1.1414418675406839,-0.20658369782800381,0.3129803428883831,1.8010509041561615,0.4160798614452137,0.19149232224521154,-0.09963760438463885,-0.35736913571952855,0.13075806893238537,-0.2757622602196227,-0.32485075912976646,0.820774723952679,-0.9074689430425155,-0.24992045511970667,-0.6876159791587804,0.11760464420079242,0.8537597438231147,0.34998926461423385,-0.22090046064077842,78.95,528.0,0
0.9403814551405262,0.8827070466881332,0.039499214334403426,1.592997079758436,0.4193891380413392,0.3924259647993461,-1.2026771589350778,-1.6836949679556643,0.06343650986786738,0.9972546280582426,0.3285064108308565,0.9508858770725709,-0.41351975275847724,0.0824958301958935,0.016689505641256458,-1.8014911576983266,1.7889193511792847,1.197561566854279,0.9284336905510534,1.284926999680931,-0.46692599272524854,0.7957746932131636,-0.46922705457864516,0.14800016819292877,-1.742234384757494,-0.14878635057166148,-1.5302552181118851,-1.2541386676831436,387.24,530.0,0
-0.053702178764776495,-0.7077318864440825,0.33895651447689823,1.6749530109742712,-0.6217116559114297,-0.264769340139967,0.6645105611186066,-0.6699061723383579,-0.7153954143034251,-0.44444491150858023,0.880880532462236,-1.7682149870183037,-0.8474841760142993,1.5308879349781943,-3.0991588814149167,-0.12736985938927653,1.5299331581033604,1.9099866264016472,0.7993551178302422,1.171838058046453,-0.9486129261362155,-0.8664557968771736,1.714164113902413,-0.2638405400576265,-1.8770652208907432,0.41841291441493306,-0.19099717199523067,0.08113172128985101,104.23,532.0,0
-2.38127812529829,-2.6482073801879236,0.3025594074423689,-0.3031305597482499,-0.45686243415968675,0.3904836064827788,-0.7788806735065258,-0.26544077787201475,-0.44875667197898234,0.8854459893915904,-1.8788743834942407,-0.6473530745126671,1.0897616974248518,-0.8371390378600504,0.11995293025969034,1.6694406687671797,0.15839100767051378,2.140502871000126,1.3998925731117757,-0.6516640089850292,-1.2640205848647341,-0.6039178958862044,0.380053899988502,0.3462601926067215,0.6645302955857548,-0.9254031381399691,-0.77829269129745,0.5585332989785465,206.24,534.0,0
1.9909004653696147,-1.0969522769455706,-0.0724344070056658,-0.3598128481341595,0.14537322483860557,-1.197232060875088,0.08812376955137782,1.220783106743373,-1.6239890907502725,0.9960324981416815,-1.1949066163245392,0.25814288105297384,0.48881119594149475,0.37517611499981346,-0.33347938786390635,0.6624904587414777,-1.2572343028963733,0.9145736833498669,-0.46503310215441407,0.32199913093382726,-0.35142472436612604,1.5321049291348552,0.43863614589430344,0.6527279823475549,0.7875619609108373,-0.2409888244686475,0.2892732110858191,0.16528439450757906,284.04,536.0,1
0.6449006262081723,-0.445603125836545,-0.7065712846963044,1.1818163745400758,0.7867118095280053,-0.839356803886984,1.9022344375463591,-0.5714133098670565,0.11862320920206633,1.1686867542405912,1.1591538084272444,-0.7054621137373859,0.517242071002436,-0.3102150737131799,0.419562212269055,-0.12566488445624302,-0.4027571048041882,-0.9623728460817554,1.1851713884967752,-0.7437800796421032,1.468369873188742,-0.2938012623669021,0.48465220376713575,1.5392502682606957,-0.4305919719940252,0.4718467863636074,0.4940334307362432,-0.6665739028792889,292.23,538.0,0
0.22225905339815927,0.7447866297244261,1.7009483575989648,-0.41490023982058416,0.3458761369362815,-0.12706830365275823,0.19336141561926623,-0.5917932767109523,-0.1690414440738772,1.5182119185138458,0.1274285460388784,0.07610554095998148,-0.8523975715259022,1.0909950714331964,0.8469606592638066,0.12726190139880386,1.901123805040806,-0.5325939868728403,-1.0423006061154738,-0.094925308981892,-0.8472210502491007,0.24066468585728554,0.07319548660937678,1.1528987721766601,-0.4557181739043223,0.3320199938041853,0.18523447613099234,0.8325340986569876,34.53,540.0,0
-1.130416258776733,-0.897777797795955,-0.5789217226249154,-1.0843518027741972,0.6123297232415286,0.621893962207979,1.0920637927503045,-0.14573269458700738,-0.46239299867533484,-0.9471621340922733,1.3035618924237158,-0.22224677207175522,-0.7258347000140579,0.7504243928372328,-0.33921653891974307,-1.0669681707669594,-0.8673671270789272,0.09052256546343859,-1.0723141649873387,-0.08558745436221483,-0.8647836386787531,-0.9459894463062429,-0.487948649196249,0.15928182415055941,0.31949659766133315,0.9243260608885991,-0.7830554689175633,1.3915089553964086,418.4,542.0,0
2.720951423435401,-0.4199463682354075,-1.7671819713475496,-1.7415784260643548,-0.49681396936700867,-0.6941174036451351,0.005138760756972681,0.5082851775830173,-1.2860797542485478,-0.1715234530786134,-0.5059790800926279,2.0355509517844705,-1.3815827158233382,-0.7588194346769976,0.033532049571624846,-0.7520953204534947,1.1331155083576983,-1.019874737249432,-0.9158825671043479,1.21934949028985,-1.1909074306403862,0.8345893681522774,-0.45256981793196155,-0.6183400505836503,-0.5078437568600012,-1.1205462757794566,0.9070644425600894,0.13606700481355624,239.72,544.0,0
0.8909629637523213,1.1763479589634867,0.5410268875067894,-1.452775877954074,-0.9692854361610374,0.8509138291468048,0.05550423087910489,0.6503793131768049,-0.0889285332758574,-0.4296939864553369,0.6516537238204566,-1.7274249249070137,-0.31973439735844195,0.06647642914480568,0.2086925835435391,-1.294497082556646,-1.2531139200488015,-0.3931515789766409,-0.06276335861350743,1.555058613126157,-0.8779797444763586,-0.4931379265942365,1.5915008293986488,1.0640875612646588,-1.1139980158428657,0.6754466403604793,0.8324030014630147,0.19575409670465527,494.63,546.0,0
-1.1731949293275592,-0.5955043934654708,-0.6279618866352241,0.5289090078115841,-0.42943629650827025,-0.2647996823328623,-0.6019945311681372,-1.558450849935895,2.595096453412326,0.40279162188875994,1.4720130588065292,-1.1156050949029694,1.518714525820844,-0.39647381341454435,0.5302746130755317,0.9917502361421581,1.5109436807628616,-0.04637907526441867,-1.0043459070803902,-0.014773926453555637,0.5910478649010007,-0.5358802788344833,-0.42310943579308,-1.5482732957714977,-0.9781651490293624,0.4442986166090952,0.8819425348441767,1.1017560649693177,358.72,548.0,0
2.275954683473312,1.4881630943468922,-0.15202098638476821,-0.9356778437238567,-0.25614570936256864,-0.5511594519159162,0.16588307656824403,0.8909429739881336,0.4797658631275814,1.575955302750435,0.39552593591535146,-1.2755979416267895,-0.5699920500855108,0.4025751874471915,0.2286696696186542,1.3082524290235604,0.007038140077805655,-0.17640280998039587,-1.573982663655314,-0.806722909748783,0.30877219344533036,0.20965384523978461,0.594886504399759,0.4505799664826285,-0.11336989531944563,-1.0016949009364107,0.0005722062383389387,-0.044245330598487655,496.28,550.0,0
1.371821704447613,1.3281867147017594,-0.4787793601858425,-0.6219218623796416,-1.3536842378379152,-0.1648879361720025,-0.4742071914242323,2.6073265966675603,-1.1153793604061024,0.058580988460323724,-0.6428607089260817,0.024617056292358296,-0.33339617511134834,0.8114970214782921,0.44031812142794996,0.7780650938173344,-0.7520035068567679,1.0793032004252674,-0.48170030101762323,-1.4062471045815133,-0.1818903903682489,0.11336552754715161,-1.24974131786656,0.8735956530975016,-0.8111601201425885,-0.8539578303699802,-4.084630695684418e-05,0.857303790656112,226.74,552.0,0
-1.215823302396679,0.9406282708924532,-2.1593665294002897,0.33066796483906596,-1.1296941688191142,-0.798550619054962,1.737887516290644,-0.9881626311093673,-0.05624360175221185,-1.0667111074708924,0.7691888160095851,0.40894276690095327,0.5498018627706688,1.1308693585477652,-0.33780977214871905,1.0745075698030366,1.4899060819500585,0.2844453383312143,-1.1062836244035739,-1.2049577638173723,0.44227363070019904,-1.1069248329673007,-1.3433967896236871,0.8837420117783648,-0.4587976496968259,2.4194001564768643,-0.6574656933800846,-0.4973586539216688,70.4,554.0,0
0.3592117001494681,0.2045650554265352,-0.08418527102160372,-0.10796303248281396,3.242832071768255,1.6607708574140039,0.8435237691473237,-1.2254201982156143,-0.073910721864491,0.6605442890536065,0.7482191151802536,1.277607382712714,-0.6411528323579933,-0.038535928060617626,-0.7550148856114552,1.3347468583344433,0.6988270853362071,-0.5073424536987682,0.224877896399234,0.050309402244991544,-0.8799320083503116,0.9301662288815993,0.07697542695295774,-0.5293201210075972,-0.8971094020388409,0.8545963609733931,0.26814136609721806,-0.6946535641046829,363.66,556.0,1
-0.49783532917804824,0.005520061576894775,0.06381038788646871,0.1920544202780396,-1.7691901221332162,0.12041248525772015,-1.2191507409421403,1.4190041962511606,1.0429263264369302,1.156730415255911,-2.458893588833717,-0.29918183145382066,-0.07800746185270237,0.5749964789763697,0.9008745611707648,1.2846256404023955,-2.3165051647859114,-0.8013004815460233,0.05779883818782356,0.8294990484533449,0.801811716526057,0.4749024925043004,-0.6370608417986676,-0.5098006899525571,-0.6294488036554696,-0.9810535302646968,-0.9950581409620681,-1.090693244701401,388.88,558.0,0
0.3359501370394546,0.1243304840879506,-0.9267867332962766,-1.7114826552412208,-0.36933325934236433,1.480055522987229,0.0060432609585039454,0.8000767638259231,0.18004594923577422,-0.058134694824582035,-1.4730518882601773,-0.4066850003567252,-0.5347881005594257,1.4812186102488776,0.18322065530327244,1.277535787825389,1.127446427485628,-0.8459140403381117,0.001159563769695821,1.6848785971827147,0.5631792268736323,0.502718963161704,0.9135810816093635,0.48038111802120453,0.5463551292116606,0.3021104711748872,-0.33975710283827226,-1.0580909242202157,426.42,560.0,0
-1.8569512772735017,-0.329375096489216,0.436604378573489,0.23857109228894183,0.635911417671009,-0.12604366786472296,2.72200009345846,2.0272572105689144,-1.5175952073271137,0.6565088007653083,0.9687754254764691,-2.122518200586131,0.1668841909051182,0.5169151546024623,-0.005621693600643018,0.38597377496185103,0.0790634675369142,0.7025794594806755,1.5483423286085456,0.7705817040471252,1.1753124300906506,-1.0574191246283817,2.0274233851559957,0.31492671871232797,-0.3905660584932958,0.41538053569502364,-0.5446119515833184,0.13807266589279188,150.73,562.0,0
0.30112351004842725,-0.6862340014043848,0.15578378265654164,-0.70094915933648,-0.707388357062587,-1.0109468620203117,-0.3737057607536208,-0.5506926685003014,0.47387790613899095,1.0963049120912878,0.6620869501750091,0.9724980242383855,0.8881681309154673,-0.9266958584107264,-0.33406592304495847,1.7794084992185333,-0.5446387440707355,1.8538816163387772,-0.4172073287774371,-2.047554429020795,-0.24728049894919862,0.846569279605078,1.6634517237687367,-1.4779086448200272,0.8282669786085132,0.8931478250869747,1.3014023903076917,-2.6711982840835735,255.35,564.0,0
1.6568296206806308,0.4409020023082627,0.45864713091761583,1.0389986383065721,-2.004844687041461,1.014998777884022,2.3749173168538267,-1.3686501857166442,-0.06439378215112698,0.03746047687027931,0.3564529140469915,0.4260395319750576,-0.6714918804125037,0.039950481928374755,1.744031505653213,0.4061527126544425,0.3682490074836024,-0.7145476755486985,1.3391408533380156,-0.21692181660991874,-2.0501367519807245,0.42020114988463075,0.7069333255829873,-0.29880450484864224,-2.232152812861159,-1.1162034490795634,-0.1151226745585513,-0.3904243601506208,428.75,566.0,1
0.4416713768225088,0.5916764983573427,-0.4358222279452311,-1.398982121961653,1.4532100719936878,0.5605787408282403,0.6713995250341047,0.38414533541679635,1.0974187560562016,-0.38109590826264966,0.8283267247538593,0.6685011527974901,0.6354185679411821,-1.1946262890204093,0.13912340458235925,0.38705466463016064,1.7789868348110556,0.09984954338955646,1.0819677416802032,-1.4864685600382432,-0.7165187914679252,0.4390982004450238,0.43038936222921303,-0.7167216046624241,0.9557523309102071,-0.1675200133299536,-0.19080560634254315,-0.07842116711196148,432.37,568.0,0
1.338625770532687,1.0889533071434003,1.8831379637864223,0.5504769378407566,1.9309089871870693,0.23810832525421385,-0.1264293713294878,-0.43813491472746235,-0.17620569197983338,-0.12717501686849653,-0.6856681666613604,-0.5906397346719888,0.6075467236359323,-0.48810821113815306,-1.7003824946362702,-1.7512466238157283,-2.0973734334905765,-1.417494244757405,-1.1999348523098905,-0.9740223356047073,0.28603242349306063,-1.2719973841832004,-0.9194239620556831,-1.831819607929546,-0.6604028995476336,0.7238889171494339,-0.023372054146216723,0.08198821866333222,12.85,570.0,0
-0.0019539988674459508,-1.2848194180983987,-0.4087558243388167,0.22097536828717354,0.9695568919343804,0.3636046654915618,0.8806094692797957,-1.0862365001841126,-1.503339993666152,-1.7524207819494007,0.8170665367316424,-1.4396981645852094,1.061705192888064,-0.4459851174797216,1.6687596009419283,-0.44861885347185215,-0.3937968561614915,0.06696984006909622,-0.4146179445771507,0.4180670163809998,-1.044719946157889,0.18633436762006436,-0.7508451312315876,-0.20554271013922737,-1.3751664896040974,0.8722960533705852,-0.3558361243402612,0.9160750980968998,335.46,572.0,0
-0.7369592568116995,-0.009060335189090316,0.9259391555040718,-1.1754867348818947,-0.8823266114366619,0.8105701489953504,1.347433498350666,0.016210471663786113,-0.9695695579375276,-0.3179309590996428,1.9696848423874471,-1.3335550096182265,0.5279860005548361,0.12552137509343714,-1.1563841896172586,-0.31378070423789584,-1.8045641367983745,0.2882204784217181,0.4330191251005383,-1.366167285307987,0.5566301587831347,-0.6651343267864724,-0.755703115165228,-0.975348036896983,0.6616258066362104,-1.6738404373688378,-1.589349225566278,-0.5921599665711079,300.85,574.0,0
-0.557582212887533,0.6266137566318811,-0.09113924262461215,-0.08942655808509162,-1.6198120064662729,-0.23036591077822352,-2.4078636194451386,0.23745767193676584,0.6772917318930588,-0.7795302802124575,0.37533814708887697,-0.4390456783031338,1.2321152619522604,0.22801372920606855,-1.0386397105930532,1.1709723950514748,0.8270172343794393,-0.41214353480284704,0.4955123572164233,0.47952750866877025,-0.4256051339618582,0.06564737515244652,0.2445225473528545,-0.6756339304320397,1.3465444632771044,-1.9772134310725922,0.676941013127569,-1.2183645437543407,41.68,576.0,0
-0.24353186709220243,-1.5982054861727337,-1.3190245348493348,-0.08708100516831502,0.07273948504007854,1.0598000328136483,-0.39907515566515794,0.6164054575776785,-0.010261324056122885,0.5779282260853302,-1.0919412062985898,0.0888078018636086,0.3732190152476925,-0.4966301867107921,0.3809367255561713,0.4759515427359308,-0.5178301912043859,0.7754273317568555,-2.3029319757786557,-1.9153678759971917,-1.0342191806144139,0.2813498930989341,-0.7549707325688033,-1.3377496017043928,-0.08857960304812337,0.10037097272494933,-0.6365670212220248,-1.1844736929346762,465.07,578.0,1
0.0070984001775593756,0.7949389289756393,-1.214248290256611,1.5809596698818202,-0.5666254275802535,-0.6366942068536282,0.13428279165099402,0.10329197385978922,-2.233946497410113,-0.10816798818635462,0.5779987437344671,1.0279242808276456,-0.11576283572598063,-0.35609038191998454,0.7246810933584646,1.791770291066106,0.09354072099349824,-0.18240938346211924,1.2568636594468583,-1.1297895379072798,0.06264864947787163,2.407651825856835,0.4533786869817841,0.7667828489965668,-0.32869876060627884,0.5863025706657604,1.215861120944657,-1.5141762553184575,222.69,580.0,0
-0.09628558153525175,0.3497471877757676,-0.05635976376778086,-0.48713404936806065,1.3951837087813734,0.2036291492697208,-0.7011250944170222,0.9842302175110447,1.3897505128945897,1.1407454617753499,-0.4156187210867982,-0.3724121364247545,-1.0400884870552194,0.2539914223693071,1.0985582127853524,0.564181006861278,1.7520697995709342,-1.9403695957618534,0.14017927243426573,0.8316584236651956,-0.6088973190837463,-1.1315196490986377,-1.207172645831838,0.10440103085195497,-1.2321339266579934,1.4730401323343028,0.5149374593992042,-0.2007399609098749,337.13,582.0,0
-0.08049733370229348,1.0819253611408783,1.3408995278604734,-0.9339178025553779,-0.7331608726692178,-0.3573323223565642,-0.6246048988327543,-1.8047580962331466,-0.8148785462354293,-0.7038124391958426,-1.2001538107095353,0.4402802754647892,-0.12582150713764562,0.6172871541468608,-0.9847775858490169,0.6339020354464492,0.1447197979977875,-0.5484646272376951,1.6042846481236983,0.11270631173789099,-0.5265474069719648,0.28103530634665985,-0.9464854575990355,-0.17676781189143614,2.029088068290314,-1.7695940329657978,-0.5282240059877708,-0.1475918803023206,441.4,584.0,0
-0.36640096442191,-0.5006470190292802,1.6932417416603545,-0.5548472295766775,0.39683880791588144,-0.6125579433738498,0.3991860595063511,0.9356776299126568,-0.0743743464843054,-0.5718148518956575,-0.12351903520104388,0.5350778912858252,0.8664630202173134,0.2570268518385961,-0.07949242236958863,1.2788150442795534,-0.6266017101339038,-0.41225287528318977,1.7936946422806523,-0.09674817357507606,0.6590453151355288,-0.8868881342778374,1.000988796090134,-1.1506202473938079,-1.2249306376523077,0.8924758382252787,-0.36141930126207383,-0.24237877338628477,65.07,586.0,0
0.43059824701689986,-0.2900746547314983,-1.047717379022238,-0.5679138104878273,-0.9748000515506099,1.161350929804876,1.205706399727643,-0.840713753121399,0.435453342708006,-0.2725667874597128,1.4594162838725058,2.3694354359239758,0.7317714760528864,-0.5137287729688174,-1.1589142743238858,0.24474468205352048,-0.1559030830304772,-1.442441997986841,0.07936944454905073,2.1123666480421734,0.8057123528415266,-1.161801899886193,-0.0184139138487231,0.3734586135477813,0.4924271223078624,-1.6362501493275248,-0.11732621471262757,0.2610202224313666,427.92,588.0,0
-0.18655097100588122,-1.9290015076434397,-0.1516513506796982,0.7841441732480867,-0.5719804747663928,-0.4699374056132233,1.3978144789055236,-0.199830556142087,0.1119001461093656,-1.8644389546555629,-1.0528657473351952,2.189678641719767,1.6555134600525057,0.47287573357629464,-2.286848210523642,-1.3316706827909142,-1.3584794010183883,-1.3730938459925979,-0.38602264228919986,0.7807375043767332,-0.6319102914261411,-0.3104371299895464,-0.3072025176002432,0.9032306211273866,0.8932108930113205,0.16199916874898376,1.2784370224197095,-0.3828601115204734,362.16,590.0,1
1.746924637185638,-0.6060773761052967,-1.9681121813520805,-1.2629216102429297,-1.3517972778927883,-0.7401926362628996,1.128613674402964,-0.44912997550759676,-1.3549964853490122,-1.4561978480538071,-0.05752764369617823,1.5247414886393866,0.22104085403072404,0.9438814507827277,0.4018288072128814,-1.5264912063468214,0.6013563104009826,-1.139030712196612,-0.4167817884178211,-0.7226805379144481,-0.10360829420560745,-0.2486248745654407,-0.3806513124560578,-0.27587376532129876,0.2677200982785203,-0.2759394224963439,-0.17259837755227408,1.9921752285712453,419.8,592.0,0
1.03955935180465,-0.4984769756559134,0.10669044211287822,0.02841512684456848,0.0799569867657609,-0.020927936314680203,0.08719704827666332,-0.25177530416290167,-0.614545012554613,-0.3878498990080281,-1.7360079981512697,0.6950759827043788,0.48209615296038727,2.011599300525712,-1.1955195936626615,-0.40358397150289976,1.166986698025061,0.35889016101162935,1.6315374109636902,1.4762690791419384,-2.429911455075934,0.257370946111853,0.2626506046327416,-0.022824755855237834,-0.4344646897916499,1.5620868520754272,-0.02703217600793632,-3.136944410632009,247.42,594.0,0
-0.4425622623075762,2.0711748834759365,-1.117042660761549,1.2175361357889367,1.0424710589570811,-0.2558846253867874,0.18909954641104276,-0.06966258432715645,-0.5273258780273912,-0.6685370593613871,1.4206670341536325,-0.17349518105645428,-0.7720020403824981,0.5491799655492055,0.42645961812946986,-1.492010943090201,-0.6441938566976008,-1.6987983770722583,2.5501289817533888,-0.3627377254635111,-0.6767911728274771,-0.5001672442797757,-0.7541895590887058,-0.1830316598419254,1.235086322270831,0.09734038435132224,-1.3876023172277938,-1.1479928950040434,16.75,596.0,0
0.17460466418339188,-0.8325781313875258,-0.19081870533231263,2.6457015875833068,-1.005704736623427,-1.4461970802115134,-0.740266424139329,-1.7991719538158402,1.286104027802098,-1.1592984381428082,-0.9739649065096285,-1.3334302171464123,-1.6916548995665759,-0.054851098845519794,-0.7511679310897738,-1.8046922561664536,-0.3722155856095955,0.36566084157468925,-0.44198598554633667,0.5992814474733466,1.6985361077277807,0.8144947932506598,0.21585169560215436,0.8121941254537923,2.2271128895015346,-1.4412479824408535,0.6327189063189486,-0.9969521204229594,335.26,598.0,0
0.2417167940675182,-1.3220846721149107,0.7558977360557239,0.2799246906048287,1.4995023691641998,-0.27127301299702455,-0.3030963299981644,-0.29310429532581356,2.4611470037764063,0.6334967040864007,1.34467483919824,0.724356819307866,0.8819530415205193,-1.4751175158994818,-0.5598409695992324,-0.6213205465351812,0.05908311268305488,-0.10350071675863783,-1.6076754640090558,0.042940462571727823,-2.0124968517053516,0.7764709121313238,0.1039536101320018,1.2453579650170814,0.21284816860377934,-0.46239341676422757,-1.576234598508865,-0.39452150841011985,187.27,600.0,0
-0.7877111828791159,0.371550765476065,-0.42110233905458344,0.6049148882755169,1.353836045176802,-1.4140823972663514,-0.002607526534208225,-0.04774360166566425,0.3142250306759863,0.6866526570439871,1.5877553788292071,-1.109474414789992,-1.572089269131218,0.18851154866332848,0.44951073316322054,0.7203238906287432,-0.7610988183104346,-1.5778489055364946,1.2189684317314358,0.5124740178218848,-0.3786977576542616,-2.146139288355692,-0.669090185448861,0.6953888675191684,0.43479736198759744,-1.3783051734246818,0.619118512289438,-0.08819042526735152,201.21,602.0,0
1.2670727211726835,-0.6979340707639271,-0.6169791429369322,0.11509595403425692,-0.41765685580521184,-0.8734750906084915,1.841438781183466,1.4209617007378927,-0.959912251469677,0.22032237098567373,-1.5319613136395236,1.701231644378687,0.7601416821663518,1.0036579343720606,-0.25154294717554654,1.1746971322803266,1.1773511017291651,-0.16464869637180155,-1.1490039356655233,0.4352083629870141,-0.12652544129773519,1.8525503160996781,0.050632074949771864,0.10645441032767002,0.8069798661103341,0.0032756880341218895,0.6943560651639931,-0.5390307447194937,220.64,604.0,0
-1.1185602477813887,-0.9125686376583437,-0.33712492967259566,0.11862074846403547,0.4990372952691592,0.4556477299331832,0.010074066103018288,-1.0700935155433684,0.6988260716115383,-1.5013440544332204,-1.1675864402595446,0.045195679104027796,0.796452387101133,0.6273119010128547,-0.10033439213529119,0.4447505307814653,-1.065453972639344,-0.5617971331518308,-0.5466373028172856,-0.9748771628784919,-0.3592916208273389,-0.20882414499352817,-0.4622942418887698,-0.2567450232526448,-2.861492372713099,0.3856924471751819,-0.405614971709498,-0.4065598871811916,246.46,606.0,0
-1.3882860940476305,1.5510059369254308,1.598338716962151,-1.66855795436055,-0.2355302206890922,0.9277926338753527,-0.358534954980195,-0.6061359289224668,-0.6710855288048673,0.312704856882723,2.6153935650871283,0.82790102129821,-1.1085575059426975,-0.6288830423431773,-0.2677541700455621,-0.8591669743168427,-1.045684266598691,0.7499298364748307,-0.5029349657428671,0.3718148193471358,1.7824287181230196,-0.5243351702522092,0.27462597537716726,-1.0236227391320218,0.4155101650753717,1.3000444024812607,1.2484471347587451,0.04230600763223283,330.97,608.0,0
-0.5189644076203587,0.2368039336465641,0.05111150339758793,0.4611383849039776,-0.6344798110760931,-0.400167637831526,-0.2183040808561178,0.6664642412654597,0.7991794671717931,-0.4315624408679859,-1.1509841809238253,0.3626406255014241,0.7319148820194104,-0.1341509627431582,-0.7136091010375778,-0.47796979038926446,1.6393394021080343,0.22173029822546206,1.0133913454185057,-0.8030925990287531,1.2102455144177815,0.8946862185300575,-0.10241492109734197,0.6089398811182433,1.2939343070874951,-1.1080213621838009,-0.5257336444365239,0.5240339314778719,363.39,610.0,0
0.020248266364320252,0.4112890045259721,0.6881548579784978,0.49862230414300046,-0.2528356827323326,-0.1839532984364565,1.5553380342044725,0.08620235571155054,1.3553177858979188,1.4248246689247495,-0.7809488417325582,0.7355099127158099,-1.080211802723299,1.617166713161997,0.18855880342153764,0.14001691087531437,-0.8651243603243918,-0.6067908233792898,0.22618989855612748,0.0909920952337064,-0.38511676616149054,0.8783390455905801,-0.0024611965659689064,-1.0106636588805233,0.7203813157705953,-1.1592761814685033,-1.9234372407919207,0.09615678998629515,388.42,612.0,0
-1.0306866688314031,0.17811205284687712,0.8163581017742771,0.9845038055734302,0.4976481953162279,-1.3260632462335196,-0.7201520495874821,0.00541544988533119,0.015079672729396079,-0.9419095278652909,-0.4624327660811724,0.8103581250910127,0.5037437575766679,-0.30845361458586995,1.0296524108395197,-1.3265094937344741,0.822202382785332,0.68459375352188,0.7466923436470014,0.2964616412996486,-0.6532485207993931,0.5919918209184919,-0.41562117996792225,0.2052381537895957,-0.7278994386541173,-0.3448913920557536,-0.14324901630412007,0.39972390439894123,335.81,614.0,0
0.5671939728032305,1.6956994111960002,0.14812646694701967,-0.9477295779688234,0.7999656305060626,0.3376342694147298,-0.19037146608692862,-0.4004747393213593,-0.6182364245068216,-0.6514566862784513,-1.2204657493861502,0.9655099200936897,0.43479956102382417,0.09305747239490735,-0.6207493837187198,1.0893683761109318,-1.4206358980488523,-0.13099290482614936,0.9821463674254431,-1.9926284207722151,0.1760499055233748,-0.6601570524040813,0.12116109118186855,-0.3744506329652646,0.5936912896062224,1.232543786207963,2.5133263741906173,-0.11339984912217328,401.74,616.0,0
0.7379727520802429,0.34215406394860565,0.4160815193483018,1.4757999475823749,-0.6841933928473997,-0.35828499851475887,-0.17547365864998132,-0.984848643997843,-0.0014749348400341813,0.6579699230702358,0.8283619575238471,-0.1838257115710036,1.142035929103062,-2.0737825384000668,2.3253820566823906,0.5672566126252463,-0.4304355740914681,0.46210166145346804,-0.1527870003031863,-2.089217950327953,0.04690570674182431,0.9115069486070524,0.9637922543256028,0.25169779786596336,0.9577716312789476,0.43543992673092885,0.2225759228273703,-0.6889929312469696,61.08,618.0,0
-0.34721064987611777,-0.25636168489921035,0.28547846799415194,0.803153198499548,-0.6144271363134823,-1.3917608133862547,1.4397608419895318,-0.9686208812600632,0.49009500254394595,0.25318353678873656,-0.3443353258376048,0.6074578004205566,-1.2076297942436878,1.6307296654757086,2.6348778008515854,1.2309151282545694,-0.8100909335105829,-2.325687760186007,0.4773638739913284,-1.2933724352500597,-0.41315922614488004,1.5228219558256755,1.6236819828626834,1.7316657079744748,0.0984145255615101,0.8965997431875667,-1.991442724427748,-1.4991545298994322,418.41,620.0,0
-0.2881956063770135,0.8412967992969753,-0.42641228003462306,0.8026583881083518,-1.1535548314688453,0.10203141675331832,0.5498823703916162,0.7574045396634452,-0.45156066435789793,0.028662478824759155,-1.5407410179515901,-0.10508454426147494,1.0816791999919573,-0.26289073698394533,-0.7479325200118483,0.7814274487254262,2.2852086216609058,2.1732704275202788,0.26142261190077065,0.7705030976988632,1.638629559190881,0.24129669833042966,0.46131477944828,-0.32296751730691947,2.3679747918918186,0.718753662890496,-0.2672705771963545,-0.5753338188530707,193.65,622.0,0
-1.8572090102808716,-1.580520846189742,-0.7261495172901765,0.9283272869592268,0.32611322893978895,-1.2548029990409317,-0.9265175964836189,0.2816030374179576,1.673475849199591,-1.1019599039478043,0.4589368067618631,-0.44543193949312554,-0.41641850890448917,-1.1734284392760543,0.6264957650430847,-0.48628990383027526,-0.35152942789106273,0.9843282827270146,1.0365045175635086,-0.729818548277996,0.29693954520150534,0.9062665545652719,-0.18345185387836582,0.6704048633735574,-0.3185628040998852,-0.34616392898374865,-0.9321817541736991,1.711994414812759,264.39,624.0,0
-0.48435972594724036,-0.8011977047466614,-1.0453787830787904,0.08451589734695857,-1.0169504832530614,-0.7125500352019113,0.7989568430525581,0.44871641103484805,-1.3453163810344513,0.7248240013318908,0.03278817041999191,1.137161236058344,1.4179894827678983,-1.6086740580945242,0.7646303613197197,1.6348119241584238,0.20964899916102075,0.6882170523873422,0.22496984194556,0.9794247439285899,0.38349006429524835,-2.022372367030088,-0.12120206737492922,-0.1858122130445661,0.7137843046417697,1.1768463427649425,-0.22767014800089477,-1.2248761865388615,216.9,626.0,0
0.3062156797813505,-0.7759481827747975,-0.6060610349286599,2.3820918792357744,-0.6777255042453437,-1.5648747928615192,0.603573098208496,0.7070501619246817,0.8785874932293701,0.8398514591261005,0.14560636785208508,0.1561105317151694,0.9395598629228187,1.6085945138068396,-1.2607264800993632,-0.6082920459712207,0.6279324133919456,0.25488639900310345,-1.790567944364242,-0.5732675845681501,0.3026841857908549,0.012595445930277106,-0.3589419453062857,2.344068050981456,-0.024891358958867175,0.2310489986027734,0.1329648960426424,0.21166672894748637,237.86,628.0,0
0.03772645981954329,-2.0823657900540864,-0.9902048326557027,-0.3148573162398638,0.8127196611632896,-0.2992718001808317,-0.8313762282064611,0.9443229821221635,1.3510932562826954,-1.5327271237665299,0.09692685296363293,-2.6701685634617562,-0.311420081505743,1.8844342292213254,0.09194640335974344,-1.381078202718446,-1.3564525673180317,-0.9326360186605906,-0.6716762653279937,-1.8927802776914266,0.3292614178220528,0.5438706589780058,-0.3502078928894233,2.0457206451589927,-0.4294740601622848,1.202798452892992,-1.3877019486910944,0.29994536725017934,142.72,630.0,0
0.45005063750665686,-0.7105950928838916,0.1672222680732984,-0.7207640486883067,-0.3119152556325995,-0.2829080288472456,-1.4054227726535937,0.5228896384475755,0.5919831495241759,-0.3733556972208234,0.24203604044455257,-0.9197649488420314,-1.2523207956317581,-0.3999352742969727,0.6910204703232081,-0.07542883611159183,-0.4384916879174412,0.33565504959746034,-0.915865511735582,-1.2262597531785975,-0.35272222827955074,-0.8500508456830119,-1.189548326646359,0.9039450466669837,2.2030064627717048,-1.554612373150055,-0.41589374936411566,0.17446138875197603,84.98,632.0,1
-1.7206051319147262,-0.22275940221810825,-0.15010670952468677,0.4799609008596476,-0.7727314159637813,-0.5645164696500872,0.9714708022217614,0.419423622174608,0.7279736386582122,-1.754078551929242,-0.6683282980682599,1.516264702240452,-0.08394035019526828,-0.12572520854900385,-0.08225316407208333,1.5699943507399552,-0.7462121846533528,0.6714624841228019,0.26393805938753934,-1.3662093806010653,-0.2986134794743056,-0.833791063052777,-1.2732472888919533,1.1964131893104615,-1.2199526844168147,0.7493042260710482,-0.8616147313794714,1.3574135917772006,52.46,634.0,0
-0.41981289110946773,0.33565757487784836,-0.5662807651805836,-2.1670238381151967,-1.6675410666882504,-1.8980610545810734,0.25382446713401763,-0.0286623638702127,0.5946797671436573,-0.6791880471288191,-2.1712972988683354,1.3019194284480173,0.9899610547022,0.37390798546464543,1.1108746048730815,-0.10159116005261025,0.2651769532837814,-0.7036343690547946,-1.0706982827842255,-1.5766812718525267,-0.7527611073780103,2.6619712896660075,-1.5202733708175225,-0.9376605802485322,0.1130620290436339,2.3974557097241314,-1.0496882522707833,-0.6286299340144145,225.7,636.0,0
0.6715049425061154,0.6149401817100612,-0.6945215377981757,-0.8339814862600002,0.4479005340474861,-0.30381479790209515,0.2874923602288157,-0.16934280104169797,0.35133057442760135,0.45481529938647897,-1.94777510852466,-0.46301780208395865,0.3336975478346419,0.8105786903209016,-0.3319803697992904,-1.8445500712714027,1.2491158254143462,0.8556514808450733,0.10546568824044532,-0.4645127656638094,0.6003137915777077,-0.45495145259747405,0.8760099503916384,1.7967556413340773,-0.48762981801427163,0.780441598133552,-0.6551459748175437,1.0273562795509374,62.64,638.0,0
-0.2465257720042056,1.4478293321709832,-0.2776668406367784,-0.8977161994982428,-0.33434806578353604,-0.22306143849613452,0.23634670297566238,-0.3288710199507031,0.2454865578188467,0.26312140214120655,-0.42743798163386104,0.3284041596404213,-0.5862412622696921,1.9998140670142204,0.29912338933634164,0.6123248741988896,-0.19534380432962645,-0.7205962111994301,0.8360003915561117,0.3298863241197922,-2.613268539170018,1.9256486758740552,0.7378251234532532,-0.38106259083322747,0.6056324251047015,0.42164390821604425,0.49528381637637364,-0.8705308658406445,122.5,640.0,0
0.07115560888047104,0.30207289477240346,1.231909515564442,0.10260598237770323,0.43119337939797847,-0.9102737224880452,0.067281993058327,0.8670715831467409,-0.6841817270346449,-0.38809285028116286,-0.9639166656058964,-1.3554164456914757,-0.8607473232014942,0.5623221296376439,-0.2461095952676766,-0.8574295153597971,2.1790918428529467,-0.7017761465071254,0.6245745016663711,0.3329724670816286,0.24817955462068808,-1.8308771931221914,1.2701520617476976,0.31947988328125443,0.91896482846762,1.1386784291711995,1.7136702258447263,-0.9983513016135583,66.82,642.0,0
-0.7187683641710777,-0.5820225300390551,-0.8662862090543062,1.3216785342998996,-1.0031984649030776,-0.3792531559307416,-1.6314969558471268,0.7320360283332826,-0.1276374197924001,0.8833109095210803,0.7010012677189865,-1.6414416624295376,0.18492528664910426,-1.0907165845351372,0.14112835119675496,-0.586079406422383,1.8336086584279172,2.66342737747665,-0.2447809467246144,0.09895859416381907,-2.2850778624327512,-1.6442912861836747,0.3862012999416566,-0.0323658376118751,0.42128902179860234,-0.7980266400444779,0.3026639779583603,-2.5294996279744737,54.57,644.0,0
-0.6092185896490773,0.4665609682473153,1.696567616084033,-0.11697625665107049,0.5898278659346153,-0.6693659876297058,0.4435864422649429,-0.4939114711368801,1.9547010492077983,-0.3288681583662116,-0.1698486254258538,0.7741547577058463,0.502445494503549,-0.3654341171290954,0.40982533293607715,-1.0547781737618227,0.22632253760682547,0.5492750256382672,-0.42267314608826023,-0.3699208986161645,-0.629511990687511,-1.4358789074934766,0.41520972600426465,-0.47519745016649767,0.5564382193601043,-0.18242013076512792,0.6147957070118424,-1.7135813252489926,441.23,646.0,0
-1.1460393226991565,-0.8419033956190338,1.197054118681339,0.4031148888171256,-0.2635113789583712,-0.4775944831402655,0.5961018368096053,-0.5891401185619713,0.735600914993544,-0.21435171131020575,1.293024128649307,-0.9446307378795032,-0.12797437959290053,-0.9189390961638423,1.6282021692920394,0.020857893815323617,-1.0073474271649419,-0.9021061753449181,0.5140499192485014,-1.8185063196736564,-0.17822038900033782,-0.8524290497425536,-0.159644560285088,0.10124609882397545,-0.09844826603506647,-0.266151398064946,0.16558258510285326,1.7499039722916574,337.02,648.0,1
1.2738860268209375,-0.33771692241797513,0.7250162033791778,0.6760116307671696,-0.3790697055835647,-0.03176842560327862,0.5375160916165936,-0.7303412341746409,-0.2405964387800553,-0.19768049272527757,-0.2696799617245212,-0.3090340257045948,0.44218362140268774,0.0264897512785753,0.639336604243423,2.5201276100204684,-0.5350276162281908,0.21768830418491805,0.508581034300786,1.0919364813701427,0.4344550903814384,-1.0928507688753866,-0.6624178425095217,0.14645595366795083,-0.6908587718374298,-1.4764288614680332,-0.8063846437407116,-0.800962950216049,461.88,650.0,0
-1.0093705181793275,2.5267520608027696,0.31529543091419027,0.1155688901776504,0.9195058920443906,1.7982892076316828,0.3866711352880274,1.0175517381656227,-0.5020194919384566,-0.9063081375046709,0.9091831241939782,0.8900289869564233,0.7962043972851799,0.12558478076483373,-0.7795403767068922,-0.4805577103119896,1.1550716739105562,-0.5908627985300903,0.18625267536176382,-0.7708951424947356,-0.1911800123163486,-1.0805427683977045,-0.0746016820098755,-0.47753768863612,-1.7065485660369928,0.6548291712392367,0.6093147923247488,0.05613090661314557,322.01,652.0,0
-1.1241634203723503,-1.110337928636503,2.330574293529829,-2.622082364020122,-1.090626997511806,2.1495897580445225,2.4626211388522576,1.699137121500932,0.5318482973311149,-0.6364159295539596,-1.6826419140052986,0.40614995209292865,-0.7630511295564708,1.4516222443932378,-1.8534947573739193,0.20042532698899473,0.9287444765775053,1.0126611287001142,0.8336295930404195,0.34046125697959334,0.1277203737393797,0.9079752556195861,0.3406136636314475,0.3728324058353562,0.034376479661232355,-0.385104031362601,-1.3499388828153,-1.177417467431318,421.98,654.0,1
-0.3832032348378386,-0.12050293050626147,-0.9676894007946114,-1.0424022693460844,-0.36460827189775435,0.9020582467927044,-2.1201221962915757,-0.9383292040367494,0.16159531873172508,1.2866918497836153,2.1608310283151573,-0.34218235794787677,-0.3567710635379099,-0.13769620869729418,0.2271104955242303,-0.044900129443378484,0.11655528628372504,-1.3363569232706896,-1.661991701458333,0.7153102000563938,-0.1927815004750799,0.8335102732845814,0.22377597714348113,-1.4330452211028035,1.5532230628760877,0.03135750846084837,-0.7472476920081546,-0.5342008171023503,277.65,656.0,0
-1.2113475751141947,0.33270919992328607,-0.11118506855110653,2.018619052818852,0.5199379551695549,1.9580374127941693,-0.9612585424295467,-0.33080770497722684,0.8901134004564039,0.58890947059568,-0.01562835735053659,-1.0764787463713237,-2.1782751123740387,-0.219931703801438,-0.17722746137125261,0.1280477986005914,-1.4456137659036266,-0.8792857988646468,0.39185605379110267,0.5850399554381209,0.20095995033433628,-0.3465548738231512,-1.1870644006210531,0.9538914937658454,0.7269748308383102,-0.5741430711865415,0.8332179780388409,-0.06907812161754956,231.32,658.0,0
-0.6823225679131681,0.9267266314616388,0.10016725988550873,-0.42810614827327015,-1.2823115218791679,-1.1897144758842757,0.847007736161814,0.45291359112637125,-1.1696431961339824,-1.1886150819954584,2.102534046543602,0.46462520567805127,1.2095423196112614,1.4922548531754147,-0.9281705524190459,1.742758933994926,-1.077818365150872,0.7292004463288748,-0.11598020849064865,0.7234916739393975,-0.2107078477391596,0.5490226345384278,1.3619008006496283,1.1196516753018575,-0.06190446743534821,-0.9535711835379523,-0.29755294446159586,0.4441705088041939,264.24,660.0,0
0.6520012688077619,1.0700197647838483,-0.7310568910186132,-0.9323426320519749,-1.019781001219442,-0.19705994935018686,0.21421930914327358,0.3699573851862049,-1.4143771256158877,-0.9533639169279947,-0.702554941805118,1.7576034920447288,-0.3810961427315063,-1.4767344361881212,0.38148699015984416,-0.10862066595157159,-1.1749092011886322,-0.4736478640216613,-0.3413812361469086,-0.12313101980007204,0.9299709937279163,0.5605248502021203,0.12503287162949525,0.9861087070812502,-0.40980655460192256,-0.7251306674374006,0.30873894736952723,0.23154026068825603,160.12,662.0,0
-1.4759073321126503,1.493234362828489,-1.018747800614178,0.5294719880893956,0.5527616773544124,-3.086599429573205,0.22721890242723403,1.6374145193657115,-0.7101282208352935,-1.8978721559381528,-0.11718523125540499,0.4660512488705463,-0.08723364216043743,-0.9503302900090438,-1.030286402586011,-1.6221655692081127,-1.87495239887418,-0.3430535277996466,0.4240313681330403,0.15916079508344347,0.250890916588367,0.6318281177697106,1.3082259801922773,0.027641178841592656,0.344741592375737,0.3513986355672933,0.14730940497980527,0.019233929501398742,328.99,664.0,0
0.10031352136342774,1.561521305446578,1.4324564876142998,-1.7071177241521869,0.21861750688099985,0.006995946522723209,1.2601723245399261,-0.03578711264144432,0.2514907169778014,-0.6499210911969255,0.8134374118694294,-1.243917019818718,-0.3053494215712074,-1.0542252860029182,-0.3009114908046337,-0.5489557791513199,0.8369074694646996,-0.21891535118023187,1.4918187333802848,-0.2409202851327593,-1.0827625140531425,-0.24270501571204475,0.47682023217888936,1.6865499974459892,-0.6448363475484499,1.658699157230904,-0.18991844419963433,-0.4452045068770011,448.59,666.0,0
0.775661124366797,1.4233577948048737,0.5571241472949836,-1.4149067580901682,0.3330356842619805,2.1746639881141374,-2.277730781392013,0.3734189047945258,-0.2845648103676135,-0.9358388726584004,1.033386155138722,-1.7377935249071006,-0.35020854762294573,1.001127553106606,0.8868035811164898,0.596458872997418,0.17277775251935149,-0.1239957766522099,-0.4702011785812433,-0.9713187038461012,0.813259566870962,0.210961446276991,0.8429260994767767,-0.7812822942292265,-0.8030730869573168,0.49661970491569296,-2.2774753487674193,-2.5288237685820802,391.18,668.0,0
1.0131470540263445,-0.7071878870177232,0.19303807467498793,0.3796486927813548,1.035130863583862,-0.43996535413558185,-0.3853068217803346,-0.6154045012148928,0.6211013877422087,0.6654944754208969,1.2782369230719093,-1.2465015731030542,2.2337624750976253,-0.31244642664601463,-0.048357308325206606,0.16342741123551757,-0.9107877831597694,-0.4116193335285746,1.4606014677494614,1.4761902785396457,0.20511006877679996,1.0437870512435294,0.4108458261054168,-0.05715057866706893,-0.7537590437461072,-0.8614551576732709,-0.7576889855965283,1.6148571698681955,231.01,670.0,1
0.8732375673576148,1.4409789709239444,0.3996792123555951,-0.8804963820590815,0.6033212758503939,1.2697413215455915,0.6397514541084545,-1.3167905589182725,-1.4742428098305056,0.636395166671675,-0.3125197998416433,0.31238894145166435,-0.7234942097249266,0.126739621652954,-1.1002837666026692,0.24712239910551378,0.7283442253308534,0.7837448085542613,-1.306686325580648,0.4689520021160221,-0.5875876043775701,1.5269913952575875,0.9560891265239637,0.025856046873095576,2.182027162680672,-0.7276950758041222,-0.05698723011530513,0.5413265533348857,476.96,672.0,0
2.034487048286592,1.46361039349854,0.8017401735048968,-0.8774276138492408,-0.8788883367739376,0.6953860316736591,-1.252471496982334,0.3203654398324478,0.8042276995382526,-1.4777113193173255,0.647858928187403,0.8958822805372862,-0.3632811114292332,-0.15666313498454684,-1.7876353632717714,-0.10965639801656646,-1.5256288845756893,-0.6899549957917771,-0.4022468662659743,-1.1558475876050132,-1.2469866960769342,-1.1978791783970268,1.2207121452171483,-0.07004742096099462,1.2663378568988877,-0.4048560899214812,-0.3833881629216451,-0.42354974855248717,492.71,674.0,0
-2.981931912843475,0.5065494350018731,-0.1069275949097605,0.05140404858978893,-2.091080424586875,-0.02863038246092316,-0.4385517831533628,0.12562231065503995,-0.07592841889791822,-0.4853943910939197,0.5631135271793231,1.0246964041062316,-0.40779688820300053,-1.4483559282207301,-1.3825384392335016,0.4228251387263031,1.2958131758632485,-1.81359852946401,-1.0178629415132463,-0.3325020095185175,-2.0402294990853953,-0.09666282176479102,0.36312079833503397,0.4797983239969704,-0.3997855122590411,-0.3564660026003816,-1.0212675273113634,-1.7712722157194032,246.56,676.0,0
-0.187508572530489,0.40834463074401994,0.01601849881294309,1.1090298945301094,0.3453871808907797,0.6595048293558887,0.16770336697494134,1.8591597201241183,-0.4898247996658459,0.678771156653448,0.2478033480143214,0.7380177508173981,0.33350804675597356,-0.04239216624396913,0.3782242786665296,0.5033527484822561,0.6336252779231422,1.4632864308439144,0.1936858467348401,-1.097374581893,0.164590820459079,-0.4449190136199922,-0.47231737602350155,-0.32141996860288025,-0.9027291014805773,-2.3994077443947788,1.4752028384037121,-0.4885262810286941,432.32,678.0,0
-1.714465064585784,0.17880707398562976,0.615640716846235,-0.17806425011790378,-1.2886117943651316,-1.4156140435920086,2.2816109693836917,-1.4103695772416978,-1.6290008878591067,-0.3087620777110572,0.8218481214131507,1.6584973401983896,-0.2132984329468329,-0.22710423633347135,-1.283965983431107,1.088251482925047,-0.06972136013830216,-0.03704953080571096,0.4334389957704097,0.30183599049436005,-0.14028146638495378,1.3209795834699365,-1.6036871455773145,0.21129385287513572,0.4071692814353072,-0.4123932388810284,0.616449697472372,0.663088697981206,2.4,680.0,0
1.1098143652301662,-0.11155967713193052,-0.2171487993537415,0.5391944816425036,-0.19748323366261558,-1.521343952463862,0.8624233722184433,-1.8342851809038816,0.4016769289034601,2.5384934590617316,0.5332147536440942,-0.6941060813003287,-0.4513641732551218,0.37062376612547643,-0.021371760265953832,0.7562525293212908,1.4500836507245265,1.3144120899610041,-1.1558147055852253,0.015998770129692495,0.4928016369224837,1.5169432051679046,0.3591744686594917,-0.683700286786795,0.4350427349344682,1.819285400934305,-0.25240147201900065,-0.7013362526103881,33.34,682.0,0
-0.032471570317534316,-0.6508753647002049,0.8269884095111322,-0.6435927021155332,1.2925329656927895,0.4952862938893609,0.6969977639624532,0.6893376567344686,0.8518696335748305,-0.30937288875219576,-0.9780663415107361,-0.47615875290526694,0.926353772343013,-1.7664810441524614,-1.999600580946853,0.2245662750072452,0.8442420101059572,0.9799906627978336,-0.950796662694265,-1.179561927312526,-0.686120624774672,-0.3927986858967947,-0.33530084112344666,0.1211780256124466,1.4056251205951453,-0.06072590543883411,0.9376498261971018,0.6546606760964981,11.2,684.0,0
-0.7102471846665601,0.6430946388552329,0.5743903651572851,-0.0005501575001457516,0.17383217841803444,-0.05781031963539261,-1.0920282333363716,2.3656757112713724,1.055501912232549,0.5272091659284216,-0.4052486452844039,-0.0917939946029801,-1.171534325220229,0.46993888005285933,0.3361840591660927,-0.20655692255874594,0.0299154251312936,-0.29852291580618057,-0.4941339084556419,-0.7763873718934176,-1.0208174673103139,-0.7019037915241338,-0.6251287227931619,1.0891994270432261,-0.6186419820295285,-2.034113427279829,0.29169201739009776,0.6236086175333879,386.58,686.0,0
0.9687656021478318,0.16616418288734353,-1.140108860190293,-0.7989296253475275,0.6001641384599478,1.4590397800956165,-1.1428933344430572,0.21191779371540573,-0.5549404347094733,-0.8240700879449715,0.03499680600868956,-0.1336472016022378,-2.0246345541297863,0.20159229478072463,0.3280957083751954,0.7473217372170272,-0.5727054506520985,-1.5878325140338636,-0.42130956973292716,0.7059261627729202,-0.07586581998480449,0.8493073861824338,-1.3009032262966083,0.8120973097323819,0.24904529661064945,-0.3549017797165934,1.0703530383429638,0.24002417488554262,39.9,688.0,0
-0.9842067396626566,0.98187403575368,-0.2417141208058964,0.036946450139260366,-0.863293567997671,-0.05167765770199687,-0.9460618162604004,-0.17219379531263704,0.030679672515430464,0.6057741076717745,-1.4066090020032442,1.0029985169091375,1.0343022395204333,-0.1889890225397152,0.1290550439787666,0.30652404332119465,0.08336933929744557,0.603429387683258,-0.38723951091304476,-0.7601284132174722,0.42816803438433704,-1.5258412842082374,0.619044514270962,0.7225830981924504,-0.7822925716786785,1.4220867046552985,-0.3511587878839314,-0.43724079067453575,8.54,690.0,0
-0.653521249978164,0.4481042354580357,-0.39136131532324286,-1.43713392321198,0.34161893900388557,-0.2912919371848014,1.0859261096862478,0.30876727423906997,0.26615482051443407,1.0145070289194755,0.16001548182624548,0.7821985676979669,-0.6498471343425514,1.6460389914092888,0.27543162250337894,-1.2017323197401044,0.137856462269788,0.1866661192452665,0.12479556749588941,-2.299875951613208,-0.5480834427226999,-1.382850781231949,-1.3683564570296538,0.16641897275349343,-0.5608402182935573,-0.36373858126993985,-0.8949377622103658,1.379311944779667,73.72,692.0,1
0.03988109710291,-1.5231929924175958,0.6440482164216553,-0.342522737317049,1.1936590613560911,-0.008113170220361435,-0.695902240914546,-0.542046466002575,-0.4023828466777919,0.48975622636257904,-0.7851006498745031,1.2436806593486955,0.368569696631492,0.22440212039294302,0.07304581748623219,-0.020101641494063193,-1.2695243950847461,0.29253339556554475,1.9257349101260617,0.6918214101400879,0.438455878592935,-1.5349662629420144,1.0861347767459903,0.8025021246580216,1.1674277708648262,-0.9038567193757395,-0.39986750245722746,-1.485769405593918,153.15,694.0,0
-1.5700590921244675,-0.5769182668360738,0.46776537431693677,-0.41641930253145876,-0.6691471912654071,0.33943617604086196,-3.2421558673630466,-0.5424135706101073,0.33829902570981984,-0.4034274397658899,1.2992046795392744,-0.6612936987993531,-0.5921540913555573,-0.986047670343665,-0.7576978897437591,0.2770112029940243,0.808106279957503,2.154917869031592,0.5774160915866582,-1.1778403199569585,1.2416511069935434,0.48713974487993383,0.02869336013724675,1.0673085671082194,2.367954058457647,-0.18899124366897713,-0.8329684675202987,1.3274299567492625,232.36,696.0,0
2.6563122517896995,0.14488466739709802,0.03091209665132714,0.1721173467308294,0.4493300328565434,-1.4084721659496007,0.3058979758773681,0.2734562657964454,0.21592915101897484,0.16700477422757068,0.09627737439952937,-2.1013154489940895,-0.7210440066195074,0.8558583822423285,1.0904489007910048,-0.4228642271668908,-0.9565246721319457,0.7169654772313899,0.27283556084407146,-0.12206953248426315,0.8618538601042209,-1.1787246365307302,1.1609596147382313,-1.5020314097298904,-0.8252311848115453,-1.040896147722047,-0.5824565446669256,0.30607963653084835,32.71,698.0,0
0.6784238811362941,-0.08154412039476207,-1.2776120180371577,-2.000490862575225,0.8463721472327861,0.7225848110332054,1.0708737725242643,-0.1324491871898536,0.6681551198104069,-0.6395457603471847,0.48059277239281584,-0.4796779411630805,-0.8142524560805686,0.2319972259039866,0.1797701936002887,0.9116114630027728,-1.2845652339710558,0.9271150585058052,0.12989217029308803,1.0679592267360083,1.0576353199916007,-2.4335392731199232,1.048633150409139,1.093069259916797,-1.2583140349801385,-1.56187943612236,0.774723944975595,0.11361123772494724,249.5,700.0,1
-0.6424189523807193,1.43878298974325,0.3025404840546674,-2.0859207078678135,-1.0175857811291997,1.0423377349026393,0.03579991778963857,-0.719733532992139,0.45248522226196325,-0.6077019186342345,-1.2470980333303519,1.0167112225060029,1.1675312151814792,0.4811350531688068,-1.5346028328508856,1.8501756389447137,1.8160378663629906,1.2730459843177364,0.30375231014738935,0.0910743838682278,0.4372854895748453,-1.1415963068770634,-0.5449862566274507,-0.5862551027686633,0.6071689681950555,0.24706605445743537,-0.9582872030111943,-1.5925993936440688,124.04,702.0,0
0.3556218548604471,-1.0632148487652016,-1.2552322034577534,2.09647620554557,2.3096836560642307,-0.449041941519135,-1.8234194275558302,1.2108581094640385,0.33610160251086807,0.7700170441952867,-0.6347534913617617,-1.0382979918702353,-0.2394302409617225,0.174288614111836,-0.7314490676476954,1.2966500954550495,-1.7374077405882302,0.4092583533774868,0.1262627314870601,1.2188208522739332,-0.9592735226096961,0.7058290183247603,0.4771058285851509,0.24413977086617897,-0.8865667335079174,-0.7731141368835966,-0.29631200652147316,-0.5026589806941771,137.19,704.0,0
1.2601125467527872,0.13555776903992728,0.7947600584836534,-1.4511668062991991,-1.8419714566490104,-0.17781278489735028,-1.2782423025791885,0.039879265646784824,-0.8431051007320463,0.30618563210546784,-0.7828377291793682,0.56105300351862,-0.8809998133308876,-1.8643029829619684,0.8527030131278297,-0.7687283725103234,1.372503335513084,-0.6415044164751993,-0.8226589407711244,-0.28402581052113784,-0.5603856547100459,0.1261681344270026,0.40259200137482876,0.5542796420387394,-0.08572700786977829,-1.5007614857675047,1.7234394807750903,-0.369321082367381,410.95,706.0,1
-0.4214829596905875,-0.08887916371822298,-0.2613110647580892,-1.7490528632651172,0.5749651951682917,-0.8204214846909168,-0.3238180125248743,1.7593395350618295,0.9444875818473635,1.6121983174082761,-0.6770127186374348,0.7300360134867561,0.4032625026706798,-0.05462333372487333,-0.7505968622627588,1.084604361456635,-0.514113023143628,0.1362829760539378,0.9131134687879375,-0.9767272759811211,-1.0886348058496282,2.516105437206149,-0.8600612478578453,1.61673536648319,-0.05300334370286682,-0.42587537343176873,-0.326648159141735,-0.06221690213559999,493.46,708.0,0
1.3379130925763902,0.7561007371873283,-0.2116142116172769,-1.8658288790841235,0.020617985172410515,0.13283594287549236,1.2585168675096168,-1.4701262428519872,-0.49351362904295953,-0.5250693223141331,-0.05587875448938387,0.09104397069860187,0.4384093855392614,-1.8948592525047605,0.1729778135199101,0.24565012711433387,0.07515122620801946,-0.1776162077733514,-3.4198151794120912,0.568144572673465,-0.973205105780594,0.61371049292461,1.250144816780119,-1.6761031539125755,0.5832592609665296,-1.2355700133092584,-0.0423974082996932,-0.12594516588326438,231.94,710.0,0
0.7564180506704044,0.6079211510966442,0.26211628876984,-1.6433578208313862,-2.514811962822236,0.9122823150627031,0.7464682938861142,-0.9974803442390245,0.3473457226196433,-0.2092718358647221,1.0864916776796774,0.0835849562167936,0.9003902332592068,-0.6135656119478741,0.2850235186496772,-0.41267782211685394,-0.618457526851712,-2.329869943061504,0.9234803567323722,1.7496936133772965,-1.38799494037741,0.6935954081299573,0.6519190952741641,-0.5145985429315793,-0.7374851100948367,1.180504575455278,1.0751108245887713,0.4514899133124556,160.89,712.0,1
-0.5199694915295064,1.0894554122707822,-0.8365849938711457,1.4206371277798835,1.6322072224592286,1.1814800655839877,0.34280817235328537,-2.547392336707459,-0.18478076568548077,1.7648800321706606,0.9370564675946099,0.43531404018005215,-0.6808449563592769,1.0244058992683929,-1.5729675849054419,-0.1708359443402795,1.7398795546634496,-0.8043702648099079,0.6091893313348757,-1.7571240201654452,-0.6522025030919919,0.17946281863394767,0.3536200354695426,2.0674448838346406,-0.5040508223144402,0.5944363424228408,0.5663826480430008,-0.5888493204840903,465.72,714.0,0
0.9559468750943604,0.6681722881789726,-0.2734753280281471,0.19470243253995603,-0.9595721873504685,-0.8855872712432865,-0.021557033733795188,0.7474742120321414,-0.3335098292083788,-0.616457458131245,-0.23072154127321762,0.8286168989062523,-1.3518351310403771,0.8613490221249572,0.5119751703567301,-1.3565752121392936,-0.23527117476812742,0.6360716645231381,-1.9104499839817166,-1.0353218517000293,-1.522912138477295,-0.5779809528042389,1.0377318993405618,0.7982644946309067,-0.5054074061747799,1.0289409575280921,0.6634014686665507,1.2751291979471782,250.23,716.0,0
-0.08854590434314269,0.5390770974662611,3.371820814416769,-0.3095734261672591,-0.06498204514711925,-0.15890210961200754,-0.0905035485574362,0.5581028131410657,0.05810866174898475,-1.3648495592478604,0.01804887124555878,-0.5263095237469796,-1.7285188259593554,1.1450322319451225,-0.531864690022896,0.3833664695487205,-3.1539900554317044,0.49892201520014634,-0.3134137511771256,-1.5548481309503241,-0.5519192795326325,-0.6863261984235279,0.750675394627651,0.09042684401375328,-1.5224892349115635,0.43850386948184117,-2.0707423647289245,-1.1250735552412374,365.18,718.0,0
0.014652047124392829,-0.6242980697453806,1.1917115359729493,0.16932259486106138,0.6259589382482353,0.6667394348309131,-0.4431330606024984,-1.065420525284532,-0.04994622134581302,0.8672231756932612,-0.2327672880924338,0.5909538270548881,-0.02724404534303813,-1.5531539996829093,-1.4680854195700408,1.5624734954008384,-1.167525128905808,-0.637592371107627,0.9175870479419331,-1.1925445137535988,-0.683512710005518,-0.21164683075200988,-0.3422989289251469,-0.9705237013863153,-0.19351770918837627,0.6790850247906477,-0.1229024543814012,-0.6584681223187635,206.88,720.0,1
0.9460976488784196,1.7064585927974845,0.9551408869675735,-1.1232683524191929,-1.0967268500851892,0.4369964782401853,0.17104592992903947,-1.2247763289949907,0.2864339383260906,0.09886895100129947,1.4779184491864328,-0.43549668709222433,1.3866024558025023,1.43041749840225,-0.6730019204499683,0.35403562721038834,-0.21145670935525013,-0.25241504518908564,0.24624197166991868,-0.7899330738623771,-1.5952928806215314,-0.531949975672492,1.180880574847881,-0.20331226166506017,-0.0232439850351388,0.7926494697480059,-1.5971636944482135,0.4391075038239992,101.28,722.0,0
1.6698534986081923,0.09153101655331092,-1.9229789260053816,-0.07639113769770904,0.6102171488779777,0.11207453165783958,0.2724524468575951,0.3926096281078132,-0.9322430724928223,-0.80725360562276,-0.3696436503451275,0.3926733134779763,-1.1890832584644864,2.056337344431889,-2.42340957442348,-1.7067247877874245,0.5536723005716733,0.4675485724730876,-0.07237193737235113,0.6761992971803796,0.5677019405685867,8.022978599526092e-05,0.2682366952504248,-3.1407735599866893,-0.13316695411234253,-0.04769319112503722,1.9128295761150174,-0.8256763881691843,327.45,724.0,0
-0.03586544686783971,1.4236343562991731,0.5601127440441658,0.025164916359227175,0.9623208584650491,-0.7927228975130391,1.7253085998267699,0.6424954589795935,-1.625963763662908,-0.6052101814642414,-2.157532863468718,0.795771392366951,0.5635093291886106,-0.4602756416482977,1.2003570920876714,-0.08352836599105272,2.6233853457949308,-1.1994353470417967,0.6416899726358426,-0.3974018176035194,-0.6770410173246515,-0.1730638331681045,0.3670021832464647,0.05829931764939003,0.6776827784191496,0.6069760923806689,1.451424324259031,-1.2012156441390893,332.42,726.0,0
-1.5573299962417084,-0.06776601216229733,-0.79360423322339,0.873942280471957,-1.0678270722779155,-0.549626853486005,-0.3323459259382978,1.7655300787106725,2.107631328702607,-1.141402351462523,-2.195717806608188,-0.573979793443263,-0.03693124772504401,-0.04152072329162385,-0.08420500844257142,0.8159064848693854,-0.4028050545302251,0.21334992751313195,0.6446812252849542,0.2194179998769135,0.6757075185084804,-1.7079270284792893,0.11448615840724041,0.2297939415545565,-0.16558750147603638,-0.597655628930756,0.46118452594414405,0.12294303138723488,230.1,728.0,1
-0.05259289099484313,-0.3283908375271743,-0.28924121187421803,-0.7653838591208133,-0.4756027518326039,-0.9392622443918538,-0.3871829586041472,0.364316422589904,0.8197274852317957,-0.05120632400216356,-0.0788588565444915,0.14395129287704847,0.9833532298260631,-0.22499792831121918,0.4629199234278211,0.37057687156225677,-0.6235655246580118,0.706689907122386,-2.0721743729263586,1.0617385112074798,-1.1941166900196596,-0.13902812071358622,0.828972440773889,-0.4270231939559154,0.234172051389464,0.8451607989061887,1.848219810800579,-0.01504648858528787,134.98,730.0,0
0.17979195529408185,0.04046299362322666,-0.2212630917677055,-1.3457274776092742,-1.1208129968827611,-0.01428106081285749,0.3410919266899494,1.2614264627281928,-0.2097224725953284,1.5286713849534401,-1.2045077112762332,0.2101539986006649,-0.2672132693699203,-1.3125350107252374,-1.6930865775325799,-0.4346760545813742,-0.3598022147317826,-0.8881512949211118,0.7616393736388155,-0.4056916336563577,-0.9866739735899551,-0.23603539546166377,-0.6312703844998239,1.6469743826292353,-0.31525036312285104,-0.9177380816455876,1.645106955518394,0.7250373259923628,415.91,732.0,0
0.10630716221332434,-0.796273028794336,0.7665376787459598,-1.463415730370166,0.6932723798411258,0.2501230629059395,0.9900599338124456,-2.360447499755531,-0.9206162943713541,-0.9997280721977334,-1.1179293821354195,0.42501731811355103,-0.2952918101073757,-0.8713276762958163,-1.1030467902546464,-0.961171444867649,0.8657851120123764,-0.0666920205051646,0.8313713376953483,2.664673659972791,-0.01785977980955919,-1.4170247360939623,-0.13702941546552538,1.879090760245002,1.0867426225094818,-0.6460332201526673,-0.3040363925392352,0.7750141057814985,137.67,734.0,1
0.4795657239637626,0.7856753837514879,-0.23904274338182402,0.38859895042501763,-0.3052609943515658,1.3934315288911552,-1.5262946497036378,-1.523211169137652,-0.7146485164153702,-0.6783690700887091,-1.5265358466447474,-1.706548592558585,1.0685019867776278,-0.16700138035515225,-0.24266907490384526,0.056296695773004786,1.598149104031678,0.1163013350544668,-0.11124021093982499,-0.6375916002291822,0.5989630479210291,-0.06436564950264752,1.6521185324905072,-0.16075609590843024,1.0076489953713093,-0.7110663326125033,-0.7208424315930609,-1.826794002391604,329.52,736.0,0
0.7944686194799044,-0.03823194693493947,0.6395629308544326,1.6961768885567978,-0.8466680512192789,-0.9979664096429217,-0.7871305926089547,-2.1034913629228926,-0.19321000094841478,0.8841996169144264,0.04903711378095517,-1.5709135756469907,-0.3568846497386689,0.12517092815182956,0.9625110519711575,0.7964685529623833,-0.3454803392981044,-0.347247843178556,0.5941306409145011,-0.5933028911222583,0.8553643716600552,-0.65899576099334,1.551137608317391,0.23527255560608137,-1.9596457271507892,0.6404398818849474,0.25484092211145876,0.48615364534605005,192.0,738.0,0
2.2518899535803305,-0.26127649065077657,-1.5524674501436255,1.2675376626633907,-1.7795618456676385,-0.7463986234337591,0.042095362270233215,-0.8987498792481037,-0.06377445742047799,-0.1357994307138207,1.5358211969270616,-2.4217357782550697,0.08735406861591012,-0.9207399664417354,-0.5625175292823957,0.6800926895001099,0.5180192559756224,0.3428155766330056,-1.257791382344846,1.1861823494719967,-0.875750731227603,1.386390121317703,-0.6494110233293583,1.0308318315781748,0.10173335480746218,-1.6740350047575745,-0.3554976481263554,1.7023432306833235,236.25,740.0,0
0.8234529529662017,-0.43509409440551916,1.3036571644017645,0.28188005830670254,1.6428157967900199,-0.07921955383571452,-0.2918493717963902,0.9881688897330232,0.25199951016018773,0.557519072253115,-0.8625909623402042,1.171204269464791,0.9822874835973225,1.3515520508614631,-1.3597707905884227,-1.1627216669056828,-0.7468695742367337,-0.23934351348120195,-1.3329487248430354,0.6372816023521565,-0.4382827221244085,1.2559707377468838,2.098915479468282,-0.5940515145632466,-0.7672945902494644,0.7472805557478597,0.0969751850684755,0.3696730495305791,105.71,742.0,1
1.3293945867479948,-0.27168034466935215,-1.0657438481041326,-1.2304722425129238,-0.17732497377395887,-0.3518629008953549,0.8648831199424332,1.392481468870347,1.3885468410997577,-0.7010815266441834,-0.8032422385571238,-1.8134315581735454,0.0030267927654607303,0.8847229011577468,-0.7066751788797128,-1.4801492398395928,1.8858287636997786,-0.7051568730531622,-0.11235920126738266,-0.46642954175766177,-1.3334104694862574,0.9018810014613629,-1.748961085289554,1.1243535401516433,0.26804946584558115,-0.26868682417359124,-0.25196966554679046,0.4542735002473081,324.74,744.0,0
-0.6428214143192982,0.1767533819900911,-0.8881626463743476,-2.151020018537055,0.616990015045559,2.437166278758976,0.5660560248227133,-0.04742218062696521,-0.39660536361715565,-0.36526183841896853,-0.39668578872849924,0.1989909121521338,-2.3863791309548956,-2.5602168076606837,0.4511950852769127,-0.19913319372186225,-0.9857595153269627,-1.0132437895523776,-0.557709314024409,-0.41834663823770396,1.423345073582913,-1.070054322405342,0.7639499073071464,0.5902652548027322,-0.20943103172599029,0.764985041763972,0.4416713240960504,-1.2561766378888817,112.92,746.0,0
-0.5933319044440685,0.38777274221761915,-0.5979934563046999,0.6107468718442357,1.1625256409049967,-0.02714119699010209,-0.6058724027502305,-0.719622551185968,-0.36432438102060405,-0.4342252327855724,0.8640274079795606,-0.5864713428813044,-0.17575796988660122,0.77970857598932,-0.3299870208156141,-0.44420937407590716,0.871335184248718,1.1600055013328892,0.03836929706751542,1.6607008791232887,0.16575261185236814,0.876333562288382,1.9550077258971714,-0.6286682396666952,-0.5213256785818927,0.7994169002374837,-0.1605852789587953,-0.9409317501432217,242.86,748.0,1
-0.34917530188945395,-1.4147640150617324,0.024618194075417005,0.16309198246879902,1.0849380426391653,1.1804985618607264,-0.3172356502126091,2.1075931367856735,-1.0738631778357464,-1.4000619711077744,-1.2421519690415188,-1.1712810206115074,0.7580767319598234,1.6821607462836679,1.7232405165058848,-1.884598317325816,0.8568218514437068,1.527066691224689,0.9979359437029085,-0.6333693909065526,0.16840091945835717,-0.9515137518698867,0.7474263200640439,-1.4635902602047355,0.6853814391591604,-0.7100744989482588,0.3632047345275736,-0.25348895535359495,164.24,750.0,0
-0.36033853637853264,0.946773006633573,1.526481293843049,-0.8649637836017287,0.18664002044497657,-1.086452099048579,-0.4605021187842727,-0.7268333780715512,-1.2591564421407704,1.0592491568277567,0.10345193771048697,-0.5466576785786422,-0.05819651277981334,1.1963233278857164,1.027653127360028,0.5583084961264511,-0.6693720916452528,0.11933637902614841,-1.090984495236458,-0.08727743833332116,0.9779517822663238,1.1632123571649193,-0.6427984807884737,0.8326201890208867,0.6272063427946521,-0.24060441680382488,0.7461172132607821,1.226279059226247,481.8,752.0,0
0.8506585278915793,-1.0536842753506366,-0.27814992720922044,0.3996186573838882,-0.803495633595582,1.557951757430567,0.31344976330411195,-0.4535677420622574,-0.5160645184141684,-0.6951691705089916,0.7058427210252162,0.8248060233191439,-0.6638714665762409,1.4692673150373263,-0.3869535456244437,-0.7969115237117372,0.4772396231061346,-1.199611075235539,-1.3651067747050223,-0.9532435217031926,-0.7852574357123115,0.7495001009110849,-1.2962327029312377,0.3687862929574055,0.8415398862906592,1.444688717762666,-0.49186379084216536,-0.41265492080542765,491.11,754.0,0
2.0364485829626986,1.353148841467331,-0.27461397802995385,1.1466690637087826,0.2474722724529218,0.01631233934210837,2.483252951945425,1.074797528283404,1.886809731749378,-1.0621968295619293,1.7976137137438053,-0.1563536894319518,-0.16925877220638444,0.38983132657928793,0.5123694239458502,1.05510502694132,0.8834891467639889,-0.6532276005817509,-0.9964804982991887,-0.19128025570311172,-0.013419987260984877,0.08905601423178976,1.3669056929699666,0.184433349640607,2.6371133486800873,1.4458166910392294,-0.30141318323376143,-1.775502045750634,376.75,756.0,0
2.38807837450993,-0.282448501560195,0.9288170187931283,-0.6672125933768445,1.598643142842041,0.8477717435655518,-1.0871049874692014,-1.954891344598857,0.18869976233010707,0.49712765735620673,0.7627219933812449,-0.7777812114585814,-0.6437688660368867,-1.8898677620421511,-0.5521200515852117,-1.6311721302154552,-0.7125818292946473,0.32815039070446006,0.3137461719931565,-0.6740208228231163,0.27208358373929276,1.4780327551149253,-0.2781863806833469,-1.2790165086116014,0.7856062406612739,1.0920202154355092,-0.6964506672780338,-0.6890421243338245,491.96,758.0,0
-1.983265590106742,-0.46084267894988395,-0.9227243081246277,-1.5229071774010678,-0.3647778591035283,-0.004933924700884993,-0.18782291164028053,-0.32388556381498834,1.524354178065811,0.30741986082470407,0.650728326754757,1.8106372892143596,0.9869006655501169,-0.27359720268898297,-1.853004822265491,-0.37132111139101287,1.4554691899358625,0.9798468531290113,-0.367375731668729,-0.07904850473212054,0.12781853712859367,-0.6159704530855945,-0.5561227974196611,-0.6488877957541485,0.492337618895535,-1.0558753019573848,1.4418731659552948,-0.006221143392870997,56.78,760.0,1
-1.1057952313814141,1.0260062486055184,1.5002915654481137,3.141109286996759,1.3707737239243805,-0.8751817398452105,0.21006607482691622,2.528722324923687,-0.7781587161623965,-1.2699837799011895,-0.3899717083218377,-1.014711404594256,-0.6075654107720743,-0.6611922556725204,0.716046138112683,-1.2965981774093596,0.13086752499528417,-0.7649450753355955,0.5499857090987931,0.6588637955885769,0.8926124608442958,0.8924318301643486,-0.6211049446591714,-0.004355664163086262,1.4696499219791819,0.44190098854701737,0.8874003106958823,-1.2170264136665399,496.16,762.0,0
0.9536069175375231,-1.8860917478630723,-1.5290060726965147,-0.8994139251580818,0.42559680969512487,0.5967424522777313,-0.8140666873344263,-1.9247035513808777,0.9534934355200126,0.5875937605384485,0.4277999092532292,1.926658443012136,0.1500187063599037,-0.9919041233269399,1.328766707877994,-0.40747237319230695,-0.10517941679242337,-0.5364470389637153,-0.8323730704936013,-0.42156073865113475,1.5206300794706045,-1.0665151103307813,1.0695128392164805,-1.8490639957246688,1.600963154975481,1.7057323290852113,-1.0237595721667363,0.07893634527352629,51.79,764.0,1
0.6438519192181824,-0.6041072340560423,1.8827415048739973,0.021611431454566368,-0.5201235182946261,0.07882200000264594,-0.7362283221725312,0.020929202389193415,-0.44977423019038104,-0.7790305264093323,0.7974667404742496,-1.692426913931632,1.7627899887193537,0.2303891704082201,1.8471429951961078,0.9620076915970852,-1.3434446078680005,0.07072224340072077,-1.795193027971755,-0.9035826363745915,-0.13680756147985929,-0.7050960566855677,-0.4764622345062222,-0.6670859201357984,2.229066272389667,0.11885501044116001,0.6234639256691021,-0.05178975623802191,207.73,766.0,0
0.33738348139056873,-2.0553716339283614,1.6707075029894791,-0.7218017124223504,1.1458021015617652,1.1846930666980497,-1.7983248864912051,0.05608239630503483,0.4053330239987285,0.10980053831436694,-0.0009401811961189866,-0.43580735263395515,-0.713842037251493,1.058040234902942,0.39775914421247055,0.18532165889781335,-1.60111738768568,-0.2566859399258801,-0.055821612555706605,0.8407804749845017,-1.7435532044459714,-1.0958046527034282,1.7987312686273198,-0.7973829658007962,-1.8515562917293436,-0.698171328474495,-0.7938154439952722,0.6511270606822913,119.48,768.0,0
0.638841502740595,-0.9693618100472887,-0.3789228935364888,0.5369370928369298,0.5704477741529598,-1.0345918131583816,-0.9240830694401055,2.116332343726838,-0.2597168540651998,1.4934484517388973,0.22861099270515756,1.0950249372192826,0.6252860366614064,0.17099551389041695,0.15916190142315273,-1.2407048977752262,-0.16667504810669073,-0.5220435591260163,-0.32783419016137777,-0.3695664118728934,0.1623992017557282,0.6379535831954491,-0.13752489035128826,0.9548810258237115,-0.4154488402655234,0.08669660046319684,2.5233706176635486,-1.2013919388265564,476.92,770.0,0
-0.42139142007942604,-1.8143904863805826,0.22844727310786864,0.016537360011545144,0.12571954344125347,-0.9115554470990893,-0.7617032474900233,0.05405749090751393,-1.4028068334989374,0.8815085876839494,-1.3908848043143895,-0.15095548286889474,-0.4357919060052853,-0.5000480842544318,-1.6057265206065336,-0.04419573495543687,-1.2080546267985692,0.14019216780018612,-0.7594851410979632,-0.050270436272097756,-1.8113474857237861,0.9122781969762175,1.0963410141079386,-0.5520833474133564,2.801410378219178,0.7607156333755746,-0.2582190534027961,-0.4909507152260818,317.9,772.0,0
-0.7813359785056306,-0.5907385535844295,-0.10986940392877398,-0.04375913054476578,-1.40403145180327,1.354744233616806,0.7867714406709029,1.8472394348709886,0.3678905016262423,1.0467233522629589,-1.250229892317946,0.6022446962912387,-1.7916609535117811,-0.9716130244585468,2.5065498906524692,-0.34988942393163847,-0.019136481784908635,0.7019409772190264,-0.03878768311169304,-1.0214319586588732,-0.9967410520821429,0.8014732443814041,0.2982702324967477,0.8363805428333451,0.587381858287929,0.060461011454031516,0.01319719863403305,0.09676159683682146,298.57,774.0,0
-0.3636693508062154,-0.35206531471617036,0.5019934306743351,1.4407026919712949,-1.6758168102577338,2.3874963228742714,0.6926275091454464,0.4355051407706006,-1.0083106167918325,-0.7119029279398492,0.6112868107395165,0.2508617593723513,-1.2919415856276668,-0.8620970437447922,-0.7397023235293195,-0.8251981321533275,0.27146118700108685,-1.024005403938165,0.7789732914514368,-1.4853328709016493,0.9761876378871974,3.059706271084655,0.7787527857528446,-0.5439330475504653,-0.5002328163743478,-1.123514720446395,1.0783867677061056,0.16302091323277582,498.72,776.0,0
-1.8094205268117098,-1.4534213617381786,-1.757133968368063,0.7624354671991704,-1.0018270177711681,0.8338719914296715,-0.5582032032695964,0.7924961373644691,-0.2573619889094884,0.9498402722349897,-0.7921516233273236,-0.7346094688148814,-0.4553334889862657,0.8337584734166956,-1.0822257491068004,-0.5765916323990915,-0.2499406625459149,0.39906518729440016,-0.3962151572777621,0.5776307253459739,-0.7478184969187219,0.9890097244840972,0.756512920286388,-0.572860973071444,0.7205938928763544,-1.0915904112552386,0.16176412024061126,-0.7896816362511785,306.22,778.0,0
0.3133143047651383,-0.1698175337540255,-0.759098715872625,-1.5714939180104934,-0.2161590237797252,1.1930395472034865,0.28423066024335236,-1.5638304845956987,-0.23357804502210652,1.1884411974349143,-0.3098419512394258,-0.9729154353663806,1.747302761345259,-1.080695172458994,-0.22625646947977263,-0.6150574509437889,0.6528533389191558,0.48143696194689667,-0.895333575176702,-0.6996672682849625,0.13889417069364382,0.21824179536475458,-0.22880155145105,-0.3073601456495614,-1.2286212468256403,1.8502586187723646,0.6383958175994964,0.005901772284287428,323.08,780.0,0
0.9762012206851699,-0.20400815090390817,-0.8144266312431278,0.3459870829080218,0.13900628695318673,1.6818195317507838,-0.7370685366553974,-0.9628012147252859,2.101241111469776,1.1845260399605781,0.6366981369267375,-0.6835656869173884,0.4177224107248292,-1.2905627733999347,-0.513404135704601,-1.163463248037279,-0.7530408892764614,-1.191372370372549,0.695903219490632,1.7874210522016525,0.9762997032651786,0.7491475117922064,-0.3361874094461426,0.1921828250348399,-1.0722378065151503,-1.2991784069543628,-1.4528879910486137,-1.2201375481098562,22.4,782.0,0
0.687176406286206,0.7967662924936864,-0.9015281476102877,0.2935901139594668,1.1419564938691233,-0.15191009726067323,-0.7433600032981118,-0.4165796507360777,1.4308784525230962,-0.06954022548801134,2.1357227571923354,-0.6675675005360322,-0.5061382560520149,-1.4053365191622977,1.0723887923273803,0.09423507839398602,-0.9002205238491575,-0.35862666504265517,0.48545813990871944,-0.8268183844523018,0.34226705324285367,0.8994712621690233,-0.4335476869323657,-1.8615428710502402,-0.27043631372518484,-0.5038476625577832,-1.2453804926851977,0.586768572761065,429.53,784.0,0
0.6256624033360343,0.2182059730277894,-0.4334852827732233,0.1351214858359175,-0.6500907021134565,0.6847526745858722,-0.43758619219532746,-0.25209754338880846,-0.16880345563145188,3.267220176251814,-1.019663874951752,-0.4704375135906024,-1.6021592580592579,0.25418857898740027,1.7311505808644736,-0.22907064323350287,-0.6422334940420632,-0.06079314046862492,1.0347167440248553,1.381456371273934,-1.0470931674970483,0.65817237152081,-0.10162421975429613,1.4425127477606192,2.2952112002296117,1.8205839068434124,-0.9862467205712259,-0.8414972028397323,485.05,786.0,0
1.694430926901224,-0.10396035968912515,-0.7694293566330509,-1.3626817552560835,0.1396973296170067,-0.41200232638392265,0.3903307038334655,0.19018342555494702,-1.2156073567734818,-0.8175032998942169,0.9446317691148147,1.0327252240024793,-0.3714339586299144,0.17604968725227854,-1.0407420243948495,-0.05368166375321784,1.1053346895309262,1.6683056636583353,-0.12561996067613454,-0.31419727795685704,-1.4364477357692695,-0.5984713127878097,-0.06848528207520913,-0.17438261846260636,-0.5674923247751158,1.1870848787786143,0.4140123797845865,-0.16553840075267456,480.16,788.0,0
0.6836677841391677,-0.02600525799787724,1.552378565808499,-0.7949042284979294,0.3282165385545002,-2.1255808998582615,-0.39171274911693243,0.15189850728487087,-0.3210783254151562,-1.1052216056368365,-0.6942641978886837,-1.00645588790235,-0.11938070188623857,0.7850990313509648,-0.34675898725786564,1.8089258374180954,0.22865609627706854,-2.048568578183826,0.3331649059478465,-0.05039617354495802,1.3773939916987517,-0.01697250891448162,-0.25315717535009635,2.0729414973259197,-2.1057046630870007,-0.3442688839979391,0.26570529103092555,-0.39938532602654736,110.56,790.0,0
-2.1008049208090696,0.40408704482765667,-0.4579908067150938,-0.1362403942870801,1.2588571112906777,0.3044625243623751,-0.6200342669721958,0.39358989198097083,-0.4244622962754732,-0.3035630758667168,0.7573266821057046,-0.641727015942627,0.5615667348732244,-0.23010301361533925,-0.50794452792144,-0.5044689196514823,-0.6139861887805934,0.0892639399241651,-0.27473996863976763,1.3695101424082816,-0.8871282227947399,0.543117097915791,1.143278402037078,1.7301259956861073,-0.8117741672256145,1.0243856073079782,0.20590070680034597,1.0522414109439173,112.97,792.0,1
-0.6446689829121308,-0.1162597241265807,-0.3636812720778923,-0.45081028991117833,0.041138538762297845,2.494898079593644,0.6688805603019822,-0.3511227413735612,-0.2919578398919326,0.5625518868304623,-0.1861587042653708,-0.18262515000532725,-1.109182064403771,-0.047061194071171035,-2.5250067911737077,-1.7684087928006986,-0.3503084063566909,0.6602744346735528,1.6113597933205999,0.40136750592223985,0.5342328475489487,0.11284840943499716,0.838413105076335,0.2133835543609739,0.37261268107611234,-1.5636359951548031,0.26296139980086064,0.02326639692365713,183.03,794.0,0
-0.4161407580099634,-0.3425200711339619,-1.3338509184472171,0.5390867458801801,0.2349902001773578,0.06920824908903256,0.23000105432112616,-1.2462146071877935,1.7633228687480582,0.9430897349366014,0.6206150157275261,1.4845175038019136,0.2111172377208752,-0.2824862375735208,0.2738229302665068,1.5269340422557993,-0.8944842395445749,1.5149922407651923,-1.352218017419173,0.5330807403753985,1.0102118770783575,0.6444345026955176,1.04755377833491,-0.12750881811319528,-1.273131184822709,1.050254687716908,1.848615197920182,-0.1646432825447487,155.11,796.0,0
0.6819392136448924,-0.8263904483334039,-0.9018210651274805,0.10734950518109865,-0.7276585554799433,0.09622019844820677,3.030318146546308,-0.7058820395815816,0.34155531443121917,-1.7584259426478055,0.5232995698435362,-0.7054094668207361,0.29263888622965634,0.26589204296329355,0.13911132052009756,-0.9474439969062218,-0.2838403906811896,0.23571781191251473,-0.24263756545234957,1.4033075849379884,0.04101630341014477,-0.9928703665748838,0.43143241971489876,-2.446986316355763,1.9615487232440085,-1.720783757644129,0.8964609201702426,0.7407879932719303,152.81,798.0,0
-1.1305396531811291,0.5594586687670583,-0.6894817268234458,-0.16542856575429382,0.47039827551170843,-0.04833231993817157,-1.0000525751958116,0.41037433354779074,-0.20811227647538125,-0.11060844076713637,-0.05150332044666596,-1.3453084020868817,-1.1242757469379194,-0.589195963386525,0.4103300865455941,-0.9291360653828232,1.1892602561779086,0.20166584357132158,0.3643783412933413,-0.3316684212374049,-1.5960515623958629,0.531918674094052,-0.7222032811214254,-1.4918924186619136,-0.8347618793419175,-0.0797237962259809,-2.3782596208849998,-0.336120598002291,302.61,800.0,0
1.0083239030507163,0.0319739866053148,1.1993745850804078,-0.4031538623979297,1.15315087644801,-1.341640976542342,0.5998754206000281,-0.10827171869234442,1.3548683776052308,-0.4123937886733336,-1.0525866736804532,0.5066828478480739,1.647186189539654,0.23617997185794204,-0.04210067920349573,-1.2149587339103196,0.9469046950881974,-0.051606782415304926,0.7008100190929322,0.1972267308541986,2.040008692106075,-0.5574156509570538,-0.5208307593076016,1.013420721338381,1.0379522316261776,1.0696084937016175,-0.012671946014730082,0.20765721747637797,402.81,802.0,0
-1.3473543376008232,-0.16086875733179734,0.2767964393450264,0.2773365168699684,-0.7577399157445576,-1.0993444127863297,1.0441917524373119,0.8873515337711706,-0.2322700687387603,1.0324682831334389,0.9394783196805842,-1.6783896940860958,-0.10391293402323216,1.338652625117742,-1.5902519042444776,-1.4507094548159754,0.6266157992318782,1.292344511364291,-0.27991051839954706,-0.46939815919580397,-1.6991113260498243,-0.29829279846037,-1.4719624210476554,-0.3546454230277709,1.3107767124930878,-1.2944464294089564,-0.2522873448561816,0.860992622695033,468.38,804.0,0
-0.776233799482957,0.4078938537894058,0.8101946061243469,0.07842109110515887,0.09895276614402672,-1.0979516003233716,-0.3992624234568591,0.16219156646087737,-1.9015681153490314,-2.246403309765108,-0.1531944814939467,0.3788148142308543,0.08811016131356794,-1.621170337303497,1.1035450675245735,0.1035414113114531,0.9706940149741553,-0.6386513150866412,0.2650072720946241,0.5203880026212752,1.004522174790948,0.9199766424174479,-0.8000406804800874,-0.1157796114311449,-0.5232105456493122,0.14296165000696265,-1.4375647167621368,-1.589903003422171,33.94,806.0,0
2.3856448591912827,1.935345364646927,1.1659126217463005,0.4842211590190325,0.7754656209996007,0.7781848755438283,1.6546879332179514,-0.49251189056523076,-0.7576249162197798,-0.015193272175654216,0.5955236057954404,-0.2548422547283249,-0.5526389789676691,1.4372359341586056,-0.8370835692935386,1.4686564137609928,0.9631702178602083,1.9119519023744558,2.1831048450592867,0.3702331683466241,2.0784773961737906,0.5052347145060868,0.39616519102818054,0.19380117521254323,-0.4344305607574841,0.7596720867223489,1.1506125369295837,-1.3983648984431052,139.0,808.0,0
2.5598428176151797,1.6245089291422754,-0.582190852097541,0.5623431336684104,-0.0431808753382577,0.33284062155452915,-0.13593362565153377,0.5231576184117009,-1.0691142250955392,2.1900744194311894,-0.9933228056134707,0.5523832827494378,-0.6786393560981759,-0.15624290767108137,0.46126019824959,0.09780001929482655,0.12937594713926415,-0.3680308568185792,-0.6915279952766902,0.6631004857975907,-0.8542839790678566,-0.649620337971723,-0.6378867915099083,-0.33142350063558984,-1.4202577049167657,-1.4048852084751275,0.5430618798529312,0.5544463600173206,127.51,810.0,0
0.31068363200833465,1.3751896228162264,-0.8822182522626393,-1.725281089153335,0.7853071371145951,-1.7469911689980238,-0.13688711395629213,0.27820326312550436,2.060791066432528,-0.5466702217392996,-0.47306568001134647,0.6610691395782936,0.6019989525023988,-0.3433983788460269,0.18515296283815838,-0.737014861542254,0.4466665821901814,-1.593673125089101,2.9078158344080896,0.7210654984291114,-1.1016045543885622,-0.2679152191922156,-1.0531621329053038,-0.8186509652236411,0.21166527148221465,1.391591608092707,-0.10117105228341815,-1.890448456803006,178.73,812.0,0
-0.6139004625096622,-0.5481227695866003,0.08892533051357349,-0.14099576452747964,-2.199574339488854,-0.9249415882099906,-1.1074892007088402,0.897430105438885,-0.2850136251807453,-1.9986110717180092,-0.8684005744184597,1.174689302656037,-0.5991263995410497,-0.6793705326265526,-0.17029728242145184,0.22560446090616537,-0.14272120590753745,1.023150427789111,-0.1426569521407293,0.6742648473791474,0.19668752856991642,-1.2930009931766404,1.785300766083853,1.1556828581606902,-0.5667788738139158,-0.11112525305893863,0.6151928223481803,0.18002715579708112,212.17,814.0,0
0.10705794010061266,0.5056004361087425,0.3534649212690235,0.35801645582208447,0.0913543403196524,0.6388997275076053,0.20968625938938534,0.23481178176647555,1.3748651920946284,0.43344596808055014,0.3305513495162313,-0.8887890397720049,-0.8384172907556593,1.1417041789681481,0.5706429036844619,0.9175612142790555,0.19766922351605923,0.39748681322502316,-0.14575098972924375,-0.026726886163489526,-0.4167820532098529,1.3337243806577346,-0.7118086335944074,0.30754244986083173,-0.15664037488899707,0.9518087853436357,0.22763992339733216,0.46150023398292295,194.59,816.0,0
0.20757875504354328,-0.9921685914292677,0.550362439231904,-0.09919585716558511,-0.7613927066557417,-1.4108508912541708,-0.817273213610452,0.764089056550667,1.7618738370749654,0.11839666187152897,-0.9967293108524478,0.416379469499937,1.0773834167832856,1.9212330965910298,1.2641151255657403,0.22426974158015855,0.5750777229457456,-0.7226110243155114,0.7969499888402547,0.9339737086623625,-2.49725695209291,0.14267885942707248,1.4900877548479785,-0.6712336398205672,-2.1254802084191953,-0.02766986495941711,1.0760410637645326,0.40061134003709015,476.07,818.0,0
0.02693778763231972,-0.9256425852521243,-1.0982440340618214,0.18277150129369146,-0.05852957237653213,0.8525072911680339,0.44060121758279136,-0.7430638929618264,0.2561328506729282,0.09042197884602851,-1.6641177558844114,-0.419130209940556,0.06006437021033598,-0.11336869425312872,0.31574045109384286,0.07835053233308249,0.34068652480868356,0.16687021585048137,-0.023227916029956663,0.15954357303644642,-0.3615359548919314,-0.4156871583781639,0.09839972977206941,-2.0090261843095267,-0.3708388093747287,-0.7061721556939115,-0.8297150831481912,-0.31522493113154487,218.57,820.0,0
-1.3403332058671429,-0.3104500064590432,0.23132609434321005,1.0504203970920263,2.199173127662499,-1.8285505732695448,-0.9339135576442459,-0.31070639872851974,0.13826999999912756,0.364538112429236,-0.6101225402274167,-2.527678397351718,1.0346043541956937,0.5026654551728532,0.7132333141794197,-0.21465193458312196,0.351162007814965,-1.9996562596216976,-1.0703731433576047,1.1942574043995204,0.030913882374932908,1.869281286987412,-0.9747057821927888,2.5521471005838077,2.695378139261392,-0.6449203878702685,-0.4544334792694486,1.252001912941718,275.8,822.0,0
-0.5627771900269007,-0.2656072432882208,-0.7332044445926046,-0.7062789243763169,0.11796605823144148,-0.2736169621485798,-2.0892965595656845,1.4410884637357415,1.5993449127514983,0.512395967073947,0.12576258122605888,-0.9358569680546044,-0.46186421816977946,1.089159144601772,0.5979198567937416,0.4552813833759566,0.49778120567970247,1.0624923044983554,0.912490926546721,0.6894056709329646,-0.3482481947750123,1.6843774521216666,-0.48491869111437236,-0.8687609574181827,-0.5637871000549762,-1.1912208460105278,0.5835759154856965,-0.013563162600136246,374.32,824.0,0
1.1286502288535836,-2.446377079991236,0.21089505653462412,-0.2568738075903442,-0.34560432666975205,-1.0406724728699026,0.04362593834638617,-0.7647112347977815,1.5196740584217694,0.6270658410707851,0.9814295531185689,-1.740358219081944,0.8856393271982573,0.7913827332888367,-0.40631867343584377,-0.18643847918583598,-0.9827515368990842,-0.3075613265155576,0.5646256365079001,-0.669341791474783,0.03611590377245073,2.5456251957790337,-0.9787979266034036,0.3321363356834861,-1.0338147949970675,-1.4854854023594117,0.7992945658019306,-0.40687235982995595,362.55,826.0,0
1.599378530031584,0.5678633847436954,-0.785802126713547,-0.8769569578307223,0.72060801015708,-1.0529074124690432,-1.0809557759885158,-1.7192068278894033,0.6233887147755419,-0.809623117625247,0.3597162296126595,-1.3022452955956918,-1.6383281109101806,0.7197701728168767,-0.15851300446994213,-0.678202818083542,-0.486454129777873,-0.4828893450811025,2.03426857113447,0.26543165609985087,0.13899250685393214,-0.7534866240999071,0.7868114989746658,-1.1523006326824563,0.5186848952994021,0.5240948603857766,1.0175387312417188,-1.968511229328971,291.49,828.0,1
1.1272443424924565,0.35380878843840763,-0.754316466126861,-2.15920937339,-0.40624144817099367,0.1868287944921853,-1.5201497227444873,-0.851001608107395,-1.2634602560741597,-0.43476357650214403,-1.0882700594733754,2.170256717053588,0.8636860694169715,-1.1055681995177493,-0.9599386145482388,-1.4808999631326862,-0.15032915146632844,1.775164210156554,1.1973522679398563,0.1980267728553988,-0.2941818918625566,0.5514417084565505,0.2798162437940741,0.4329509187663276,0.1973714424410285,0.44481095838849527,-1.420601177518306,-0.12033071277503346,430.42,830.0,0
0.233519956678334,-0.4350537120493725,-1.2477623149719617,0.005225181154422229,4.147895050333843,-0.8231000094479985,-0.14226003066636647,1.2613854580828725,1.7731243365699705,-0.5832896025942761,0.9646153139527402,0.7912519296727506,-0.5063277154379431,0.6249589715349111,-0.1730715498775571,-0.6267766674137857,1.7190655029103648,0.6493318100548395,-1.6817997978411705,-0.12772144021734488,-0.5194885149560845,-0.2106470673132337,0.5159568287408673,0.2934053105822367,1.4340753978705116,1.2218503820413373,-1.213897871125309,-0.09831378226461181,312.09,832.0,0
-1.9467880486242746,-0.9966871102853352,-2.0955863852637826,-1.567995223160249,1.4001030637157852,0.7527085161984467,0.6170599183710792,1.1753377129586777,0.612705966739795,-0.0847735695721163,-0.5893392580883288,1.6956486128307209,1.3063855654200256,-0.21946225802088676,0.7638631506475352,-2.7909350889833493,0.8142326145738055,-0.5007892997969016,2.7124859466953093,1.150622868673746,-1.9726839240483256,-0.7112998965496992,0.060580623839097486,-0.04243865700470066,-0.08760572880044012,0.984731728456119,-0.5407777376429495,-0.07233128000355994,437.38,834.0,0
1.526072099631673,1.542219423146413,0.9777382355681574,-0.34972710102515375,-0.7073249636081914,-0.04129386130447428,0.02845173597522627,-0.03532847943110247,0.5562955736996468,0.36066631492999146,0.31890729178718635,-0.4667440027197725,-1.1989371805662936,0.694642118148653,0.060691103133213346,0.40881037412963644,0.4367223348846712,-2.026813088975795,1.721511165662398,-0.5651024102981823,1.3739445702211734,0.4246562533525453,-1.0785708580318725,-0.7076385707842838,-0.6891227154626218,-0.6316099941265841,-1.769355770803304,-0.7984619162818415,151.39,836.0,0
0.9673818409974569,1.0697556012158456,-0.6762578567086229,-1.8728678948339816,0.6309184348097328,-1.078738072388513,-1.000693514315729,-0.28283391640636446,-0.37646886810880725,-0.7897539067477499,-0.699396771982059,-0.5019397045243513,-0.7139877137974017,-0.651086918546629,-0.30572995532029396,0.35335731445630053,0.24905273034068937,-0.5421705530264833,-0.3166933337242733,1.3443490834259,0.9866337700762552,0.5482180855255453,-1.7713318380573875,0.1070505298533285,-0.6754723452489907,-0.9565113121163006,-0.3596883361998649,1.0470750617689664,66.02,838.0,0
0.8882776916553047,-0.6195141593260763,0.08462032291165647,-0.42156003335545517,-0.24006651773454463,0.9975558918851996,-0.0631549973076644,-1.757186456423062,0.13868962486203235,1.8163688120262238,-0.699998739753832,1.5485425721742332,0.6174648205071471,1.1762603423229798,0.8754420543693557,0.17779472943153798,-0.6132444780893319,0.17567433203936594,0.23318195098095926,0.9715596135459713,-2.251010255854749,-1.4298702400154155,0.23630332373641597,0.3327304910905369,-0.8672256084078549,0.3572779137634053,0.6783557099056329,-0.19470890023512072,409.76,840.0,0
1.4295557130065113,1.6164444220313805,0.12178477859297364,0.8408724096995623,-1.696361788520517,1.07337131901451,1.4659861726365704,-1.0154032973835723,0.6167223569130161,-1.8735495229124317,-0.7867728617542004,-0.5203210033582333,-1.4747530064510297,-0.2379903088307421,-0.30396162778872826,0.6167768567167277,-1.5138977654224919,0.623342754797785,-0.7891681373287791,-1.278511501272209,-0.1963917398634077,0.7527431092250917,-0.4842096178162646,0.513905929537262,0.2789064006383675,3.13466533142463,-0.31258560990007545,-0.16649054560967674,191.27,842.0,0
1.1079225475169239,-0.05171129946267147,0.2509863685807407,-1.7566462344073102,-0.1219157596222517,-0.7050974857287529,-0.4795076545800121,0.2565387089057657,-0.054909129956265255,0.7721623679136922,0.9539838098062902,-0.17720073068334455,0.29948045492492054,-2.0336714393622013,0.3145803641541037,1.0530124064224253,-0.9097516737141205,0.7555095749795006,-0.45197363861273987,-0.5766858245748957,1.4241878100827314,-0.03289432644776374,0.8668157461306383,-1.9526174883572964,-0.6098367206722215,0.7115968031001441,0.12440945825765641,-0.1838666489082667,325.55,844.0,0
0.6039776922842192,-0.8313553017351075,1.2172409175324648,-0.2125802399907283,-0.815739171863536,-0.7500648164518254,-0.08154988616563619,-0.4264769599698505,0.5261593904510004,-0.046369551614047114,-0.3559820973274941,0.35339350539334363,-0.5295414519392359,0.49133396678316094,0.32639281956891003,0.2852428105435545,-0.3579478169357602,-0.6296091911894043,0.8087074715828316,0.6140543102909297,-1.0079857072882774,-0.4328277649683556,1.339710303961876,0.9840075133154094,-1.1700211217671594,0.011888914421543903,0.41900460041790044,0.9936363039331614,368.66,846.0,0
0.12712194506899407,0.4838606002008431,0.9313436836817843,1.065694145203539,-0.1807683540087459,0.04555877746710435,-0.7580522808837997,-0.2731291451554214,-0.4074124186612411,-0.1886191028293296,-0.09424621011312337,0.8133615797272129,0.3493228145253929,-1.279937126910598,0.5503925077291125,-0.5487812225966744,-1.0894013986106685,-1.1422621079967805,0.16977807026938657,1.0609205568874012,-0.2108100586892515,0.9372670543278304,0.0856734217653208,-2.1556108612584017,0.6121487543660803,-0.5421749228749163,-0.8105375611126893,0.6178910065626476,163.36,848.0,0
0.1338598744336225,-0.06726785586936042,0.09705236291042144,-0.8470913093687211,1.7699608714096793,0.17257494779578342,0.1586398998733166,-0.08704749008278279,-1.6165380374323173,-0.6745655595413679,-1.2237728137114017,-1.3196580669101148,-1.541562453319976,-0.6352085265418018,0.020483649495564783,-1.4221943211504862,0.6998434843787268,0.2974591481261305,-0.2317088238154259,2.1620931951019133,-0.24059835751095096,0.798210407803584,0.2094658311746796,1.4387374024804738,1.0845847873412773,-0.30000131606415736,-0.2636809457963251,-1.3414151729236634,252.59,850.0,0
0.11595475048000405,0.6546407274555777,-0.06187197781601401,1.4006060613377602,0.1451115891314797,1.247410912638388,-0.1631419339967372,-1.1595373871854193,-0.6249901849635132,-0.03219850593164111,-0.7495462387472462,-1.655066114509862,-2.00233592044532,1.0139076142251375,0.38533284097205317,0.2756585083853015,0.1683569342791456,-0.5474349688316263,0.7943336930664122,-1.7392772792106181,-2.084092894348606,-0.2016495051367725,0.12969816789202157,-0.8841141751509296,-1.5933294071789548,0.5906651931206637,-0.41142870310733826,0.6940884647937279,447.46,852.0,0
1.3057049102167566,-1.6035851583870422,0.2133181236711791,0.2495930973585801,0.7444256906670998,-0.5334126032403799,0.05583069342144333,0.7336677785790328,0.4377508808361797,1.5589475318321446,-0.8684529695268302,0.20702445576401451,-0.08628315189661873,-0.20651587377426625,0.5881387496004484,0.11564457279258226,-1.0659502819370918,0.9527075752575865,0.590259515372651,1.4746909362788017,0.7271195957641049,-0.21352225849033069,-0.2058667813703756,1.035800831169921,-0.7671119880685074,-0.9048872740892333,0.22037580583760974,-1.4940844723019466,439.9,854.0,0
0.348705346927373,0.4696850850084916,-0.24639383581515323,1.4080416167044494,1.1279723092917966,-0.7782118603923054,0.6557618989188955,0.9845415159449397,0.08276868126473787,-0.43181146385621516,-1.1087872336885805,-0.5582277293447465,-1.0865082815938811,0.9124661401841356,-0.25514028459434596,0.5216517809784946,1.2603018858761157,0.21217889526923814,1.1770748640674433,-0.3505591169225848,0.38645587974014606,0.2054069412009975,-0.7015157145452872,-0.30933790575758197,1.4151891788008713,-0.3448705097997976,-1.6626373656702929,-0.34623635923066237,374.68,856.0,0
-0.7529294496119068,0.4559227989870482,0.6147938326118453,0.3581289195571451,-0.4094760705298932,0.059183833298291307,-0.31527154914088995,-1.4468300677618335,-0.1121019627410117,2.6366621114692643,-1.0292507031229927,-1.854844948055274,1.423943380764008,0.44865357145160856,0.29794047116560884,-0.35857669309468587,0.22625294014945024,0.05176758962500029,1.3107666677687773,0.9169520750588207,0.6022391451329141,-0.6827189495699696,0.228959630781097,-0.6154142476097608,1.2284675090355095,-0.7149824581336299,-0.13451068293932178,-1.0867603448008627,381.37,858.0,0
-0.498135098183501,-0.5094297256533595,-0.15271923705827659,-0.8996287284355095,1.2156286924490805,-0.187064966672466,-0.5336193226534235,0.7696867435620127,2.1623989896901543,-0.4042359275763098,-0.24515418412272694,-0.7382935496387839,0.6620284355962163,0.9553716055126626,-0.04637802695370333,-0.43836715761097256,0.5339602215589898,0.7396700330628224,1.5540424668685815,-0.5825332215282527,0.8523356830742649,0.10578198565056629,-1.7342797340808196,1.5222046321218095,0.2974803436271655,0.6068040584226421,0.9463175165627192,0.5960562090461041,448.84,860.0,0
-0.9669925698548044,0.6746787408336734,0.4966305587001495,-1.6698405250925945,1.6660372468975484,-0.3773245158701787,0.9955676136133349,-0.3360002820950699,-0.533211453533817,-0.0789219081285397,2.1217245555939606,2.012943379764975,-0.5345329946738723,1.2473421346646019,0.02336730058559567,2.018314904305884,1.1528709548895715,0.27905544746081284,0.08138205522623286,0.6083896021684184,0.48350672668131084,-1.1026356810776832,0.20781339088578027,-0.6516811924907709,-0.5296938357849674,1.1145521953192292,0.20374877815296438,-0.45452015463420314,368.17,862.0,0
-1.2118694582601663,-0.776046162598398,-0.05944265715458939,1.6858592313369318,-1.0490761747878792,0.2947642919753743,0.4071193004341585,1.2226392519289684,0.12487765845756654,0.40797754491856025,1.1820987446652833,-0.7770637030293992,0.7912055498528333,-1.3939690411814238,0.06419383845683735,-0.2373484782054539,-0.7221004670785612,0.9723932094247382,1.0285119083349092,1.0690273953698266,0.379740650341982,-1.2325797443783053,-0.3289752471487366,1.0058805023236606,0.9926885081259664,1.196694782794419,0.3140910312005339,-0.18192726352968525,169.8,864.0,0
-1.9654747341855676,0.8626472844452608,-0.09914542588554924,-1.2537779233677009,0.7627280453746469,1.4195534596478856,0.8672701456500196,0.6749225344428738,0.9334043045215495,-2.7306308837942357,1.7211612446841134,-0.791736906140464,-0.7039938123726025,-0.47110256301317305,-0.35676464619065984,1.5004077301953,0.5438331667430307,-0.6785041737754263,-0.5271524575923889,2.494369707553231,0.35303532611089955,-0.43182428044859483,-1.6218662368894512,-1.675694169037181,-1.116887273779908,0.09583787796542467,1.109413982149168,0.6160744450917386,60.4,866.0,0
1.1740610464215746,0.565774568191564,-1.22584443986832,0.4248560773823195,0.4676230044314696,-0.12009845290830064,-0.30597561428164965,-0.1482675222853841,-1.5464173225742095,-1.332164587396085,2.5417653498708788,-1.2514716539027695,-1.7666122888360731,-0.7203335303278557,0.4591284633732855,0.5611852419412074,-1.0239529455465468,0.09658233469207957,-0.5446058207656778,0.190292278992119,-0.293258546795674,-0.6940424963409771,-0.6491316038326296,-2.1991306436591542,-0.22153330208920968,-0.07643562003831544,-1.4084973919780737,-0.3367053208792872,210.95,868.0,0
-0.2552571259524586,-1.8534763834475565,-0.7715333788917058,-0.803015439116779,0.1797388047357225,1.2452242922663435,0.04721408419860293,1.1595875737502033,-0.22247264232967556,0.3712422091816074,0.06679714578250423,2.411438914040574,-0.15235100994117431,0.7824785968570586,0.2027240028633781,1.125614152071383,0.6321474350412882,0.3407398437940443,-1.1416496630123498,-1.053550176530455,-0.6161337466807963,-0.2925143233104326,0.11114624892777974,-0.6137313630535267,-1.9772018112543461,1.027375261178408,0.4473047433152017,0.06025098556364223,43.68,870.0,0
1.2538583195144113,-0.8036611238381277,-0.13089991462065964,0.15954273010483142,-0.4151693481635337,-0.795663868128181,0.8747699901289241,0.28400881913215525,0.624016105433433,-0.823628679775173,0.8299788488789844,-0.623271266450153,0.24721952226060873,1.9795880097731031,0.8520780663440264,0.33921931801573485,1.350495750613998,-0.5696612480187717,0.4906455403729832,-0.8318515637849228,-0.36174675316400506,1.5907161968561578,0.2736644514929648,1.4071663054830381,-0.10260768692392448,1.2208025977402577,0.05172701136253039,0.13378376530760255,57.89,872.0,0
0.02419149553651203,0.3605741523214825,-0.25886915535749766,-1.3890927041506131,-0.03570996752438936,0.1324075386427835,1.6348664354350901,-2.2604750131592444,1.617353400843101,1.0482660389106544,0.6856162422128526,0.15424956318583552,-1.0203008539030132,1.950816508694874,1.2346419122167838,0.2507778667291226,0.28566514310508834,-0.10881519307257756,0.594398643021074,-0.04435454409257157,0.3079015711101162,0.4379985914318535,2.4303034135313,-0.9101834013152008,0.15997449025200933,1.2274452091146126,0.8266766012202299,0.6774457870721661,475.09,874.0,0
3.011320603545262,1.0879084936474215,-0.6247672093089672,-0.7395688800794822,-0.03833347218847708,-0.4362313299493104,0.07934076276584918,0.3379981206959357,0.2733834335705564,-2.4572671925099123,-0.7556148101394115,0.7160123205149966,1.6436313553467472,-0.4037057761189581,-0.3988441240774622,-0.08914911430899343,1.7246546756400865,0.0537161743392335,-2.241739612146377,1.787638904716993,0.6916387050378682,-1.2930376650132152,-0.5111926347709542,-0.7955838667230621,-0.20894577288771948,1.4871079379333945,-1.867043044626051,-0.3434084434108057,337.95,876.0,1
0.11115027834880589,-0.06941115165664406,-0.79669724648973,1.1899310455517784,-0.15878827957021457,-0.2872078797860543,0.34614931155004774,-0.2802846079794296,-0.5536907304140684,-0.9255191484278931,2.190061259041962,0.7932473812483002,-0.3823193453089642,1.271350257158812,0.5234790540937814,0.03851311628527672,-1.0290526887739952,-0.8277914164666149,0.9684744231672682,0.7522414078026203,-1.372971581558587,-0.4076569684631906,0.6799595493962023,1.1123989832626435,0.5144274550226803,-0.456328052935109,0.23600303128039798,-0.21077580124689055,425.81,878.0,0
0.38199517290346824,1.478094818837572,-0.7822335176443129,0.2809920106994006,-0.09673323116985713,-0.2628139166595011,-0.1398350364938078,1.3135918834839824,0.5795205413682821,-0.4791492110423328,0.6496343575310342,-0.5587846714287098,-1.7892347300963465,-2.304626667575456,0.5007822565169906,-0.28442122849818324,0.997444159673896,0.3871224186212545,0.2605316145415667,-0.4508950789267845,0.5216441831576897,1.5517724977430878,-2.0192665890031045,-0.14979192479023343,1.345182391290051,-1.145485315899966,0.13351017185489017,-0.6833293338277313,321.45,880.0,0
-0.26761574108497815,-1.773210521442536,0.9847321638273208,0.15059696661528926,-1.4444137867316358,0.41862146155408975,0.20800089319557843,-0.6888251970010774,1.968199132354205,0.5160960429629301,1.2902203152051066,-0.16112947922645485,-1.6250167996291636,-2.3236010593922463,-1.013877769388759,1.3478720646926463,-0.5098439892985847,1.0411979357532817,-1.1664445434483839,-0.6625832932270458,-0.5184908037190292,0.22515708226398967,-1.3521868679980316,-0.7943704998710341,-0.23315086310366953,-1.3428825554154062,-1.7595929513669326,0.02856213366466,209.28,882.0,0
-1.3274862704710684,1.2146047661582162,1.2421001150408553,-0.5834386486750304,0.6020184725575028,0.06903500089118218,1.0678033498221822,-0.45826751252721126,0.5104343327693658,0.3117865539176472,0.2608098519135978,-0.6159041494897133,1.1857072745572212,-0.40796171906930445,-0.41412167001532324,-0.7201597345140578,-0.6597755595450697,-0.23972614359004865,0.449749371181105,0.7833533478212549,0.12863934918253633,1.4162719054838573,0.11767139777915904,-1.7955488116015894,-1.1544608213292546,0.700021126658976,-0.325357506564048,-0.39374052298088025,12.59,884.0,0
-0.9644651934129669,-0.400255631286832,-0.3854110127267372,0.49059785679575,-0.24463353168329247,1.276501003867682,-0.6549497038036312,0.20443210987133015,-1.6557700604523522,0.6589859917785875,-1.4207855584822322,0.570025450047024,-1.8406372046872632,-1.0335359854030057,0.8378732282453899,1.5643243397148088,-2.7163095971529234,-1.0898296309822826,1.8295398967904533,0.14201966130105315,-1.0321374862696535,1.4770293638857295,0.5854204410071139,0.11001871504254115,-1.917152941877313,2.095987290468793,0.2623809628600642,-0.3096596786545934,477.92,886.0,0
1.4617421210814645,-0.9166860861683898,-1.0935554759303097,-0.9732187683654207,-0.37990989893518035,0.026770732755035366,0.6401411739922973,-1.2510418225547664,0.3032853373302271,-0.6025601774470817,-0.10802893616853995,1.2091439440651113,0.49285762471584593,0.5761069193999334,-0.6161121400529497,1.92547011502041,0.6720808406014694,-0.4248108363469729,1.1410913292265066,0.5689450184829352,-1.2630104737701122,0.200024565941669,-0.9681695805288986,-2.0400363318990222,-0.43269191316452543,1.1340382776481401,1.4743582288951869,-0.5107246163160236,35.48,888.0,0
-0.2854119088436912,1.396135305778577,0.6706498539513626,0.48947249604515874,0.13947639526903077,0.7247840071748292,-0.029851847237728983,1.5295137363015376,-0.1195467662097688,-0.13540493116515,-2.055528021794824,1.0580968406787352,-0.962736230671527,-2.370033867822029,-0.17887997161012129,-0.3382690064671632,0.44984914638560036,0.649137988045609,-0.82774262070128,2.7199121426674515,-0.20133588321866477,-1.6881995281787003,1.5828169158208298,0.72840706571004,0.4088620138321296,-0.4353040378776534,0.045823116017654236,-2.168577998606795,305.09,890.0,0
-0.2710515012486707,2.456783772024123,-0.9543502658215824,0.1767728147367302,-1.6848939521460302,-0.5207012548939999,-1.2651917782365876,0.4273201871002504,0.21583277764475112,-1.3029770432900507,0.08828564833814538,0.12376275723320379,0.17492274441064884,0.8539301783068405,1.5650442145473944,-0.6138450708709576,-0.3063553205437816,-0.17326243728651228,-1.302105888959777,-1.0077937098536227,0.5632419398949251,1.9249557951027338,-1.039638736075713,2.2932057632140337,-0.5663535146982874,1.2119007738552743,0.4293703838779519,0.19477506312598405,51.11,892.0,0
-0.4270081213053452,0.015844667710381854,-0.7109180858429943,0.9456748479512121,1.1178638135667762,-0.6504995329525819,-1.6404683377175975,-0.327848947320744,1.9884564785060925,0.23195577160638428,1.1534562056465654,-0.9278065628530685,-0.48620541321176236,-0.31072469145325554,-1.1710978188487304,0.16685670579326833,-0.8184213614743238,0.9489420515473626,0.08920923244101718,1.4808835912960665,-1.677392605072287,-0.5310818020045925,-0.40741610469488754,0.4632143003161563,-0.42202439405825487,1.722413923135265,-0.18409543708741957,-0.9054170547503619,142.08,894.0,0
-0.16093494231504413,-0.32563323218112006,0.9282478101362173,-0.4118076865863304,-1.5204038479992161,0.1775200649524931,-0.6508503013981276,-1.1547648498399654,0.02258182511872899,-0.13211705617465663,-0.2203360259357176,0.2604224611240498,-0.5788869148564438,0.11593830388216679,-0.5895869784482418,0.8222484242869706,-0.02376018688308722,1.749760970775021,-0.4948842349411041,0.35715749882147874,1.1297089402160703,0.5362207916736111,0.14044152734360515,0.3360568910516321,0.5075302569449329,0.2978672541103337,-0.014700518631654613,0.7371468089592711,92.92,896.0,1
-0.08474971504070397,-0.9847456353740698,2.0584437972256118,0.877457112064694,-0.9115210651160411,-0.24438523649593294,-0.5697116506539142,-0.4981188273548515,0.8671104020229147,-0.33162394621085434,1.916096426204912,-1.7666909573160978,-0.029680424290999863,-1.3314929264724231,0.3274728522515789,0.4474200082056871,0.8990252279474553,-1.2270024640445456,0.4313883689233175,-0.8734681896641371,0.09579760607698334,-0.4419377388722709,-1.2645432261812706,0.7222907278251492,-0.2585709675425242,0.8575995345098767,0.9290147248610162,1.3113296415159146,276.86,898.0,1
-0.5068026510230115,-0.9289117364135091,1.200665440810028,0.10281924111706828,1.3488625311369555,-1.1827881692096933,0.6886766050070139,0.04310532422833501,-0.04145535081200126,-0.32161914757706894,-1.1105593834460237,0.6637956320039115,-0.3920588210648299,0.21146352239021807,1.932417812409086,-0.5368629459053864,-0.2977091462199684,-0.16294251437385854,-0.39429589003569016,-0.36327744536881734,0.697708114637183,1.3233640593707405,0.12987954176795535,0.739862658374476,-0.1727817895593738,-0.19798436940665895,-0.3998732723643757,-0.764678672016201,443.54,900.0,0
1.2363874376588089,-0.5019170973830267,0.6110468728321857,-0.8371229071130291,0.04587648007672718,-0.0008053586669072449,-0.8290804628397985,-0.34673924119512634,-1.0685741929909311,0.01676627742101143,-1.7605683819687592,-0.05776470935555866,0.6509350032530206,-0.01296088428890537,-0.7002051861393083,-0.6492989028157524,1.208153576798093,0.15819972231534524,0.8445823320314594,0.9426910313571608,-0.44573100991337417,-1.0016115239351977,0.6460779763116781,-0.8572148528134897,-0.5904320960146833,0.10363951283045297,-0.25118308551084306,-2.314001121223259,317.81,902.0,0
-1.2346007825052756,1.0087386861889784,-0.08127508705208868,0.7327089708964523,-0.8116105203395907,-1.1118040857117035,0.7220573893687386,1.2964697470102573,-0.8726960322414474,1.0177677750390415,-0.9764085413949392,-1.6369581882072677,0.5858466304488112,-0.9549434797562487,-1.210205402353063,-1.1885224003526682,-0.3478324601385652,-1.7006278679744258,0.5941950787958651,0.4815335395143825,0.48066026400516504,1.2076946630587497,0.9708196074171138,-0.9076454297898571,0.6741312301574081,1.111228914672497,0.8141702653039851,0.8890743906700119,332.1,904.0,1
-0.15058889473827067,-0.6481628672888983,-0.23456303718296656,-0.6985206337469402,1.0033649605839023,0.18666647392645697,0.8237283807622707,-1.44877732205024,-0.4464686139428064,-1.0252420276524623,-1.625717602596392,0.2999044590903123,-1.0645123664146208,-0.37300551005223137,-0.9714998434720468,-0.40746987605294377,0.5888394964419794,-0.9567058089960343,-0.4537131898429454,0.5283990158560751,0.6816308262423645,-0.3939713183513738,0.29530035073490374,0.8174018719822934,-1.0567724678080197,-0.7136934621584817,-0.37384779515820077,0.4468272903664722,454.47,906.0,0
0.186861289667135,0.06461107738992654,-1.0280225285901765,0.870896913917049,-0.4989275502582468,-0.26654975500488537,0.19530673985162098,1.9729911841782866,-0.641116748908992,-0.6910172781421334,-0.3745634353706246,1.1609521024840483,0.1492475590032183,0.3758911709487992,0.8068584976064087,1.1274714240093238,-0.6697747756685017,0.5227931332873682,1.1526731827924694,0.20586543358830628,-0.8189162257267606,-1.0147431922559524,0.45177908995469984,-1.152958327222014,-0.8130773379721395,-0.48984600383313015,0.28043211006144775,0.5835207318720798,374.72,908.0,0
-0.7100170331008595,-1.296708570186106,0.8162628014724894,0.6756187426079024,0.4693898328861845,0.3752755881887358,-0.397280701251242,-0.1776101209156868,0.07584540003641482,-0.8429185154143444,0.3834531796349783,0.1192126409746784,-0.13538539023528723,0.9125079578791583,-0.1010467210328308,0.659626568163297,-1.1886839517805003,0.8402097807132324,0.6041774821983296,2.161817941137746,1.6009036925001596,0.936354152450869,-0.5387732638157791,-0.8852572875607955,-0.7250044758094781,0.509483294160168,1.294237397528483,-1.2109071508200153,432.98,910.0,1
-0.8434152995883616,0.03340782037497296,-1.1355401732097514,-0.42281213529379247,1.2447625213365057,0.7214579627868983,0.8295318964498595,-0.9844975140430924,-1.7459165570503765,-0.4290255519602415,-2.3276066070091983,0.45259612582547115,0.7473710730767994,-0.7856611930952911,0.5820984052128879,0.5766942172325557,-1.1211698157201273,-0.3998466440257348,-0.46785977419361974,0.9328122369264712,0.732365306804307,0.5722954753701536,-0.5612218268293419,1.3657102608873568,0.18120717280528487,0.4955705230414336,1.7306270394450654,0.662367553637271,208.2,912.0,0
-0.1197728184011313,-0.4980527198284851,-1.7338837675946863,-1.5663976863643303,0.8557941120866089,-1.9758785998779718,1.0112921047079566,0.8033935605370711,-0.864981189906715,0.18157808932713435,0.5761949985211665,0.09196144225851943,1.231223522980595,-1.3920958816257822,0.5041659107385048,-0.6089150579477841,-1.7381225961760554,-1.1602265247788035,-0.5244854351299032,0.023254600177561074,-0.9010863285190891,-0.506095977530605,-0.39596895320865916,-0.8795501963037589,-0.5665566889561958,0.5729549523131172,1.6489609377517076,0.2083334443321681,432.68,914.0,0
0.13163174434918568,-0.08037742525263601,-0.3909011868845788,0.5757713840147617,0.983168091569685,-1.1616359589304501,1.0382834953855895,1.6254538417722724,-1.0076164965503476,0.9206859718886631,1.6353793334426037,0.7158636017706195,-0.17596271256984522,0.7788258944398807,-0.8125190178938152,-0.3125441558590354,-0.7326458912726003,-1.3472004948540728,0.04151115264154473,0.3040457854545152,0.6623495014421318,-4.478522288805477,0.18269631896479988,0.07885470777375661,-1.0907342932608328,-0.4444265199335841,0.7542896703992832,0.09739894606070588,322.93,916.0,0
-0.017753318528466466,0.8929229762916555,2.3148389421243505,-0.2425731502991529,0.246771571458488,-0.8915885335239647,2.1447796350832506,-0.5398142101308535,-1.8078914125144439,0.6217825299070333,-1.6101717090603433,1.2950289832142339,0.5892936201246757,-1.0279142178251992,0.670578634814385,-0.3338077899206209,0.42678258483513215,-1.2813510622068875,-1.3428420924509483,0.31786964517599453,1.8838828244220576,-0.6451346946859593,-0.7207833974621772,-0.33871818310727775,-1.3233778832913181,0.5528058032861786,0.9020291563425596,0.48221381234235366,67.81,918.0,1
-0.16976139111629293,-1.0248244275303857,2.063298180544063,-0.857441383399875,-0.8811529870291182,-1.791851100444405,-1.421764836391158,0.34961636134527346,-0.4267792300913269,-0.8638851445554366,-0.7978013644885834,-0.5137569508891858,-0.6643855336652825,1.4026670959554037,-0.37195977351769194,0.1457879151877806,0.05920684075976358,0.09315938091060968,-0.3706195977017753,-0.47426250958884997,0.6431112985801718,0.21967224611500796,-0.7585358815209579,-2.85985166219388,-0.6069569680151266,-1.36033122058669,-0.9232731163163072,-1.3221282360503226,19.37,920.0,0
1.1595605501069055,1.1524891164500897,0.7580317870254484,-0.3338603259187658,-0.6659013201759213,-1.4944674448275723,0.9143951955227455,0.8686225484872216,0.4927755543675142,-1.1085866705083027,-0.3370533874256054,-0.1194801408907421,-1.7669218861742957,1.4288266024692198,-1.3517180170753589,-0.7796162312419074,-1.7718585405608491,-0.2035614268732913,-0.24853547315560065,0.9801541190785293,-0.9475664279766811,-1.0853211942537164,0.08017001106904707,-2.0754506719717902,1.3314865231490116,-1.3216395709857278,1.8169973476941095,-0.7920450212446721,122.02,922.0,0
-1.4268806683253585,0.5830810168516943,0.5255087207345113,0.5497500952228328,0.10058882740866514,2.239721929999064,-1.3495096753533995,1.3615913903270374,-1.6089048669446206,1.651895460480749,0.35260638401249195,1.5593654324775112,0.892128365299519,-2.174614607758423,-0.3379987016471785,-1.2532165733101892,1.4937658163613212,0.8005968630394585,0.1514159078711915,-0.412483596701062,0.42352784606205707,-0.9581443542621856,0.28132687994837363,-0.12326691618069893,-0.8167746402121729,0.6954605834793397,1.8858108922488321,-1.4283407575495208,189.18,924.0,0
0.9446984637177005,-0.8073723439720433,0.584017008458805,-0.6171670339377235,-0.29971175462368677,-0.20080549504325973,1.3613433222769207,-0.09204414749678139,-0.3391773082823718,-0.08288919182234523,1.8960832435518016,0.5600868526043014,-0.6104462021158659,1.4981518918910899,0.1805638741880021,-0.8628812189496059,0.3937057466979948,-0.15016750251527508,-3.382214362791926,0.3307473252002367,-1.07536928159791,-1.272661501784727,-1.9430933561307187,0.1281904981813234,-0.14753071653672908,0.9490826237475269,-0.7974858717312995,-0.4813028525837194,418.79,926.0,0
1.9795673013243793,-1.97492237755158,1.2158972608743683,-0.7797902867408337,3.114749002777726,0.7221547663768754,-0.6279787611187829,-1.3937559569235811,0.4092494527202589,-1.9098086970283168,0.6885164361772196,-1.3937298228634234,-0.9698578627353591,-2.8026107904285382,0.1301369176997051,0.2793919220472091,0.028368498891839917,-1.722300099627042,1.4346437569674118,-0.16204782120130004,-0.5217986847464028,0.8032255605245203,-0.4403190700947759,0.4412160049312346,-0.7802680859612484,0.8161578938597728,0.790483628481777,-0.45318208834429324,370.62,928.0,0
0.15225902275777226,-0.024806707527733136,-0.1250947843245039,-1.1879664073622822,-1.0473318017452722,-0.38527720003929894,0.06882647021205958,-0.8835772192726263,0.01444576870664823,-2.289355121537986,0.0029006248807657196,0.07711360290090409,0.8187288360195736,1.4226708322521013,0.6843935168768712,1.7974179599380784,-0.0292822561480185,0.04629587286022625,0.8066809042333004,-0.10686416480785614,-0.3309217502479668,1.3742163093412731,0.7237020339030581,0.6597418430381006,-0.8642716719010296,0.9437177392107827,0.08229033983712261,-0.989654214759941,477.69,930.0,0
0.6969274644194488,-1.1990611827835864,-2.4076548433467515,-1.8050966502568508,-0.24846620974072872,1.5410950893770377,0.3128046999883243,-0.10248313581914485,1.3191368654420343,0.510251952876084,1.0240082550725775,0.9723015152694593,-0.31372917815402895,-0.23165248813743206,-0.8334585902880411,0.8307508111328856,-1.2276205721786706,-0.8859732986983866,-0.07001443880691198,0.10992627991129886,0.5866644094253985,-0.04163754936976887,-0.3636989907826565,0.7230437733934048,0.9143053146445108,-1.6997949327568571,1.0695436245027723,-0.32681834293981765,279.59,932.0,0
1.5980732460404525,-0.6501811519263848,-0.9945083506839497,0.6480277108639168,2.1308123916173325,-1.6227525153641111,0.838392971982411,0.5603238843283771,-0.032618385728137134,2.0733306008720414,-1.913279009158756,1.1124450576758635,0.9728631577547874,1.1974236620224086,1.070722281959013,0.23536129605215936,-0.30507469286518374,-0.6103740434844209,0.5877180621546703,-0.0062405427722880815,-0.21075399027435418,-0.5537014149624461,-0.40763095622907325,0.777024975577672,0.018615463508497566,1.2092172185351224,-1.353075944633581,0.6205410697207789,373.87,934.0,0
-1.0081047077419967,1.209201502311439,1.235890309899062,-1.4102517977062508,-0.7655756545525233,-0.7228096371934584,1.2625801891613782,-0.5940808570382876,0.6900087582370844,-0.6611891326560946,1.0754503822430408,1.1746923749519227,1.669900546636963,-0.17144205018004974,0.0027886960018669617,-0.139119474193176,0.026381148868043245,-0.42560933873483586,1.057057168290192,-0.7606826864812379,-0.14457836594464157,0.19259317105993184,0.49044376240207893,-1.1908167133830003,-0.24587638255567731,0.022084657147435193,0.8022724734892378,-0.21358762457161445,137.65,936.0,0
-0.10215647629803966,0.13743971571293204,1.0492055438174832,-2.0515684268659005,0.10604967555193191,1.169348728716164,-0.8271861911211232,-0.752860741138354,1.224222411573981,-0.34909019750383785,-0.31964168198286225,0.27718599738141436,-2.983932741436764,-1.8184182836023473,0.5795059819423658,-0.24486838393386814,-0.1603000165473523,-0.6573355157012702,-0.27499514544358067,1.1920325985342894,0.1319655566019052,1.059516990372666,-0.1543869494166375,0.019319377725707687,0.32553420588185894,0.526559217917296,-0.8474073075538474,-0.025808888618631173,339.79,938.0,0
-0.67535089297909,1.5090153768240329,-1.724222857104935,0.5860804903131819,-0.7733799529429677,-1.1349341006955547,-0.3022300368019311,1.2903039360596666,-0.6422872151546583,-1.8042416476381968,-0.9443551412333039,0.12369569508961095,-1.6166864064114945,0.7212281920076732,-1.581195191279979,-0.48219347773586296,0.8189872752630003,-0.5022220995748643,-1.3431761658739385,-0.09082671021090924,-0.4933090351240895,1.2117857311517517,0.8219797480807941,0.5063290722731925,0.021554752160186798,-0.2188252263475784,-0.22406490279247548,-1.709656498597465,353.08,940.0,0
0.0029468885659415384,-0.7925048708050512,-0.08561913092212121,0.052161672512594515,-0.48559753087221075,0.9330981207045566,-1.0749480738555788,-0.4939722097333855,-0.3283853086351362,1.1554628261860573,0.031061747459672547,-0.017384146528721015,0.8705130635554745,-0.5220601020484592,0.8751603667989681,0.3977995626997834,1.2375007025379259,-0.3790559956788136,-0.29444828245302873,0.1421549712629643,-0.0608029818409991,0.7676713698411167,-0.21645383069223195,-1.0603398250581455,1.3545328652753694,1.915224504684222,-1.56753492869704,0.4801822967083555,424.21,942.0,0
0.7471381877884804,0.24335654805771476,1.5738820193963414,-1.341895479708069,-0.5637060877597598,0.10681240053982811,0.919871675484911,1.2073136416157249,-1.2058847366391576,-1.7763404344454725,0.7795636838560004,0.11656482788611816,0.16437425781744772,0.8038300468109024,-0.8099409435768208,-0.23983428692892209,0.5236916170403977,-0.9508169846106909,-0.5423582153127526,0.10485134072063199,0.5235404696957444,-1.4462947995089643,0.6670624031106949,0.436811022430067,-0.842261237667405,2.2492244722009183,-0.9505438117742508,0.7345167457184242,268.21,944.0,0
0.27754418226575334,-0.4136020101755253,0.09024197899169716,0.533660806108274,2.8546831023388184,-1.44854271339584,-2.7111091862912433,-1.0101424148375322,-0.030125983976861937,0.6654898133535854,0.09646602463233933,-0.15219150218763836,1.5366684155243187,-0.7908825990890151,1.662518064316624,0.6205340896290912,1.4996091879804756,-0.9429193821657479,-0.35219706338437057,-1.4612500256505339,0.30019523877250437,0.3209324851629386,2.0085057342887778,0.08081318460761375,-1.5172693973057967,0.9441934794130628,-0.9133317525058636,-1.2695004174871574,324.51,946.0,0
0.7019800557636997,-0.7678698060022716,-0.5989009966364829,1.4024877941075933,0.5135602881106522,0.5970156789382746,-1.3764343527161778,0.7055444674621592,-0.27742870832906513,-0.44411199537838053,0.40849483045724577,0.00831510522813468,-1.4632805995919371,0.9520023763103763,1.0475454345859831,-0.5873476202728749,0.6089115549031106,0.9135007116842426,-1.8686692557395346,-0.5152345669889775,-2.1773951276577597,0.6340437332205592,0.44650609658162493,-0.6552815340694342,-0.1502365074945477,-0.368127485555317,-2.040341434338791,1.3003256102431284,101.53,948.0,1
0.25517491779459767,-0.14427040764898694,-0.13778781330127948,0.7077306667798655,-1.5868299580101224,-0.8753709952874789,0.21296734019462318,1.1155728648186096,-2.4100217428996786,0.9960723391189651,-0.7080174418244946,-0.2865753069362259,0.033811696231355395,-1.10483849577285,-1.2402592672403125,0.2075438743563971,1.8948450455526915,-0.9461928026595009,-0.9540578704734843,-1.2237373653956554,-0.2255552926704215,-0.9826430454000722,-0.9611157780690142,0.21017451745325122,-1.4445434257094563,1.6223090328925918,-1.1757648683315356,1.1314377449686899,368.38,950.0,1
1.9729815705700908,1.198087963489708,1.0737884756291727,0.7961604226379327,0.21377154754883568,1.178803712927434,-0.26058475381619634,0.8652218950725125,1.107780586896977,0.508512340643914,-0.2692968706141016,0.48812903545922776,-0.3693427461759773,-0.543821282301384,0.7876701534354056,0.14620225876121962,0.7757726478550395,0.1525876419256268,0.509487426329461,1.398325210710112,-0.16210586025741738,-0.40357418814518387,0.429775834085381,-2.5788170187606396,0.7088659177944151,-0.8621157284245081,1.6759051433611765,0.7897482029384721,419.21,952.0,0
0.9160884721512306,0.939686404909751,-0.45920103380525334,-0.26009129092500577,-1.6919032711322832,1.4945181479168874,-1.2881821436698335,-0.014829958409310555,1.2250406433846874,1.5342450529222726,-0.2508425489059847,-1.706085236423949,0.23107273019553737,0.3331353418183397,0.4239507429325185,-0.305558568260862,-0.13806145495960762,-0.6940444430149357,0.1587155967502687,0.8017916341308329,0.2632498739630526,-0.043962277504070606,1.123806421741812,0.2565215729984136,0.031002272940776922,0.07766622294202924,-1.2103747537347431,-1.0900694687394914,296.87,954.0,0
-0.12423424535768846,-0.7374162779146215,-0.04524453643105369,0.8567083150145297,0.7057306076839162,0.3925505845152466,0.8447479986365316,1.0303283858413443,0.9941695985639312,0.9695042333974171,-1.198814574909841,-1.8911409619755957,-0.7802275826650147,-0.45679088144890617,0.9285985210469118,-0.09648572462679421,-0.4798176140313472,0.16353370610282156,0.5358310171616424,0.7757478424264387,-0.41302569571544495,-0.9570143299339748,-0.7785522267833893,0.12012418094556933,-1.0522669757939982,0.9483013104581817,-1.0426621063076242,-1.5575303231962994,57.85,956.0,0
0.15535357693896257,-0.276005615074908,0.47119830213880876,-0.4990667685646405,0.40312955556346564,1.0072035785432367,-0.6233466034598226,0.5125874113196797,1.795775776609906,0.771323045044268,-0.7932211324153197,0.33485727032697493,-1.301619947216956,-1.1577047415472934,1.4917548638097935,0.40790788007396883,1.5383801641789558,0.4261504164268343,-0.5454106196833517,0.04318114735218325,0.26813157665718573,2.2136112036208226,0.70302326770738,-0.7434484579922509,-0.19335912204273714,0.47279499976945333,-1.0880655671209334,-0.017804440271034408,156.44,958.0,0
-0.20481283756708576,0.48579794022446204,-0.09881051269957185,-1.3980821466115734,-0.04547256846378479,0.768235554386366,1.4452017284428524,0.9621091138852256,-1.5957413634620419,-1.336285131838213,-1.0572428126002522,1.505603713679126,0.4949876096223414,2.63932125111147,1.2844221924098567,0.0953905972425176,-0.45548009190006444,0.3741706948163813,0.8411056411311058,1.210942429663306,-0.2890056580549018,2.1919873810035284,-0.04435288060065447,1.1832109029451072,0.33672748409788605,-0.35431389674725483,-1.9636010791297045,-1.238858595890728,237.76,960.0,0
1.176735539315917,0.7523372960495602,0.5926524254057343,1.554153243303498,-0.9792147934743612,-0.4720274551606999,-0.40436628546340864,-1.338749741102591,-0.7991628280082879,-1.0724997701070815,-1.5698603005816048,-0.896925392044678,-0.06582225190733994,1.7871009073866504,-1.0192476327720337,1.0734627581441796,0.2211822434859975,0.43697042712192824,0.14478648953144524,-1.8535052301015995,-1.0516628156363796,0.5735795512685687,0.04618989443453159,-1.6457035794302544,-0.21747134659871722,0.5923626179587759,-1.2538267370692728,-0.39663745212913004,338.58,962.0,0
1.5183647942386302,0.5893165148959065,1.5866608623356662,-0.37634695858784845,1.0816850766734418,-1.0315729414438575,0.8303246638786058,-0.714957498248787,0.45715925377597644,0.5077052087773923,0.688233341849421,-1.008091665264177,0.31642978798698645,0.02509135489195859,1.2544204116724655,-0.6401474477271699,-1.3061927972269274,-1.6453254979943162,-0.285680224111015,-0.42687388084165506,-0.30062318480831546,-0.29596234850861636,1.3944156701254897,-0.1470150566233853,1.1312859666930632,0.38428078932819676,-0.9127870729919536,0.008465501353239941,160.17,964.0,0
1.5455265422591238,1.015168619331557,1.2025089970562104,0.5048259796790453,-0.4772638556031463,1.6400510401480142,0.5594873854961444,0.9309019699624608,0.10853667395589868,-1.0333864744971126,0.3949470748609232,1.6939480823581259,0.8082536586487585,0.5538353283032031,-0.8598879527362696,1.5230437319913035,1.347240269087789,-1.782256904852561,0.9289154738552565,-0.24945581348201804,0.29167679940563973,-0.8175938278465102,0.12076771087451768,-1.1002817713472386,-0.8032398782203716,0.517695277197764,-0.7568214094360196,0.42891151504462904,420.15,966.0,0
0.10971985014457365,2.381968135893579,-0.6467982071656553,-0.33621915599756125,-0.7164869165513815,1.4297271113944006,0.10647288378522343,-0.16138189556420862,0.7702992620345553,-0.8701596157594107,-1.3421651882152448,0.28514903323826535,0.1621260931494962,-0.736476243069468,0.3556106029960117,1.8498621973867424,0.4476436401971237,-1.9822048854104144,1.4171072061520298,1.989357420612601,0.529133325259333,0.17131982015783542,-1.547472950405885,-0.8655519364746019,-0.3069371295695631,-0.7344410931703765,-0.509407310840888,0.12350510714418059,185.9,968.0,0
-0.6845423311979185,1.5194580798391901,0.07443897004334536,0.5045377097658044,0.5093004191681524,0.3826470676976861,0.0474531160806478,0.999470201598114,1.209175597469766,-2.0632306019569393,-1.437146723619142,-0.5427972493120694,-1.1155778821132027,-0.7350635805028088,-0.45282925231965265,-0.25690790626920657,-1.491151247404545,-0.4142370201834556,1.4226759315733102,-0.2513966704131788,0.5919782636963774,-0.06730568503169038,0.11488374642525874,-0.11550631084366922,0.7429923433085787,-0.8208840923000508,0.17104885207594267,-0.5769759436389282,21.43,970.0,0
0.6702018609200677,-1.1079640748815502,0.6505518153968043,0.20855530208805573,-1.264707044079623,1.746119881447655,0.5578395020187228,-1.0856709317139972,0.15674622656739062,-1.639327917338103,-1.7144424755382626,1.1962484362498762,-1.200092888427668,0.7873383004385003,1.1672561626565265,-0.9840270467258534,2.0799762567951534,0.0927209833242762,0.04835780365576957,-0.9982162518546935,-0.9801387150125465,-2.1939530213398726,-0.7768539395014304,1.1662624907249484,-1.0182205715205224,-0.9312424073266211,-1.2862280888309934,-1.3612640756195442,397.0,972.0,0
0.8875753659133873,-1.2148515534351578,-0.13174264069731725,-0.3552898000160094,0.9566175028461738,-0.8362931307319059,-0.4309351570000299,-1.0924231290987567,-0.6402354756160041,-0.9013630370494848,-0.14470952760797803,1.6008608123314565,-0.20352421587153044,1.1747398570335101,0.9450089010404218,-0.042604201619999,0.9615401838992422,0.23067188264719166,-1.4288499197250164,-0.03888163560682953,0.2059541018421014,1.7629683942031154,-0.9316591427992701,0.4578250557951102,-1.2307934007896677,1.5429159370851064,1.223709993212651,-1.198923341959756,322.12,974.0,0
1.7411491232969423,1.0770895342590667,1.2652056916478573,1.5698933830756918,1.1261689091393843,-0.3362843674989955,1.5023190685744763,-0.8932529035903695,-0.7753788815300137,-0.45534416641367426,0.33358473119732934,-0.9178534260155604,-1.1977649823329932,-0.916065383234988,-0.36317609419041375,0.07048622343657632,-0.7612114981518925,-1.2114936520799613,0.3898126124842765,1.804986724740171,-0.41465332779884395,0.891948883500935,0.002105251373172561,0.6373224977105155,0.8153078097656018,0.004859687543608257,-0.9832861048430409,-1.230363440598668,400.98,976.0,0
1.150125354806254,0.6305561335028799,0.9796961039409807,0.6763130463163348,1.0721860109528973,0.22195307876885503,-1.5193663719158266,0.28127782866182405,1.7932417139921888,0.3511717779564911,-1.2295282497289095,0.7347764019753421,2.167789086325649,-0.558271472405172,0.326021159582603,0.4753590082327084,0.20361220439222424,0.7977093017275929,-0.4051747615234417,0.6267777756752217,1.1674495806170002,-0.23580144408684475,0.8055593944086293,-0.37853029063237753,-1.3769333702893887,-1.3797520012154274,0.46119392108150864,-1.8761626207804942,174.45,978.0,0
0.09271581572771759,-0.7906965009139069,-2.193930445557453,0.6824516954183844,-1.4031968634107022,2.3086322237983246,1.6371891953211593,-0.0664590502411126,-2.009559938652127,0.2958384314951815,1.8345337426547195,1.061667798263905,1.1250469196720991,1.5435132013826274,-1.253482965444908,1.0864608815534664,1.9410195856333146,-0.6197469255370224,-0.4020654125580926,1.5530262767892917,1.3947099882135912,-0.870017223388556,-1.294056879485373,-0.11423688359794974,-1.4732714396262918,-0.8589648884051093,-0.6832321086079146,1.1236285580930745,8.82,980.0,0
1.3946006704953677,1.1280755783665979,-0.8239318034408531,-0.08564528364546055,-0.45219226460212275,0.21326906594261347,0.7515735055489263,-0.4764408181769056,-1.014644089106163,1.5736123333808698,1.073634816248497,0.3395615171751751,-1.0636322535261251,0.8665667858544491,-0.16944599862147847,-2.220689098423185,-0.5262914700545837,0.4584181955150139,-0.21615172901206195,0.5093932324839803,0.4665178525219784,-1.0933181419510398,0.6840539007399987,0.7752540581295645,-0.03050945914073204,0.014845568775412482,0.01007188038186634,1.5127299708672113,36.89,982.0,0
0.38258212485801707,0.12496618995494319,0.4701629887731125,0.4489222338644175,-0.09885463926676984,-1.3352250282897309,0.10871526871946373,0.5907769477878966,0.2906680062219036,-0.4982983125072315,-0.195437966280811,0.9929381874825534,-1.6856367185159162,-0.7437476607067953,0.131795493599175,1.0396396147045197,1.8147850828105958,0.8895063928254586,-0.5927686566869014,-1.761796372731792,1.8679589720200138,-0.8416077486243104,0.14594995715715203,-0.11690964900850807,-0.06909413391757051,-1.1661292183917134,1.79608512178758,-0.8748623906746194,55.91,984.0,0
0.15865661132826148,-0.4451419135785441,0.6136883584474262,-0.20922288381771445,-0.3131523188529271,1.0871807910749942,-0.3234339340220389,1.4109514811386785,-1.2334335628753905,-0.2493849708586994,-0.859704019061751,0.030803989359901886,-1.3732883224676549,0.6195362087859823,0.7191562134664506,1.5062013223072712,0.8474104927245781,0.8360873667782353,0.6807224214026093,-0.21805304972958034,1.6188843407984221,0.5543251963793577,2.4738104537102483,1.7537635840206987,0.3466129835717763,0.3955958391860224,0.8320022395786654,1.5838024071325443,402.58,986.0,0
-1.5349286413736518,1.3124121587968651,0.37322315903107645,1.0803083482060774,-0.7192801431286939,-0.7643883802912621,0.33935444483484717,0.9761672568516453,-1.2315136500324815,-0.3986818511545833,-1.197711067754512,0.4181540432253344,1.993576926172819,-0.3350466971250485,0.7843600740361452,0.12155713586255774,0.36892131739185635,-0.5962330998789732,0.6547352525324437,-0.20121239564378185,1.791700059654988,-0.5108932192376867,0.9787688802211472,1.9736028113899755,1.1886814550340055,-0.9024181459309779,-0.9973489879003351,0.45328921964135827,150.72,988.0,0
0.06183674605394426,0.5154726283228059,1.1952415709469335,0.08739103598107065,-0.6288156771327728,0.20749687144624107,1.5193373771342937,0.03567928375794953,2.15159005062432,0.885134489537891,0.7898785257568142,-0.5453808212594968,-0.12520685332694992,0.5223241342339628,-0.029713851496153083,1.2610089907918465,0.2133283013554517,-0.5898097683382819,0.352951432069085,-0.3211037903770391,0.7253385712512255,-0.47140274718301745,1.8988973970323602,-1.43813767897184,-0.2742728573382259,0.24377097228960842,-0.4210672883510079,-2.1902151146133058,498.95,990.0,0
2.002529521894005,0.8318333655074657,-1.151307777750659,-1.007908738895004,-1.3679591385927934,-0.04166768656292565,1.5730822075210518,-0.18923302850729032,-0.3555490163567812,1.069370539258184,0.42290565892879955,0.04480791985829133,0.8388037955354571,-1.6615240292402593,0.576929940433854,1.3891039981039754,-1.1308130916682129,-0.2652700653358303,-1.842382028466416,-0.32588083360310477,-0.5377655576877408,1.8138096652664966,-0.35376671425737294,0.40360244634903714,1.4517588076738706,-2.077220877075955,0.23492336932639402,-0.999406376951102,379.2,992.0,1
-0.9757028231472883,-0.754257369621744,-0.3888372088998196,-0.9275260763118682,-0.31147311729089733,1.0686686614366827,0.5863295230777222,2.819077614703326,0.28661485118307733,0.700022478553684,1.3575057230231635,-1.0826689602373538,1.334599368902722,-0.8802853087292878,0.5261335607146493,1.0138192368213195,-1.8491908797037406,-0.3155673607236687,-0.018073390575809742,-1.0693321848474227,0.3836532997161949,1.7463568541143693,-0.9200969721941274,1.2367061422508416,0.5416408017639912,-1.305488912123599,-0.366687541187035,0.3091810769823735,300.58,994.0,0
1.6370045055023816,0.8514155902266731,-0.6363066108978217,0.44522950508742876,-2.753375933780883,0.9528754031376457,-0.7160889188851425,-1.0059119348132406,-0.2646368364939186,-1.1956119999140098,-0.1466783136045462,1.1035976353933776,-1.9242833112383733,-0.022093251811656223,-0.10734096659751288,0.5691988492778154,-0.13592276441435178,1.0057046927019526,1.4185596846908963,1.08635900452229,-0.6766100535533898,1.9947500932263276,-1.0956895656233014,0.773460355682333,1.2114928026628493,2.1410536394691353,1.0691263204665173,-0.6964618284044124,491.81,996.0,0
0.9798200671698705,-0.07216012762566264,1.1655574668673507,0.25609841978533415,1.4920072398351298,0.09183254530511131,1.0028728318496332,-0.5543624277631342,1.2465799551233643,-2.083184672900698,0.7695445225143432,0.43201805744451616,0.21551518081632362,-2.102670242939629,-0.4292968784622097,1.2692079537216658,-0.7769268657414394,-1.4022652329113103,-1.0098169343686842,1.255365868994324,0.5242553569382365,1.4881294691223168,0.7621196977088863,-0.8020590013187487,1.8917398330071553,-0.5440855897536948,-0.7612757575813451,0.31724778206828974,158.16,998.0,0
